market,title,read
QB passing,Where the error lives,Volume is the larger source of error (52.74 yds from volume vs 49.61 from rate). Fix the volume model first; tuning the other half cannot recover this.
QB passing,Volume bias,"We under-project attempts by 0.43 per player (projected 30.48, actual 30.9)."
QB passing,Rate bias,"yards per attempt is over-projected by 0.04 (projected 7.2, actual 7.15)."
QB passing,Opponent adjustment is costing accuracy,"Error with the adjustment 65.41, without it 63.57. Removing it would be more accurate on this sample."
QB passing,Against the closing line,Beat the line on 21/61 (34.43%). Our MAE 65.41 vs the line's 58.14. The book is the better projection.
RB rushing,Where the error lives,Volume is the larger source of error (14.66 yds from volume vs 13.59 from rate). Fix the volume model first; tuning the other half cannot recover this.
RB rushing,Volume bias,"We OVER-project carries by 0.12 per player (projected 10.51, actual 10.39)."
RB rushing,Rate bias,"yards per carry is over-projected by 0.17 (projected 4.04, actual 3.87)."
RB rushing,Opponent adjustment is costing accuracy,"Error with the adjustment 24.66, without it 23.93. Removing it would be more accurate on this sample."
RB rushing,Against the closing line,Beat the line on 34/111 (30.63%). Our MAE 25.5 vs the line's 20.35. The book is the better projection.
WR receiving,Where the error lives,Rate is the larger source of error (19.41 yds from volume vs 21.51 from rate). Fix the rate model first; tuning the other half cannot recover this.
WR receiving,Volume bias,"We under-project targets by 0.33 per player (projected 5.34, actual 5.67)."
WR receiving,Rate bias,"yards per target is under-projected by 0.5 (projected 7.94, actual 8.44)."
WR receiving,Against the closing line,Beat the line on 67/164 (40.85%). Our MAE 29.48 vs the line's 26.55. The book is the better projection.
