captured_at,date,game_id,matchup,away,home,week,kickoff_utc,model_version,home_qb_name,away_qb_name,qb_diff,off_diff,def_diff,h2h_edge,h2h_repeat,home_prob
2026-09-21T17:07:03.107Z,2026-09-21,2026_02_NYG_LA,NYG @ LA,NYG,LA,2,2026-09-22T00:15:00.000Z,leo-nflml-v2,Matthew Stafford,Jaxson Dart,-0.6180271144752153,0.44415359240325114,0.8596268765290239,1,0.6931471805599453,0.5886602619204074
2026-09-24T17:37:09.555Z,2026-09-24,2026_03_ATL_GB,ATL @ GB,ATL,GB,3,2026-09-25T00:15:00.000Z,leo-nflml-v2,Jordan Love,Michael Penix Jr.,0.4365773397601756,0.1725307510550157,-0.248987516419871,0,0,0.5766401538763332
2026-09-27T12:07:00.796Z,2026-09-27,2026_03_LAC_BUF,LAC @ BUF,LAC,BUF,3,2026-09-27T17:00:00.000Z,leo-nflml-v2,Josh Allen,Justin Herbert,2.6156878928673537,2.755624925902679,-0.8017700318667227,1,0.6931471805599453,0.8458907846777522
2026-09-27T12:07:00.796Z,2026-09-27,2026_03_CAR_CLE,CAR @ CLE,CAR,CLE,3,2026-09-27T17:00:00.000Z,leo-nflml-v2,Deshaun Watson,Bryce Young,-0.8592780039794912,-1.2907678485314211,0.9455291912770354,0,0,0.41807839649290257
2026-09-27T12:07:00.796Z,2026-09-27,2026_03_NYJ_DET,NYJ @ DET,NYJ,DET,3,2026-09-27T17:00:00.000Z,leo-nflml-v2,Jared Goff,Geno Smith,1.4639751395970682,1.461225272250065,0.054079266436204504,0,0,0.7498816890997414
2026-09-27T12:07:00.796Z,2026-09-27,2026_03_HOU_IND,HOU @ IND,HOU,IND,3,2026-09-27T17:00:00.000Z,leo-nflml-v2,Daniel Jones,C.J. Stroud,0.5940897712352406,1.4760989058674598,-1.957877166331717,-1,-1.791759469228055,0.6255449635459948
2026-09-27T12:07:00.796Z,2026-09-27,2026_03_NE_JAX,NE @ JAX,NE,JAX,3,2026-09-27T17:00:00.000Z,leo-nflml-v2,Trevor Lawrence,Drake Maye,0.7509727519288186,0.59468819160482,-0.5298890119213023,1,0.6931471805599453,0.6203066176951285
2026-09-27T12:07:00.796Z,2026-09-27,2026_03_KC_MIA,KC @ MIA,KC,MIA,3,2026-09-27T17:00:00.000Z,leo-nflml-v2,Malik Willis,Patrick Mahomes,-0.46699188462186947,-1.1132491378679936,-1.4265876162609294,-1,-0.6931471805599453,0.351567046660228
2026-09-27T12:07:00.796Z,2026-09-27,2026_03_TEN_NYG,TEN @ NYG,TEN,NYG,3,2026-09-27T17:00:00.000Z,leo-nflml-v2,Jameis Winston,Cam Ward,-0.11942637094817721,0.31684742275850447,-0.3867049847664745,0,0,0.5499079813291399
2026-09-27T12:07:00.796Z,2026-09-27,2026_03_CIN_PIT,CIN @ PIT,CIN,PIT,3,2026-09-27T17:00:00.000Z,leo-nflml-v2,Aaron Rodgers,Joe Burrow,-1.415702445851538,-0.9410666966962824,1.050060450889902,0.3333333333333333,0.648636716351771,0.42124513672735653
2026-09-27T12:07:00.796Z,2026-09-27,2026_03_SEA_WAS,SEA @ WAS,SEA,WAS,3,2026-09-27T17:00:00.000Z,leo-nflml-v2,Jayden Daniels,Drew Lock,-1.0663935036720589,0.10668597237796706,-3.060943351256224,-1,-1.0986122886681096,0.35178287857423
2026-09-27T12:07:00.796Z,2026-09-27,2026_03_ARI_SF,ARI @ SF,ARI,SF,3,2026-09-27T20:05:00.000Z,leo-nflml-v2,Brock Purdy,Jacoby Brissett,2.13616836775483,1.505603149693764,0.1186516509501534,0.3333333333333333,0.648636716351771,0.7844502263743846
2026-09-27T12:07:00.796Z,2026-09-27,2026_03_MIN_TB,MIN @ TB,MIN,TB,3,2026-09-27T20:05:00.000Z,leo-nflml-v2,Baker Mayfield,Kyler Murray,-0.2260074940626544,0.589585264611429,-1.4220254876724299,0,0,0.5204534761894367
2026-09-27T12:07:00.796Z,2026-09-27,2026_03_BAL_DAL,BAL @ DAL,BAL,DAL,3,2026-09-27T20:25:00.000Z,leo-nflml-v2,Dak Prescott,Lamar Jackson,1.379007277905062,-0.5002801115573501,-1.515807855758356,-1,-0.6931471805599453,0.5132533997808062
2026-09-27T12:07:00.796Z,2026-09-27,2026_03_LV_NO,LV @ NO,LV,NO,3,2026-09-27T20:25:00.000Z,leo-nflml-v2,Tyler Shough,Kirk Cousins,-0.0364601894785907,0.9143966349157893,-0.7370593436673701,-1,-0.6931471805599453,0.5932872009126656
2026-09-27T12:07:00.796Z,2026-09-27,2026_03_LA_DEN,LA @ DEN,LA,DEN,3,2026-09-28T00:20:00.000Z,leo-nflml-v2,Bo Nix,Matthew Stafford,-1.5197644981076537,-0.9239483072249836,0.29416719817791737,0,0,0.3826425671123973
2026-09-28T19:53:22.339Z,2026-09-28,2026_03_PHI_CHI,PHI @ CHI,PHI,CHI,3,2026-09-29T00:15:00.000Z,leo-nflml-v2,Tyson Bagent,Jalen Hurts,-0.9406623835000115,0.9602148421728376,-0.7625877768777314,1,0.6931471805599453,0.5418090950148556
2026-09-29T00:46:56.003Z,2026-09-28,2026_03_PHI_CHI,PHI @ CHI,PHI,CHI,3,2026-09-29T00:15:00.000Z,leo-nflml-v2,Case Keenum,Jalen Hurts,-1.0086219143373985,0.9602148421728376,-0.7625877768777314,1,0.6931471805599453,0.5376599429974643
2026-10-01T18:36:44.904Z,2026-10-01,2026_04_PIT_CLE,PIT @ CLE,PIT,CLE,4,2026-10-02T00:15:00.000Z,leo-nflml-v2,Deshaun Watson,Aaron Rodgers,0.884610050951754,-0.8271280242067521,0.38290338124579254,0.2,0.358351893845611,0.5412116993761621
