date,graded_at,game_id,matchup,away,home,week,model_version,market,status,leo_side,leo_value,market_value,market_price,edge,actual_value,result,market_result,beat_market,abs_error,brier,variance_class
2026-09-20,2026-09-21T12:58:40.966Z,2026_02_CAR_ATL,CAR @ ATL,CAR,ATL,2,leo-nflml-v1,moneyline,frozen,ATL,0.691,0.417,130,0.274,CAR,L,W,N,,0.477,good_pick_lost
2026-09-20,2026-09-21T12:58:40.966Z,2026_02_CAR_ATL,CAR @ ATL,CAR,ATL,2,leo-nflml-v1,total,frozen,Over,49,43.5,,,37,L,,N,12,,bad_pick_lost
2026-09-20,2026-09-21T12:58:40.966Z,2026_02_CAR_ATL,CAR @ ATL,CAR,ATL,2,leo-nflml-v1,spread,frozen,ATL,6.6,-2.5,,,-31,L,,N,37.6,,good_pick_lost
2026-09-20,2026-09-21T12:58:40.966Z,2026_02_NO_BAL,NO @ BAL,NO,BAL,2,leo-nflml-v1,moneyline,frozen,BAL,0.758,0.751,-360,0.007,NO,L,L,N,,0.575,good_pick_lost
2026-09-20,2026-09-21T12:58:40.966Z,2026_02_NO_BAL,NO @ BAL,NO,BAL,2,leo-nflml-v1,total,frozen,Over,49.4,45.5,,,41,L,,N,8.4,,bad_pick_lost
2026-09-20,2026-09-21T12:58:40.966Z,2026_02_NO_BAL,NO @ BAL,NO,BAL,2,leo-nflml-v1,spread,frozen,,9.2,8.5,,,-7,,,N,16.2,,push
2026-09-20,2026-09-21T12:58:40.966Z,2026_02_MIN_CHI,MIN @ CHI,MIN,CHI,2,leo-nflml-v1,moneyline,frozen,CHI,0.623,0.645,-205,-0.022,MIN,L,L,Y,,0.388,bad_pick_lost
2026-09-20,2026-09-21T12:58:40.966Z,2026_02_MIN_CHI,MIN @ CHI,MIN,CHI,2,leo-nflml-v1,total,frozen,Over,52.9,46.5,,,12,L,,N,40.9,,good_pick_lost
2026-09-20,2026-09-21T12:58:40.966Z,2026_02_MIN_CHI,MIN @ CHI,MIN,CHI,2,leo-nflml-v1,spread,frozen,,4.1,4.5,,,-6,,,Y,10.1,,push
2026-09-20,2026-09-21T12:58:40.966Z,2026_02_CIN_HOU,CIN @ HOU,CIN,HOU,2,leo-nflml-v1,moneyline,frozen,HOU,0.689,0.572,-148,0.117,CIN,L,L,N,,0.475,good_pick_lost
2026-09-20,2026-09-21T12:58:40.966Z,2026_02_CIN_HOU,CIN @ HOU,CIN,HOU,2,leo-nflml-v1,total,frozen,Over,51.1,45.5,,,26,L,,N,25.1,,good_pick_lost
2026-09-20,2026-09-21T12:58:40.966Z,2026_02_CIN_HOU,CIN @ HOU,CIN,HOU,2,leo-nflml-v1,spread,frozen,HOU,6.5,3,,,-14,L,,N,20.5,,good_pick_lost
2026-09-20,2026-09-21T12:58:40.966Z,2026_02_PIT_NE,PIT @ NE,PIT,NE,2,leo-nflml-v1,moneyline,frozen,NE,0.692,0.664,-225,0.028,NE,W,W,Y,,0.095,good_pick_won
2026-09-20,2026-09-21T12:58:40.966Z,2026_02_PIT_NE,PIT @ NE,PIT,NE,2,leo-nflml-v1,total,frozen,,42.7,41.5,,,23,,,N,19.7,,push
2026-09-20,2026-09-21T12:58:40.966Z,2026_02_PIT_NE,PIT @ NE,PIT,NE,2,leo-nflml-v1,spread,frozen,NE,6.6,4.5,,,17,W,,Y,10.4,,lucky_win
2026-09-20,2026-09-21T12:58:40.966Z,2026_02_GB_NYJ,GB @ NYJ,GB,NYJ,2,leo-nflml-v1,moneyline,frozen,GB,0.505,0.622,-185,-0.117,GB,W,W,N,,0.245,lucky_win
2026-09-20,2026-09-21T12:58:40.966Z,2026_02_GB_NYJ,GB @ NYJ,GB,NYJ,2,leo-nflml-v1,total,frozen,Over,47.2,44.5,,,37,L,,N,10.2,,bad_pick_lost
2026-09-20,2026-09-21T12:58:40.966Z,2026_02_GB_NYJ,GB @ NYJ,GB,NYJ,2,leo-nflml-v1,spread,frozen,NYJ,-0.2,-3.5,,,-3,W,,N,2.8,,good_pick_won
2026-09-20,2026-09-21T12:58:40.966Z,2026_02_CLE_TB,CLE @ TB,CLE,TB,2,leo-nflml-v1,moneyline,frozen,TB,0.731,0.777,-425,-0.046,CLE,L,L,Y,,0.534,good_pick_lost
2026-09-20,2026-09-21T12:58:40.966Z,2026_02_CLE_TB,CLE @ TB,CLE,TB,2,leo-nflml-v1,total,frozen,Over,46.2,41.5,,,42,W,,N,4.2,,good_pick_won
2026-09-20,2026-09-21T12:58:40.966Z,2026_02_CLE_TB,CLE @ TB,CLE,TB,2,leo-nflml-v1,spread,frozen,,8.1,8.5,,,-4,,,Y,12.1,,push
2026-09-20,2026-09-21T12:58:40.966Z,2026_02_PHI_TEN,PHI @ TEN,PHI,TEN,2,leo-nflml-v1,moneyline,frozen,PHI,0.764,0.734,-325,0.03,PHI,W,W,Y,,0.056,good_pick_won
2026-09-20,2026-09-21T12:58:40.966Z,2026_02_PHI_TEN,PHI @ TEN,PHI,TEN,2,leo-nflml-v1,total,frozen,Over,44,39.5,,,44,W,,Y,0,,good_pick_won
2026-09-20,2026-09-21T12:58:40.966Z,2026_02_PHI_TEN,PHI @ TEN,PHI,TEN,2,leo-nflml-v1,spread,frozen,PHI,-9.5,-7,,,-4,L,,N,5.5,,bad_pick_lost
2026-09-20,2026-09-21T12:58:40.966Z,2026_02_JAX_DEN,JAX @ DEN,JAX,DEN,2,leo-nflml-v1,moneyline,frozen,JAX,0.725,0.428,124,0.297,DEN,L,W,N,,0.526,good_pick_lost
2026-09-20,2026-09-21T12:58:40.966Z,2026_02_JAX_DEN,JAX @ DEN,JAX,DEN,2,leo-nflml-v1,total,frozen,,45.5,45.5,,,33,,,N,12.5,,push
2026-09-20,2026-09-21T12:58:40.966Z,2026_02_JAX_DEN,JAX @ DEN,JAX,DEN,2,leo-nflml-v1,spread,frozen,JAX,-7.9,2.5,,,7,L,,N,14.9,,good_pick_lost
2026-09-20,2026-09-21T12:58:40.966Z,2026_02_LV_LAC,LV @ LAC,LV,LAC,2,leo-nflml-v1,moneyline,frozen,LAC,0.619,0.734,-325,-0.115,LV,L,L,Y,,0.383,bad_pick_lost
2026-09-20,2026-09-21T12:58:40.966Z,2026_02_LV_LAC,LV @ LAC,LV,LAC,2,leo-nflml-v1,total,frozen,,43,43.5,,,40,,,Y,3,,push
2026-09-20,2026-09-21T12:58:40.966Z,2026_02_LV_LAC,LV @ LAC,LV,LAC,2,leo-nflml-v1,spread,frozen,LV,4,7,,,-12,W,,Y,16,,lucky_win
2026-09-20,2026-09-21T12:58:40.966Z,2026_02_SEA_ARI,SEA @ ARI,SEA,ARI,2,leo-nflml-v1,moneyline,frozen,SEA,0.716,0.645,-205,0.071,SEA,W,W,Y,,0.081,good_pick_won
2026-09-20,2026-09-21T12:58:40.966Z,2026_02_SEA_ARI,SEA @ ARI,SEA,ARI,2,leo-nflml-v1,total,frozen,Over,45.1,40.5,,,38,L,,N,7.1,,bad_pick_lost
2026-09-20,2026-09-21T12:58:40.966Z,2026_02_SEA_ARI,SEA @ ARI,SEA,ARI,2,leo-nflml-v1,spread,frozen,SEA,-7.5,-3.5,,,-24,W,,Y,16.5,,lucky_win
2026-09-20,2026-09-21T12:58:40.966Z,2026_02_WAS_DAL,WAS @ DAL,WAS,DAL,2,leo-nflml-v1,moneyline,frozen,DAL,0.581,0.664,-225,-0.083,DAL,W,W,N,,0.176,lucky_win
2026-09-20,2026-09-21T12:58:40.966Z,2026_02_WAS_DAL,WAS @ DAL,WAS,DAL,2,leo-nflml-v1,total,frozen,,51.1,50.5,,,57,,,Y,5.9,,push
2026-09-20,2026-09-21T12:58:40.966Z,2026_02_WAS_DAL,WAS @ DAL,WAS,DAL,2,leo-nflml-v1,spread,frozen,WAS,2.7,4.5,,,17,L,,N,14.3,,good_pick_lost
2026-09-20,2026-09-21T12:58:40.966Z,2026_02_MIA_SF,MIA @ SF,MIA,SF,2,leo-nflml-v1,moneyline,frozen,SF,0.835,0.868,-950,-0.033,SF,W,W,N,,0.027,good_pick_won
2026-09-20,2026-09-21T12:58:40.966Z,2026_02_MIA_SF,MIA @ SF,MIA,SF,2,leo-nflml-v1,total,frozen,,45.3,44.5,,,48,,,Y,2.7,,push
2026-09-20,2026-09-21T12:58:40.966Z,2026_02_MIA_SF,MIA @ SF,MIA,SF,2,leo-nflml-v1,spread,frozen,,12.9,13.5,,,22,,,N,9.1,,push
2026-09-20,2026-09-21T12:58:40.966Z,2026_02_IND_KC,IND @ KC,IND,KC,2,leo-nflml-v1,moneyline,frozen,KC,0.755,0.696,-265,0.059,KC,W,W,Y,,0.06,good_pick_won
2026-09-20,2026-09-21T12:58:40.966Z,2026_02_IND_KC,IND @ KC,IND,KC,2,leo-nflml-v1,total,frozen,Over,48.4,46.5,,,63,W,,Y,14.6,,lucky_win
2026-09-20,2026-09-21T12:58:40.966Z,2026_02_IND_KC,IND @ KC,IND,KC,2,leo-nflml-v1,spread,frozen,KC,9.1,6,,,3,L,,N,6.1,,bad_pick_lost
2026-09-21,2026-09-22T14:27:27.018Z,2026_02_NYG_LA,NYG @ LA,NYG,LA,2,leo-nflml-v2,moneyline,too_close_to_call,LA,0.589,0.718,-298,-0.129,LA,,W,N,,0.169,
2026-09-21,2026-09-22T14:27:27.018Z,2026_02_NYG_LA,NYG @ LA,NYG,LA,2,leo-nflml-v2,total,frozen,,47.9,47.5,,,34,,,N,13.9,,
2026-09-21,2026-09-22T14:27:27.018Z,2026_02_NYG_LA,NYG @ LA,NYG,LA,2,leo-nflml-v2,spread,frozen,NYG,3.9,6.5,,,22,L,,N,18.1,,good_pick_lost
2026-09-24,2026-09-25T15:03:23.191Z,2026_03_ATL_GB,ATL @ GB,ATL,GB,3,leo-nflml-v2,moneyline,too_close_to_call,GB,0.577,0.669,-230,-0.092,ATL,,L,Y,,0.333,
2026-09-24,2026-09-25T15:03:23.191Z,2026_03_ATL_GB,ATL @ GB,ATL,GB,3,leo-nflml-v2,total,frozen,,43.8,42.5,,,49,,,Y,5.2,,
2026-09-24,2026-09-25T15:03:23.191Z,2026_03_ATL_GB,ATL @ GB,ATL,GB,3,leo-nflml-v2,spread,frozen,GB,8.9,4.5,,,-21,L,,N,29.9,,good_pick_lost
2026-09-27,2026-09-28T10:39:58.594Z,2026_03_LAC_BUF,LAC @ BUF,LAC,BUF,3,leo-nflml-v2,moneyline,frozen,BUF,0.846,0.734,-325,0.112,BUF,W,W,Y,,0.024,good_pick_won
2026-09-27,2026-09-28T10:39:58.594Z,2026_03_LAC_BUF,LAC @ BUF,LAC,BUF,3,leo-nflml-v2,total,frozen,Under,48.5,50.5,,,40,W,,Y,8.5,,lucky_win
2026-09-27,2026-09-28T10:39:58.594Z,2026_03_LAC_BUF,LAC @ BUF,LAC,BUF,3,leo-nflml-v2,spread,frozen,BUF,11.9,7,,,8,W,,N,3.9,,good_pick_won
2026-09-27,2026-09-28T10:39:58.594Z,2026_03_CAR_CLE,CAR @ CLE,CAR,CLE,3,leo-nflml-v2,moneyline,too_close_to_call,CAR,0.582,0.551,-135,0.03,CLE,,L,N,,0.339,
2026-09-27,2026-09-28T10:39:58.594Z,2026_03_CAR_CLE,CAR @ CLE,CAR,CLE,3,leo-nflml-v2,total,frozen,Over,46,42.5,,,39,L,,N,7,,bad_pick_lost
2026-09-27,2026-09-28T10:39:58.594Z,2026_03_CAR_CLE,CAR @ CLE,CAR,CLE,3,leo-nflml-v2,spread,frozen,CAR,-3.1,-1.5,,,3,L,,N,6.1,,bad_pick_lost
2026-09-27,2026-09-28T10:39:58.594Z,2026_03_NYJ_DET,NYJ @ DET,NYJ,DET,3,leo-nflml-v2,moneyline,frozen,DET,0.75,0.722,-305,0.028,DET,W,W,Y,,0.063,good_pick_won
2026-09-27,2026-09-28T10:39:58.594Z,2026_03_NYJ_DET,NYJ @ DET,NYJ,DET,3,leo-nflml-v2,total,frozen,Over,50.1,48.5,,,55,W,,Y,4.9,,good_pick_won
2026-09-27,2026-09-28T10:39:58.594Z,2026_03_NYJ_DET,NYJ @ DET,NYJ,DET,3,leo-nflml-v2,spread,frozen,,6.8,6.5,,,7,,,Y,0.2,,
2026-09-27,2026-09-28T10:39:58.594Z,2026_03_HOU_IND,HOU @ IND,HOU,IND,3,leo-nflml-v2,moneyline,frozen,IND,0.626,0.468,105,0.158,IND,W,L,Y,,0.14,lucky_win
2026-09-27,2026-09-28T10:39:58.594Z,2026_03_HOU_IND,HOU @ IND,HOU,IND,3,leo-nflml-v2,total,frozen,Over,49,42.5,,,36,L,,N,13,,bad_pick_lost
2026-09-27,2026-09-28T10:39:58.594Z,2026_03_HOU_IND,HOU @ IND,HOU,IND,3,leo-nflml-v2,spread,frozen,IND,0.6,-1.5,,,2,W,,Y,1.4,,good_pick_won
2026-09-27,2026-09-28T10:39:58.594Z,2026_03_NE_JAX,NE @ JAX,NE,JAX,3,leo-nflml-v2,moneyline,frozen,JAX,0.62,0.583,-155,0.037,JAX,W,W,Y,,0.144,lucky_win
2026-09-27,2026-09-28T10:39:58.594Z,2026_03_NE_JAX,NE @ JAX,NE,JAX,3,leo-nflml-v2,total,frozen,Under,40.8,45.5,,,41,W,,Y,0.2,,good_pick_won
2026-09-27,2026-09-28T10:39:58.594Z,2026_03_NE_JAX,NE @ JAX,NE,JAX,3,leo-nflml-v2,spread,frozen,NE,1.8,3,,,29,L,,N,27.2,,good_pick_lost
2026-09-27,2026-09-28T10:39:58.594Z,2026_03_KC_MIA,KC @ MIA,KC,MIA,3,leo-nflml-v2,moneyline,frozen,KC,0.648,0.817,-575,-0.169,KC,W,W,N,,0.124,lucky_win
2026-09-27,2026-09-28T10:39:58.594Z,2026_03_KC_MIA,KC @ MIA,KC,MIA,3,leo-nflml-v2,total,frozen,,45,45.5,,,34,,,Y,11,,
2026-09-27,2026-09-28T10:39:58.594Z,2026_03_KC_MIA,KC @ MIA,KC,MIA,3,leo-nflml-v2,spread,frozen,,-9.9,-10,,,-14,,,N,4.1,,
2026-09-27,2026-09-28T10:39:58.594Z,2026_03_TEN_NYG,TEN @ NYG,TEN,NYG,3,leo-nflml-v2,moneyline,too_close_to_call,NYG,0.55,0.543,-130,0.007,NYG,,W,Y,,0.202,
2026-09-27,2026-09-28T10:39:58.594Z,2026_03_TEN_NYG,TEN @ NYG,TEN,NYG,3,leo-nflml-v2,total,frozen,Over,44,37.5,,,19,L,,N,25,,good_pick_lost
2026-09-27,2026-09-28T10:39:58.594Z,2026_03_TEN_NYG,TEN @ NYG,TEN,NYG,3,leo-nflml-v2,spread,frozen,NYG,7.2,2.5,,,5,W,,Y,2.2,,good_pick_won
2026-09-27,2026-09-28T10:39:58.594Z,2026_03_CIN_PIT,CIN @ PIT,CIN,PIT,3,leo-nflml-v2,moneyline,too_close_to_call,CIN,0.579,0.622,-185,-0.044,PIT,,L,Y,,0.335,
2026-09-27,2026-09-28T10:39:58.594Z,2026_03_CIN_PIT,CIN @ PIT,CIN,PIT,3,leo-nflml-v2,total,frozen,Over,44,42.5,,,57,W,,Y,13,,lucky_win
2026-09-27,2026-09-28T10:39:58.594Z,2026_03_CIN_PIT,CIN @ PIT,CIN,PIT,3,leo-nflml-v2,spread,frozen,PIT,-1.2,-3.5,,,3,W,,Y,4.2,,good_pick_won
2026-09-27,2026-09-28T10:39:58.594Z,2026_03_SEA_WAS,SEA @ WAS,SEA,WAS,3,leo-nflml-v2,moneyline,frozen,SEA,0.648,0.766,-395,-0.118,WAS,L,L,Y,,0.42,bad_pick_lost
2026-09-27,2026-09-28T10:39:58.594Z,2026_03_SEA_WAS,SEA @ WAS,SEA,WAS,3,leo-nflml-v2,total,frozen,Over,44.6,40.5,,,64,W,,Y,19.4,,lucky_win
2026-09-27,2026-09-28T10:39:58.594Z,2026_03_SEA_WAS,SEA @ WAS,SEA,WAS,3,leo-nflml-v2,spread,frozen,SEA,-14,-8.5,,,2,L,,N,16,,good_pick_lost
2026-09-27,2026-09-28T10:39:58.594Z,2026_03_ARI_SF,ARI @ SF,ARI,SF,3,leo-nflml-v2,moneyline,frozen,SF,0.784,0.766,-395,0.019,SF,W,W,Y,,0.047,good_pick_won
2026-09-27,2026-09-28T10:39:58.594Z,2026_03_ARI_SF,ARI @ SF,ARI,SF,3,leo-nflml-v2,total,frozen,Under,45,48.5,,,66,L,,N,21,,good_pick_lost
2026-09-27,2026-09-28T10:39:58.594Z,2026_03_ARI_SF,ARI @ SF,ARI,SF,3,leo-nflml-v2,spread,frozen,SF,15.9,7.5,,,6,L,,N,9.9,,bad_pick_lost
2026-09-27,2026-09-28T10:39:58.594Z,2026_03_MIN_TB,MIN @ TB,MIN,TB,3,leo-nflml-v2,moneyline,too_close_to_call,TB,0.52,0.489,-105,0.031,MIN,,W,N,,0.27,
2026-09-27,2026-09-28T10:39:58.594Z,2026_03_MIN_TB,MIN @ TB,MIN,TB,3,leo-nflml-v2,total,frozen,,43.7,42.5,,,39,,,N,4.7,,
2026-09-27,2026-09-28T10:39:58.594Z,2026_03_MIN_TB,MIN @ TB,MIN,TB,3,leo-nflml-v2,spread,frozen,MIN,-4.7,-1.5,,,-7,W,,Y,2.3,,good_pick_won
2026-09-27,2026-09-28T10:39:58.594Z,2026_03_BAL_DAL,BAL @ DAL,BAL,DAL,3,leo-nflml-v2,moneyline,too_close_to_call,DAL,0.513,0.396,142,0.117,BAL,,W,N,,0.263,
2026-09-27,2026-09-28T10:39:58.594Z,2026_03_BAL_DAL,BAL @ DAL,BAL,DAL,3,leo-nflml-v2,total,frozen,Under,51.5,53.5,,,65,L,,N,13.5,,bad_pick_lost
2026-09-27,2026-09-28T10:39:58.594Z,2026_03_BAL_DAL,BAL @ DAL,BAL,DAL,3,leo-nflml-v2,spread,frozen,DAL,-0.1,-3,,,-3,P,,N,2.9,,push
2026-09-27,2026-09-28T10:39:58.594Z,2026_03_LV_NO,LV @ NO,LV,NO,3,leo-nflml-v2,moneyline,too_close_to_call,NO,0.593,0.622,-185,-0.029,LV,,L,Y,,0.352,
2026-09-27,2026-09-28T10:39:58.594Z,2026_03_LV_NO,LV @ NO,LV,NO,3,leo-nflml-v2,total,frozen,,43.5,43.5,,,62,,,N,18.5,,
2026-09-27,2026-09-28T10:39:58.594Z,2026_03_LV_NO,LV @ NO,LV,NO,3,leo-nflml-v2,spread,frozen,,2.8,3.5,,,-8,,,Y,10.8,,
2026-09-27,2026-09-28T10:39:58.594Z,2026_03_LA_DEN,LA @ DEN,LA,DEN,3,leo-nflml-v2,moneyline,frozen,LA,0.617,0.511,-115,0.107,DEN,L,L,N,,0.381,bad_pick_lost
2026-09-27,2026-09-28T10:39:58.594Z,2026_03_LA_DEN,LA @ DEN,LA,DEN,3,leo-nflml-v2,total,frozen,Under,42.7,44.5,,,56,L,,N,13.3,,bad_pick_lost
2026-09-27,2026-09-28T10:39:58.594Z,2026_03_LA_DEN,LA @ DEN,LA,DEN,3,leo-nflml-v2,spread,frozen,,-2.4,-1.5,,,4,,,N,6.4,,
2026-09-28,2026-09-29T16:23:14.591Z,2026_03_PHI_CHI,PHI @ CHI,PHI,CHI,3,leo-nflml-v2,moneyline,too_close_to_call,CHI,0.542,0.378,154,0.164,CHI,,L,Y,,0.21,
2026-09-28,2026-09-29T16:23:14.591Z,2026_03_PHI_CHI,PHI @ CHI,PHI,CHI,3,leo-nflml-v2,total,frozen,Over,47,41.5,,,34,L,,N,13,,bad_pick_lost
2026-09-28,2026-09-29T16:23:14.591Z,2026_03_PHI_CHI,PHI @ CHI,PHI,CHI,3,leo-nflml-v2,spread,frozen,CHI,2.9,-3.5,,,20,W,,Y,17.1,,lucky_win
2026-10-01,2026-10-02T16:08:44.088Z,2026_04_PIT_CLE,PIT @ CLE,PIT,CLE,4,leo-nflml-v2,moneyline,too_close_to_call,CLE,0.541,0.428,124,0.113,CLE,,L,Y,,0.211,
2026-10-01,2026-10-02T16:08:44.088Z,2026_04_PIT_CLE,PIT @ CLE,PIT,CLE,4,leo-nflml-v2,total,frozen,Over,41.6,38.5,,,51,W,,Y,9.4,,lucky_win
2026-10-01,2026-10-02T16:08:44.088Z,2026_04_PIT_CLE,PIT @ CLE,PIT,CLE,4,leo-nflml-v2,spread,frozen,CLE,-1,-2.5,,,3,W,,Y,4,,good_pick_won
2026-10-04,2026-10-05T10:41:31.686Z,2026_04_IND_WAS,IND @ WAS,IND,WAS,4,leo-nflml-v2,moneyline,too_close_to_call,WAS,0.508,0.355,170,0.153,IND,,W,N,,0.258,
2026-10-04,2026-10-05T10:41:31.686Z,2026_04_IND_WAS,IND @ WAS,IND,WAS,4,leo-nflml-v2,total,frozen,Over,51.3,46.5,,,43,L,,N,8.3,,bad_pick_lost
2026-10-04,2026-10-05T10:41:31.686Z,2026_04_IND_WAS,IND @ WAS,IND,WAS,4,leo-nflml-v2,spread,frozen,WAS,-0.7,-4.5,,,-17,L,,N,16.3,,good_pick_lost
2026-10-04,2026-10-05T10:41:31.686Z,2026_04_TEN_BAL,TEN @ BAL,TEN,BAL,4,leo-nflml-v2,moneyline,frozen,BAL,0.794,0.852,-800,-0.059,BAL,W,W,N,,0.042,good_pick_won
2026-10-04,2026-10-05T10:41:31.686Z,2026_04_TEN_BAL,TEN @ BAL,TEN,BAL,4,leo-nflml-v2,total,frozen,Over,45.5,42.5,,,42,L,,N,3.5,,bad_pick_lost
2026-10-04,2026-10-05T10:41:31.686Z,2026_04_TEN_BAL,TEN @ BAL,TEN,BAL,4,leo-nflml-v2,spread,frozen,BAL,13.2,11.5,,,6,L,,N,7.2,,bad_pick_lost
2026-10-04,2026-10-05T10:41:31.686Z,2026_04_NE_BUF,NE @ BUF,NE,BUF,4,leo-nflml-v2,moneyline,frozen,BUF,0.724,0.741,-340,-0.017,NE,L,L,Y,,0.524,good_pick_lost
2026-10-04,2026-10-05T10:41:31.686Z,2026_04_NE_BUF,NE @ BUF,NE,BUF,4,leo-nflml-v2,total,frozen,Under,45.9,49.5,,,55,L,,N,9.1,,bad_pick_lost
2026-10-04,2026-10-05T10:41:31.686Z,2026_04_NE_BUF,NE @ BUF,NE,BUF,4,leo-nflml-v2,spread,frozen,NE,5.8,7,,,-3,W,,Y,8.8,,lucky_win
2026-10-04,2026-10-05T10:41:31.686Z,2026_04_NYJ_CHI,NYJ @ CHI,NYJ,CHI,4,leo-nflml-v2,moneyline,frozen,CHI,0.709,0.622,-185,0.087,CHI,W,W,Y,,0.085,good_pick_won
2026-10-04,2026-10-05T10:41:31.686Z,2026_04_NYJ_CHI,NYJ @ CHI,NYJ,CHI,4,leo-nflml-v2,total,frozen,Over,46.5,43.5,,,35,L,,N,11.5,,bad_pick_lost
2026-10-04,2026-10-05T10:41:31.686Z,2026_04_NYJ_CHI,NYJ @ CHI,NYJ,CHI,4,leo-nflml-v2,spread,frozen,CHI,11.8,3.5,,,11,W,,Y,0.8,,good_pick_won
2026-10-04,2026-10-05T10:41:31.686Z,2026_04_JAX_CIN,JAX @ CIN,JAX,CIN,4,leo-nflml-v2,moneyline,too_close_to_call,JAX,0.572,0.428,124,0.144,JAX,,L,Y,,0.183,
2026-10-04,2026-10-05T10:41:31.686Z,2026_04_JAX_CIN,JAX @ CIN,JAX,CIN,4,leo-nflml-v2,total,frozen,Under,46.8,51.5,,,39,W,,Y,7.8,,lucky_win
2026-10-04,2026-10-05T10:41:31.686Z,2026_04_JAX_CIN,JAX @ CIN,JAX,CIN,4,leo-nflml-v2,spread,frozen,JAX,-6.7,2.5,,,-5,W,,Y,1.7,,good_pick_won
2026-10-04,2026-10-05T10:41:31.686Z,2026_04_DAL_HOU,DAL @ HOU,DAL,HOU,4,leo-nflml-v2,moneyline,too_close_to_call,DAL,0.549,0.428,124,0.121,DAL,,L,Y,,0.203,
2026-10-04,2026-10-05T10:41:31.686Z,2026_04_DAL_HOU,DAL @ HOU,DAL,HOU,4,leo-nflml-v2,total,frozen,,49,48.5,,,64,,,Y,15,,
2026-10-04,2026-10-05T10:41:31.686Z,2026_04_DAL_HOU,DAL @ HOU,DAL,HOU,4,leo-nflml-v2,spread,frozen,DAL,1.9,3,,,-4,W,,Y,5.9,,good_pick_won
2026-10-04,2026-10-05T10:41:31.686Z,2026_04_ARI_NYG,ARI @ NYG,ARI,NYG,4,leo-nflml-v2,moneyline,too_close_to_call,ARI,0.53,0.551,-135,-0.022,NYG,,L,Y,,0.281,
2026-10-04,2026-10-05T10:41:31.686Z,2026_04_ARI_NYG,ARI @ NYG,ARI,NYG,4,leo-nflml-v2,total,frozen,,45,44.5,,,60,,,Y,15,,
2026-10-04,2026-10-05T10:41:31.686Z,2026_04_ARI_NYG,ARI @ NYG,ARI,NYG,4,leo-nflml-v2,spread,frozen,NYG,4.6,-2.5,,,12,W,,Y,7.4,,lucky_win
2026-10-04,2026-10-05T10:41:31.686Z,2026_04_LA_PHI,LA @ PHI,LA,PHI,4,leo-nflml-v2,moneyline,too_close_to_call,LA,0.576,0.645,-205,-0.068,LA,,W,N,,0.18,
2026-10-04,2026-10-05T10:41:31.686Z,2026_04_LA_PHI,LA @ PHI,LA,PHI,4,leo-nflml-v2,total,frozen,Over,44.1,42.5,,,44,W,,Y,0.1,,good_pick_won
2026-10-04,2026-10-05T10:41:31.686Z,2026_04_LA_PHI,LA @ PHI,LA,PHI,4,leo-nflml-v2,spread,frozen,PHI,-2,-3.5,,,-4,L,,N,2,,bad_pick_lost
2026-10-04,2026-10-05T10:41:31.686Z,2026_04_GB_TB,GB @ TB,GB,TB,4,leo-nflml-v2,moneyline,too_close_to_call,TB,0.559,0.391,145,0.169,GB,,W,N,,0.312,
2026-10-04,2026-10-05T10:41:31.686Z,2026_04_GB_TB,GB @ TB,GB,TB,4,leo-nflml-v2,total,frozen,Over,46.7,38.5,,,31,L,,N,15.7,,good_pick_lost
2026-10-04,2026-10-05T10:41:31.686Z,2026_04_GB_TB,GB @ TB,GB,TB,4,leo-nflml-v2,spread,frozen,TB,2.5,-3,,,-3,P,,N,5.5,,push
2026-10-04,2026-10-05T10:41:31.686Z,2026_04_MIA_MIN,MIA @ MIN,MIA,MIN,4,leo-nflml-v2,moneyline,too_close_to_call,MIN,0.595,0.808,-535,-0.213,MIN,,W,N,,0.164,
2026-10-04,2026-10-05T10:41:31.686Z,2026_04_MIA_MIN,MIA @ MIN,MIA,MIN,4,leo-nflml-v2,total,frozen,Over,42.3,38.5,,,25,L,,N,17.3,,good_pick_lost
2026-10-04,2026-10-05T10:41:31.686Z,2026_04_MIA_MIN,MIA @ MIN,MIA,MIN,4,leo-nflml-v2,spread,frozen,MIN,15.7,10,,,5,L,,N,10.7,,bad_pick_lost
2026-10-04,2026-10-05T10:41:31.686Z,2026_04_KC_LV,KC @ LV,KC,LV,4,leo-nflml-v2,moneyline,frozen,KC,0.669,0.664,-225,0.006,KC,W,W,Y,,0.11,good_pick_won
2026-10-04,2026-10-05T10:41:31.686Z,2026_04_KC_LV,KC @ LV,KC,LV,4,leo-nflml-v2,total,frozen,Under,44.6,47.5,,,57,L,,N,12.4,,bad_pick_lost
2026-10-04,2026-10-05T10:41:31.686Z,2026_04_KC_LV,KC @ LV,KC,LV,4,leo-nflml-v2,spread,frozen,,-3.6,-4.5,,,-3,,,Y,0.6,,
2026-10-04,2026-10-05T10:41:31.686Z,2026_04_LAC_SEA,LAC @ SEA,LAC,SEA,4,leo-nflml-v2,moneyline,frozen,SEA,0.764,0.748,-355,0.017,SEA,W,W,Y,,0.056,good_pick_won
2026-10-04,2026-10-05T10:41:31.686Z,2026_04_LAC_SEA,LAC @ SEA,LAC,SEA,4,leo-nflml-v2,total,frozen,,42.6,42.5,,,53,,,Y,10.4,,
2026-10-04,2026-10-05T10:41:31.686Z,2026_04_LAC_SEA,LAC @ SEA,LAC,SEA,4,leo-nflml-v2,spread,frozen,SEA,15.8,7,,,7,P,,N,8.8,,push
2026-10-04,2026-10-05T10:41:31.686Z,2026_04_DEN_SF,DEN @ SF,DEN,SF,4,leo-nflml-v2,moneyline,frozen,SF,0.759,0.6,-166,0.159,SF,W,W,Y,,0.058,good_pick_won
2026-10-04,2026-10-05T10:41:31.686Z,2026_04_DEN_SF,DEN @ SF,DEN,SF,4,leo-nflml-v2,total,frozen,Under,45.4,48.5,,,38,W,,Y,7.4,,lucky_win
2026-10-04,2026-10-05T10:41:31.686Z,2026_04_DEN_SF,DEN @ SF,DEN,SF,4,leo-nflml-v2,spread,frozen,SF,9.3,3,,,10,W,,Y,0.7,,good_pick_won
2026-10-04,2026-10-05T10:41:31.686Z,2026_04_DET_CAR,DET @ CAR,DET,CAR,4,leo-nflml-v2,moneyline,too_close_to_call,DET,0.562,0.664,-225,-0.102,CAR,,L,Y,,0.316,
2026-10-04,2026-10-05T10:41:31.686Z,2026_04_DET_CAR,DET @ CAR,DET,CAR,4,leo-nflml-v2,total,frozen,,52.5,52.5,,,58,,,N,5.5,,
2026-10-04,2026-10-05T10:41:31.686Z,2026_04_DET_CAR,DET @ CAR,DET,CAR,4,leo-nflml-v2,spread,frozen,CAR,0.3,-4.5,,,6,W,,Y,5.7,,good_pick_won
