date,game_id,matchup,market,model_version,status,player,position,model_value,opp_adjustment,games_played,result,actual_value
2026-09-27,2026_03_LAC_BUF,"LAC @ BUF",QB_PASS_YARDS,leo-nflprop-v2,projection,"Justin Herbert",QB,232,1.105,2,,
2026-09-27,2026_03_LAC_BUF,"LAC @ BUF",RB_RUSH_YARDS,leo-nflprop-v1,projection,"Omarion Hampton",RB,65,0.945,2,,
2026-09-27,2026_03_LAC_BUF,"LAC @ BUF",ANYTIME_TD,leo-nflprop-v1,projection,"Omarion Hampton",RB,0.439,0.945,2,,
2026-09-27,2026_03_LAC_BUF,"LAC @ BUF",RB_RUSH_YARDS,leo-nflprop-v1,projection,"Keaton Mitchell",RB,22,0.945,2,,
2026-09-27,2026_03_LAC_BUF,"LAC @ BUF",ANYTIME_TD,leo-nflprop-v1,projection,"Keaton Mitchell",RB,0.103,0.945,2,,
2026-09-27,2026_03_LAC_BUF,"LAC @ BUF",WR_REC_YARDS,leo-nflprop-v2,projection,"Quentin Johnston",WR,34,1.105,2,,
2026-09-27,2026_03_LAC_BUF,"LAC @ BUF",ANYTIME_TD,leo-nflprop-v1,projection,"Quentin Johnston",WR,0.316,1.105,2,,
2026-09-27,2026_03_LAC_BUF,"LAC @ BUF",WR_REC_YARDS,leo-nflprop-v2,projection,"Ladd McConkey",WR,63,1.105,2,,
2026-09-27,2026_03_LAC_BUF,"LAC @ BUF",ANYTIME_TD,leo-nflprop-v1,projection,"Ladd McConkey",WR,0.359,1.105,2,,
2026-09-27,2026_03_LAC_BUF,"LAC @ BUF",WR_REC_YARDS,leo-nflprop-v2,projection,"Tre Harris",WR,33,1.105,2,,
2026-09-27,2026_03_LAC_BUF,"LAC @ BUF",ANYTIME_TD,leo-nflprop-v1,projection,"Tre Harris",WR,0.09,1.105,2,,
2026-09-27,2026_03_LAC_BUF,"LAC @ BUF",QB_PASS_YARDS,leo-nflprop-v2,projection,"Josh Allen",QB,267,1.053,2,,
2026-09-27,2026_03_LAC_BUF,"LAC @ BUF",RB_RUSH_YARDS,leo-nflprop-v1,projection,"James Cook",RB,90,0.92,2,,
2026-09-27,2026_03_LAC_BUF,"LAC @ BUF",ANYTIME_TD,leo-nflprop-v1,projection,"James Cook",RB,0.414,0.92,2,,
2026-09-27,2026_03_LAC_BUF,"LAC @ BUF",RB_RUSH_YARDS,leo-nflprop-v1,projection,"Ray Davis",RB,6,0.92,2,,
2026-09-27,2026_03_LAC_BUF,"LAC @ BUF",ANYTIME_TD,leo-nflprop-v1,projection,"Ray Davis",RB,0.059,0.92,2,,
2026-09-27,2026_03_LAC_BUF,"LAC @ BUF",WR_REC_YARDS,leo-nflprop-v2,projection,"Khalil Shakir",WR,44,1.053,2,,
2026-09-27,2026_03_LAC_BUF,"LAC @ BUF",ANYTIME_TD,leo-nflprop-v1,projection,"Khalil Shakir",WR,0.169,1.053,2,,
2026-09-27,2026_03_LAC_BUF,"LAC @ BUF",WR_REC_YARDS,leo-nflprop-v2,projection,"DJ Moore",WR,29,1.053,2,,
2026-09-27,2026_03_LAC_BUF,"LAC @ BUF",ANYTIME_TD,leo-nflprop-v1,projection,"DJ Moore",WR,0.339,1.053,2,,
2026-09-27,2026_03_LAC_BUF,"LAC @ BUF",WR_REC_YARDS,leo-nflprop-v2,projection,"Keon Coleman",WR,28,1.053,2,,
2026-09-27,2026_03_LAC_BUF,"LAC @ BUF",ANYTIME_TD,leo-nflprop-v1,projection,"Keon Coleman",WR,0.203,1.053,2,,
2026-09-27,2026_03_CAR_CLE,"CAR @ CLE",QB_PASS_YARDS,leo-nflprop-v2,projection,"Bryce Young",QB,243,0.978,2,,
2026-09-27,2026_03_CAR_CLE,"CAR @ CLE",RB_RUSH_YARDS,leo-nflprop-v1,projection,"Chuba Hubbard",RB,48,1.052,2,,
2026-09-27,2026_03_CAR_CLE,"CAR @ CLE",ANYTIME_TD,leo-nflprop-v1,projection,"Chuba Hubbard",RB,0.248,1.052,2,,
2026-09-27,2026_03_CAR_CLE,"CAR @ CLE",RB_RUSH_YARDS,leo-nflprop-v1,projection,"AJ Dillon",RB,13,1.052,2,,
2026-09-27,2026_03_CAR_CLE,"CAR @ CLE",ANYTIME_TD,leo-nflprop-v1,projection,"AJ Dillon",RB,0.125,1.052,2,,
2026-09-27,2026_03_CAR_CLE,"CAR @ CLE",WR_REC_YARDS,leo-nflprop-v2,projection,"Jalen Coker",WR,57,0.978,2,,
2026-09-27,2026_03_CAR_CLE,"CAR @ CLE",ANYTIME_TD,leo-nflprop-v1,projection,"Jalen Coker",WR,0.4,0.978,2,,
2026-09-27,2026_03_CAR_CLE,"CAR @ CLE",WR_REC_YARDS,leo-nflprop-v2,projection,"Tetairoa McMillan",WR,69,0.978,2,,
2026-09-27,2026_03_CAR_CLE,"CAR @ CLE",ANYTIME_TD,leo-nflprop-v1,projection,"Tetairoa McMillan",WR,0.221,0.978,2,,
2026-09-27,2026_03_CAR_CLE,"CAR @ CLE",WR_REC_YARDS,leo-nflprop-v2,projection,"Xavier Legette",WR,24,0.978,2,,
2026-09-27,2026_03_CAR_CLE,"CAR @ CLE",ANYTIME_TD,leo-nflprop-v1,projection,"Xavier Legette",WR,0.138,0.978,2,,
2026-09-27,2026_03_CAR_CLE,"CAR @ CLE",QB_PASS_YARDS,leo-nflprop-v2,projection,"Deshaun Watson",QB,208,0.9690000000000001,2,,
2026-09-27,2026_03_CAR_CLE,"CAR @ CLE",RB_RUSH_YARDS,leo-nflprop-v1,projection,"Quinshon Judkins",RB,50,1.15,2,,
2026-09-27,2026_03_CAR_CLE,"CAR @ CLE",ANYTIME_TD,leo-nflprop-v1,projection,"Quinshon Judkins",RB,0.299,1.15,2,,
2026-09-27,2026_03_CAR_CLE,"CAR @ CLE",RB_RUSH_YARDS,leo-nflprop-v1,projection,"Raheim Sanders",RB,14,1.15,2,,
2026-09-27,2026_03_CAR_CLE,"CAR @ CLE",ANYTIME_TD,leo-nflprop-v1,projection,"Raheim Sanders",RB,0.222,1.15,2,,
2026-09-27,2026_03_CAR_CLE,"CAR @ CLE",WR_REC_YARDS,leo-nflprop-v2,projection,"Denzel Boston",WR,82,0.9690000000000001,2,,
2026-09-27,2026_03_CAR_CLE,"CAR @ CLE",ANYTIME_TD,leo-nflprop-v1,projection,"Denzel Boston",WR,0.404,0.9690000000000001,2,,
2026-09-27,2026_03_CAR_CLE,"CAR @ CLE",WR_REC_YARDS,leo-nflprop-v2,projection,"KC Concepcion",WR,38,0.9690000000000001,2,,
2026-09-27,2026_03_CAR_CLE,"CAR @ CLE",ANYTIME_TD,leo-nflprop-v1,projection,"KC Concepcion",WR,0.176,0.9690000000000001,2,,
2026-09-27,2026_03_CAR_CLE,"CAR @ CLE",WR_REC_YARDS,leo-nflprop-v2,projection,"Jerry Jeudy",WR,19,0.9690000000000001,2,,
2026-09-27,2026_03_CAR_CLE,"CAR @ CLE",ANYTIME_TD,leo-nflprop-v1,projection,"Jerry Jeudy",WR,0.101,0.9690000000000001,2,,
2026-09-27,2026_03_NYJ_DET,"NYJ @ DET",QB_PASS_YARDS,leo-nflprop-v2,projection,"Geno Smith",QB,241,1.147,2,,
2026-09-27,2026_03_NYJ_DET,"NYJ @ DET",RB_RUSH_YARDS,leo-nflprop-v1,projection,"Breece Hall",RB,74,1.097,2,,
2026-09-27,2026_03_NYJ_DET,"NYJ @ DET",ANYTIME_TD,leo-nflprop-v1,projection,"Breece Hall",RB,0.324,1.097,2,,
2026-09-27,2026_03_NYJ_DET,"NYJ @ DET",RB_RUSH_YARDS,leo-nflprop-v1,projection,"Braelon Allen",RB,28,1.097,2,,
2026-09-27,2026_03_NYJ_DET,"NYJ @ DET",ANYTIME_TD,leo-nflprop-v1,projection,"Braelon Allen",RB,0.345,1.097,2,,
2026-09-27,2026_03_NYJ_DET,"NYJ @ DET",WR_REC_YARDS,leo-nflprop-v2,projection,"Adonai Mitchell",WR,56,1.147,2,,
2026-09-27,2026_03_NYJ_DET,"NYJ @ DET",ANYTIME_TD,leo-nflprop-v1,projection,"Adonai Mitchell",WR,0.124,1.147,2,,
2026-09-27,2026_03_NYJ_DET,"NYJ @ DET",WR_REC_YARDS,leo-nflprop-v2,projection,"Garrett Wilson",WR,75,1.147,2,,
2026-09-27,2026_03_NYJ_DET,"NYJ @ DET",ANYTIME_TD,leo-nflprop-v1,projection,"Garrett Wilson",WR,0.413,1.147,2,,
2026-09-27,2026_03_NYJ_DET,"NYJ @ DET",WR_REC_YARDS,leo-nflprop-v2,projection,"Isaiah Williams",WR,14,1.147,2,,
2026-09-27,2026_03_NYJ_DET,"NYJ @ DET",ANYTIME_TD,leo-nflprop-v1,projection,"Isaiah Williams",WR,0.063,1.147,2,,
2026-09-27,2026_03_NYJ_DET,"NYJ @ DET",QB_PASS_YARDS,leo-nflprop-v2,projection,"Jared Goff",QB,227,0.875,2,,
2026-09-27,2026_03_NYJ_DET,"NYJ @ DET",RB_RUSH_YARDS,leo-nflprop-v1,projection,"Jahmyr Gibbs",RB,76,0.8590000000000001,2,,
2026-09-27,2026_03_NYJ_DET,"NYJ @ DET",ANYTIME_TD,leo-nflprop-v1,projection,"Jahmyr Gibbs",RB,0.486,0.8590000000000001,2,,
2026-09-27,2026_03_NYJ_DET,"NYJ @ DET",RB_RUSH_YARDS,leo-nflprop-v1,projection,"Sione Vaki",RB,5,0.8590000000000001,2,,
2026-09-27,2026_03_NYJ_DET,"NYJ @ DET",ANYTIME_TD,leo-nflprop-v1,projection,"Sione Vaki",RB,0.089,0.8590000000000001,2,,
2026-09-27,2026_03_NYJ_DET,"NYJ @ DET",WR_REC_YARDS,leo-nflprop-v2,projection,"Amon-Ra St. Brown",WR,77,0.875,2,,
2026-09-27,2026_03_NYJ_DET,"NYJ @ DET",ANYTIME_TD,leo-nflprop-v1,projection,"Amon-Ra St. Brown",WR,0.597,0.875,2,,
2026-09-27,2026_03_NYJ_DET,"NYJ @ DET",WR_REC_YARDS,leo-nflprop-v2,projection,"Jameson Williams",WR,45,0.875,2,,
2026-09-27,2026_03_NYJ_DET,"NYJ @ DET",ANYTIME_TD,leo-nflprop-v1,projection,"Jameson Williams",WR,0.2,0.875,2,,
2026-09-27,2026_03_NYJ_DET,"NYJ @ DET",WR_REC_YARDS,leo-nflprop-v2,projection,"Isaac TeSlaa",WR,11,0.875,2,,
2026-09-27,2026_03_NYJ_DET,"NYJ @ DET",ANYTIME_TD,leo-nflprop-v1,projection,"Isaac TeSlaa",WR,0.203,0.875,2,,
2026-09-27,2026_03_HOU_IND,"HOU @ IND",QB_PASS_YARDS,leo-nflprop-v2,projection,"C.J. Stroud",QB,304,1.15,2,,
2026-09-27,2026_03_HOU_IND,"HOU @ IND",RB_RUSH_YARDS,leo-nflprop-v1,projection,"David Montgomery",RB,48,1.15,2,,
2026-09-27,2026_03_HOU_IND,"HOU @ IND",ANYTIME_TD,leo-nflprop-v1,projection,"David Montgomery",RB,0.516,1.15,2,,
2026-09-27,2026_03_HOU_IND,"HOU @ IND",RB_RUSH_YARDS,leo-nflprop-v1,projection,"Woody Marks",RB,42,1.15,2,,
2026-09-27,2026_03_HOU_IND,"HOU @ IND",ANYTIME_TD,leo-nflprop-v1,projection,"Woody Marks",RB,0.139,1.15,2,,
2026-09-27,2026_03_HOU_IND,"HOU @ IND",WR_REC_YARDS,leo-nflprop-v2,projection,"Xavier Hutchinson",WR,31,1.15,2,,
2026-09-27,2026_03_HOU_IND,"HOU @ IND",ANYTIME_TD,leo-nflprop-v1,projection,"Xavier Hutchinson",WR,0.154,1.15,2,,
2026-09-27,2026_03_HOU_IND,"HOU @ IND",WR_REC_YARDS,leo-nflprop-v2,projection,"Jared Wayne",WR,25,1.15,2,,
2026-09-27,2026_03_HOU_IND,"HOU @ IND",ANYTIME_TD,leo-nflprop-v1,projection,"Jared Wayne",WR,0.179,1.15,2,,
2026-09-27,2026_03_HOU_IND,"HOU @ IND",WR_REC_YARDS,leo-nflprop-v2,projection,"Kayshon Boutte",WR,45,1.15,2,,
2026-09-27,2026_03_HOU_IND,"HOU @ IND",ANYTIME_TD,leo-nflprop-v1,projection,"Kayshon Boutte",WR,0.258,1.15,2,,
2026-09-27,2026_03_HOU_IND,"HOU @ IND",QB_PASS_YARDS,leo-nflprop-v2,projection,"Daniel Jones",QB,227,1.061,2,,
2026-09-27,2026_03_HOU_IND,"HOU @ IND",RB_RUSH_YARDS,leo-nflprop-v1,projection,"Jonathan Taylor",RB,90,0.917,2,,
2026-09-27,2026_03_HOU_IND,"HOU @ IND",ANYTIME_TD,leo-nflprop-v1,projection,"Jonathan Taylor",RB,0.684,0.917,2,,
2026-09-27,2026_03_HOU_IND,"HOU @ IND",RB_RUSH_YARDS,leo-nflprop-v1,projection,"Seth McGowan",RB,3,0.917,2,,
2026-09-27,2026_03_HOU_IND,"HOU @ IND",ANYTIME_TD,leo-nflprop-v1,projection,"Seth McGowan",RB,0.207,0.917,2,,
2026-09-27,2026_03_HOU_IND,"HOU @ IND",WR_REC_YARDS,leo-nflprop-v2,projection,"Josh Downs",WR,47,1.061,2,,
2026-09-27,2026_03_HOU_IND,"HOU @ IND",ANYTIME_TD,leo-nflprop-v1,projection,"Josh Downs",WR,0.17,1.061,2,,
2026-09-27,2026_03_HOU_IND,"HOU @ IND",WR_REC_YARDS,leo-nflprop-v2,projection,"Keenan Allen",WR,32,1.061,2,,
2026-09-27,2026_03_HOU_IND,"HOU @ IND",ANYTIME_TD,leo-nflprop-v1,projection,"Keenan Allen",WR,0.163,1.061,2,,
2026-09-27,2026_03_HOU_IND,"HOU @ IND",WR_REC_YARDS,leo-nflprop-v2,projection,"Laquon Treadwell",WR,3,1.061,2,,
2026-09-27,2026_03_HOU_IND,"HOU @ IND",ANYTIME_TD,leo-nflprop-v1,projection,"Laquon Treadwell",WR,0.101,1.061,2,,
2026-09-27,2026_03_NE_JAX,"NE @ JAX",QB_PASS_YARDS,leo-nflprop-v2,projection,"Drake Maye",QB,225,1.026,2,,
2026-09-27,2026_03_NE_JAX,"NE @ JAX",RB_RUSH_YARDS,leo-nflprop-v1,projection,"TreVeyon Henderson",RB,63,0.946,1,,
2026-09-27,2026_03_NE_JAX,"NE @ JAX",ANYTIME_TD,leo-nflprop-v1,projection,"TreVeyon Henderson",RB,0.429,0.946,1,,
2026-09-27,2026_03_NE_JAX,"NE @ JAX",RB_RUSH_YARDS,leo-nflprop-v1,projection,"Rhamondre Stevenson",RB,54,0.946,2,,
2026-09-27,2026_03_NE_JAX,"NE @ JAX",ANYTIME_TD,leo-nflprop-v1,projection,"Rhamondre Stevenson",RB,0.254,0.946,2,,
2026-09-27,2026_03_NE_JAX,"NE @ JAX",WR_REC_YARDS,leo-nflprop-v2,projection,"DeMario Douglas",WR,27,1.026,2,,
2026-09-27,2026_03_NE_JAX,"NE @ JAX",ANYTIME_TD,leo-nflprop-v1,projection,"DeMario Douglas",WR,0.139,1.026,2,,
2026-09-27,2026_03_NE_JAX,"NE @ JAX",WR_REC_YARDS,leo-nflprop-v2,projection,"Mack Hollins",WR,36,1.026,2,,
2026-09-27,2026_03_NE_JAX,"NE @ JAX",ANYTIME_TD,leo-nflprop-v1,projection,"Mack Hollins",WR,0.122,1.026,2,,
2026-09-27,2026_03_NE_JAX,"NE @ JAX",WR_REC_YARDS,leo-nflprop-v2,projection,"Romeo Doubs",WR,48,1.026,2,,
2026-09-27,2026_03_NE_JAX,"NE @ JAX",ANYTIME_TD,leo-nflprop-v1,projection,"Romeo Doubs",WR,0.215,1.026,2,,
2026-09-27,2026_03_NE_JAX,"NE @ JAX",QB_PASS_YARDS,leo-nflprop-v2,projection,"Trevor Lawrence",QB,208,0.9490000000000001,2,,
2026-09-27,2026_03_NE_JAX,"NE @ JAX",RB_RUSH_YARDS,leo-nflprop-v1,projection,"Bhayshul Tuten",RB,42,0.9420000000000001,2,,
2026-09-27,2026_03_NE_JAX,"NE @ JAX",ANYTIME_TD,leo-nflprop-v1,projection,"Bhayshul Tuten",RB,0.313,0.9420000000000001,2,,
2026-09-27,2026_03_NE_JAX,"NE @ JAX",RB_RUSH_YARDS,leo-nflprop-v1,projection,"Chris Rodriguez Jr.",RB,29,0.9420000000000001,2,,
2026-09-27,2026_03_NE_JAX,"NE @ JAX",ANYTIME_TD,leo-nflprop-v1,projection,"Chris Rodriguez Jr.",RB,0.251,0.9420000000000001,2,,
2026-09-27,2026_03_NE_JAX,"NE @ JAX",WR_REC_YARDS,leo-nflprop-v2,projection,"Parker Washington",WR,67,0.9490000000000001,2,,
2026-09-27,2026_03_NE_JAX,"NE @ JAX",ANYTIME_TD,leo-nflprop-v1,projection,"Parker Washington",WR,0.298,0.9490000000000001,2,,
2026-09-27,2026_03_NE_JAX,"NE @ JAX",WR_REC_YARDS,leo-nflprop-v2,projection,"Brian Thomas Jr.",WR,48,0.9490000000000001,2,,
2026-09-27,2026_03_NE_JAX,"NE @ JAX",ANYTIME_TD,leo-nflprop-v1,projection,"Brian Thomas Jr.",WR,0.113,0.9490000000000001,2,,
2026-09-27,2026_03_NE_JAX,"NE @ JAX",WR_REC_YARDS,leo-nflprop-v2,projection,"Jakobi Meyers",WR,71,0.9490000000000001,2,,
2026-09-27,2026_03_NE_JAX,"NE @ JAX",ANYTIME_TD,leo-nflprop-v1,projection,"Jakobi Meyers",WR,0.256,0.9490000000000001,2,,
2026-09-27,2026_03_KC_MIA,"KC @ MIA",QB_PASS_YARDS,leo-nflprop-v2,projection,"Patrick Mahomes",QB,260,0.993,2,,
2026-09-27,2026_03_KC_MIA,"KC @ MIA",RB_RUSH_YARDS,leo-nflprop-v1,projection,"Kenneth Walker III",RB,102,0.996,2,,
2026-09-27,2026_03_KC_MIA,"KC @ MIA",ANYTIME_TD,leo-nflprop-v1,projection,"Kenneth Walker III",RB,0.314,0.996,2,,
2026-09-27,2026_03_KC_MIA,"KC @ MIA",RB_RUSH_YARDS,leo-nflprop-v1,projection,"Emmett Johnson",RB,30,0.996,2,,
2026-09-27,2026_03_KC_MIA,"KC @ MIA",ANYTIME_TD,leo-nflprop-v1,projection,"Emmett Johnson",RB,0.223,0.996,2,,
2026-09-27,2026_03_KC_MIA,"KC @ MIA",WR_REC_YARDS,leo-nflprop-v2,projection,"Xavier Worthy",WR,28,0.993,2,,
2026-09-27,2026_03_KC_MIA,"KC @ MIA",ANYTIME_TD,leo-nflprop-v1,projection,"Xavier Worthy",WR,0.228,0.993,2,,
2026-09-27,2026_03_KC_MIA,"KC @ MIA",WR_REC_YARDS,leo-nflprop-v2,projection,"Rashee Rice",WR,67,0.993,2,,
2026-09-27,2026_03_KC_MIA,"KC @ MIA",ANYTIME_TD,leo-nflprop-v1,projection,"Rashee Rice",WR,0.386,0.993,2,,
2026-09-27,2026_03_KC_MIA,"KC @ MIA",WR_REC_YARDS,leo-nflprop-v2,projection,"Tyquan Thornton",WR,27,0.993,2,,
2026-09-27,2026_03_KC_MIA,"KC @ MIA",ANYTIME_TD,leo-nflprop-v1,projection,"Tyquan Thornton",WR,0.162,0.993,2,,
2026-09-27,2026_03_KC_MIA,"KC @ MIA",QB_PASS_YARDS,leo-nflprop-v2,projection,"Malik Willis",QB,190,0.9159999999999999,2,,
2026-09-27,2026_03_KC_MIA,"KC @ MIA",RB_RUSH_YARDS,leo-nflprop-v1,projection,"De'Von Achane",RB,69,0.93,2,,
2026-09-27,2026_03_KC_MIA,"KC @ MIA",ANYTIME_TD,leo-nflprop-v1,projection,"De'Von Achane",RB,0.252,0.93,2,,
2026-09-27,2026_03_KC_MIA,"KC @ MIA",RB_RUSH_YARDS,leo-nflprop-v1,projection,"Ollie Gordon II",RB,11,0.93,1,,
2026-09-27,2026_03_KC_MIA,"KC @ MIA",ANYTIME_TD,leo-nflprop-v1,projection,"Ollie Gordon II",RB,0.157,0.93,1,,
2026-09-27,2026_03_KC_MIA,"KC @ MIA",WR_REC_YARDS,leo-nflprop-v2,projection,"Malik Washington",WR,30,0.9159999999999999,2,,
2026-09-27,2026_03_KC_MIA,"KC @ MIA",ANYTIME_TD,leo-nflprop-v1,projection,"Malik Washington",WR,0.12,0.9159999999999999,2,,
2026-09-27,2026_03_KC_MIA,"KC @ MIA",WR_REC_YARDS,leo-nflprop-v2,projection,"Kevin Coleman Jr.",WR,0,0.9159999999999999,1,,
2026-09-27,2026_03_KC_MIA,"KC @ MIA",ANYTIME_TD,leo-nflprop-v1,projection,"Kevin Coleman Jr.",WR,0.197,0.9159999999999999,1,,
2026-09-27,2026_03_KC_MIA,"KC @ MIA",WR_REC_YARDS,leo-nflprop-v2,projection,"Chris Bell",WR,8,0.9159999999999999,2,,
2026-09-27,2026_03_KC_MIA,"KC @ MIA",ANYTIME_TD,leo-nflprop-v1,projection,"Chris Bell",WR,0.167,0.9159999999999999,2,,
2026-09-27,2026_03_TEN_NYG,"TEN @ NYG",QB_PASS_YARDS,leo-nflprop-v2,projection,"Cam Ward",QB,177,1.033,2,,
2026-09-27,2026_03_TEN_NYG,"TEN @ NYG",RB_RUSH_YARDS,leo-nflprop-v1,projection,"Tony Pollard",RB,60,1.006,2,,
2026-09-27,2026_03_TEN_NYG,"TEN @ NYG",ANYTIME_TD,leo-nflprop-v1,projection,"Tony Pollard",RB,0.191,1.006,2,,
2026-09-27,2026_03_TEN_NYG,"TEN @ NYG",RB_RUSH_YARDS,leo-nflprop-v1,projection,"Tyjae Spears",RB,27,1.006,2,,
2026-09-27,2026_03_TEN_NYG,"TEN @ NYG",ANYTIME_TD,leo-nflprop-v1,projection,"Tyjae Spears",RB,0.14,1.006,2,,
2026-09-27,2026_03_TEN_NYG,"TEN @ NYG",WR_REC_YARDS,leo-nflprop-v2,projection,"Carnell Tate",WR,40,1.033,2,,
2026-09-27,2026_03_TEN_NYG,"TEN @ NYG",ANYTIME_TD,leo-nflprop-v1,projection,"Carnell Tate",WR,0.187,1.033,2,,
2026-09-27,2026_03_TEN_NYG,"TEN @ NYG",WR_REC_YARDS,leo-nflprop-v2,projection,"Wan'Dale Robinson",WR,49,1.033,2,,
2026-09-27,2026_03_TEN_NYG,"TEN @ NYG",ANYTIME_TD,leo-nflprop-v1,projection,"Wan'Dale Robinson",WR,0.166,1.033,2,,
2026-09-27,2026_03_TEN_NYG,"TEN @ NYG",WR_REC_YARDS,leo-nflprop-v2,projection,"Elic Ayomanor",WR,45,1.033,2,,
2026-09-27,2026_03_TEN_NYG,"TEN @ NYG",ANYTIME_TD,leo-nflprop-v1,projection,"Elic Ayomanor",WR,0.298,1.033,2,,
2026-09-27,2026_03_TEN_NYG,"TEN @ NYG",QB_PASS_YARDS,leo-nflprop-v2,projection,"Jameis Winston",QB,181,1.016,1,,
2026-09-27,2026_03_TEN_NYG,"TEN @ NYG",RB_RUSH_YARDS,leo-nflprop-v1,projection,"Cam Skattebo",RB,55,1.02,2,,
2026-09-27,2026_03_TEN_NYG,"TEN @ NYG",ANYTIME_TD,leo-nflprop-v1,projection,"Cam Skattebo",RB,0.407,1.02,2,,
2026-09-27,2026_03_TEN_NYG,"TEN @ NYG",RB_RUSH_YARDS,leo-nflprop-v1,projection,"Devin Singletary",RB,21,1.02,2,,
2026-09-27,2026_03_TEN_NYG,"TEN @ NYG",ANYTIME_TD,leo-nflprop-v1,projection,"Devin Singletary",RB,0.194,1.02,2,,
2026-09-27,2026_03_TEN_NYG,"TEN @ NYG",WR_REC_YARDS,leo-nflprop-v2,projection,"Malik Nabers",WR,41,1.016,2,,
2026-09-27,2026_03_TEN_NYG,"TEN @ NYG",ANYTIME_TD,leo-nflprop-v1,projection,"Malik Nabers",WR,0.227,1.016,2,,
2026-09-27,2026_03_TEN_NYG,"TEN @ NYG",WR_REC_YARDS,leo-nflprop-v2,projection,"Malachi Fields",WR,27,1.016,2,,
2026-09-27,2026_03_TEN_NYG,"TEN @ NYG",ANYTIME_TD,leo-nflprop-v1,projection,"Malachi Fields",WR,0.184,1.016,2,,
2026-09-27,2026_03_TEN_NYG,"TEN @ NYG",WR_REC_YARDS,leo-nflprop-v2,projection,"Darnell Mooney",WR,43,1.016,2,,
2026-09-27,2026_03_TEN_NYG,"TEN @ NYG",ANYTIME_TD,leo-nflprop-v1,projection,"Darnell Mooney",WR,0.086,1.016,2,,
2026-09-27,2026_03_CIN_PIT,"CIN @ PIT",QB_PASS_YARDS,leo-nflprop-v2,projection,"Joe Burrow",QB,213,0.9229999999999999,2,,
2026-09-27,2026_03_CIN_PIT,"CIN @ PIT",RB_RUSH_YARDS,leo-nflprop-v1,projection,"Chase Brown",RB,70,1.042,2,,
2026-09-27,2026_03_CIN_PIT,"CIN @ PIT",ANYTIME_TD,leo-nflprop-v1,projection,"Chase Brown",RB,0.345,1.042,2,,
2026-09-27,2026_03_CIN_PIT,"CIN @ PIT",RB_RUSH_YARDS,leo-nflprop-v1,projection,"Samaje Perine",RB,21,1.042,2,,
2026-09-27,2026_03_CIN_PIT,"CIN @ PIT",ANYTIME_TD,leo-nflprop-v1,projection,"Samaje Perine",RB,0.16,1.042,2,,
2026-09-27,2026_03_CIN_PIT,"CIN @ PIT",WR_REC_YARDS,leo-nflprop-v2,projection,"Tee Higgins",WR,63,0.9229999999999999,2,,
2026-09-27,2026_03_CIN_PIT,"CIN @ PIT",ANYTIME_TD,leo-nflprop-v1,projection,"Tee Higgins",WR,0.313,0.9229999999999999,2,,
2026-09-27,2026_03_CIN_PIT,"CIN @ PIT",WR_REC_YARDS,leo-nflprop-v2,projection,"Ja'Marr Chase",WR,57,0.9229999999999999,2,,
2026-09-27,2026_03_CIN_PIT,"CIN @ PIT",ANYTIME_TD,leo-nflprop-v1,projection,"Ja'Marr Chase",WR,0.441,0.9229999999999999,2,,
2026-09-27,2026_03_CIN_PIT,"CIN @ PIT",WR_REC_YARDS,leo-nflprop-v2,projection,"Dohnte Meyers",WR,8,0.9229999999999999,2,,
2026-09-27,2026_03_CIN_PIT,"CIN @ PIT",ANYTIME_TD,leo-nflprop-v1,projection,"Dohnte Meyers",WR,0.169,0.9229999999999999,2,,
2026-09-27,2026_03_CIN_PIT,"CIN @ PIT",QB_PASS_YARDS,leo-nflprop-v2,projection,"Aaron Rodgers",QB,215,1.082,2,,
2026-09-27,2026_03_CIN_PIT,"CIN @ PIT",RB_RUSH_YARDS,leo-nflprop-v1,projection,"Jaylen Warren",RB,49,0.885,2,,
2026-09-27,2026_03_CIN_PIT,"CIN @ PIT",ANYTIME_TD,leo-nflprop-v1,projection,"Jaylen Warren",RB,0.199,0.885,2,,
2026-09-27,2026_03_CIN_PIT,"CIN @ PIT",RB_RUSH_YARDS,leo-nflprop-v1,projection,"Travis Homer",RB,7,0.885,1,,
2026-09-27,2026_03_CIN_PIT,"CIN @ PIT",ANYTIME_TD,leo-nflprop-v1,projection,"Travis Homer",RB,0.109,0.885,1,,
2026-09-27,2026_03_CIN_PIT,"CIN @ PIT",WR_REC_YARDS,leo-nflprop-v2,projection,"DK Metcalf",WR,52,1.082,2,,
2026-09-27,2026_03_CIN_PIT,"CIN @ PIT",ANYTIME_TD,leo-nflprop-v1,projection,"DK Metcalf",WR,0.235,1.082,2,,
2026-09-27,2026_03_CIN_PIT,"CIN @ PIT",WR_REC_YARDS,leo-nflprop-v2,projection,"Germie Bernard",WR,33,1.082,1,,
2026-09-27,2026_03_CIN_PIT,"CIN @ PIT",ANYTIME_TD,leo-nflprop-v1,projection,"Germie Bernard",WR,0.229,1.082,1,,
2026-09-27,2026_03_CIN_PIT,"CIN @ PIT",WR_REC_YARDS,leo-nflprop-v2,projection,"Roman Wilson",WR,21,1.082,2,,
2026-09-27,2026_03_CIN_PIT,"CIN @ PIT",ANYTIME_TD,leo-nflprop-v1,projection,"Roman Wilson",WR,0.167,1.082,2,,
2026-09-27,2026_03_SEA_WAS,"SEA @ WAS",QB_PASS_YARDS,leo-nflprop-v2,projection,"Drew Lock",QB,213,1.018,2,,
2026-09-27,2026_03_SEA_WAS,"SEA @ WAS",RB_RUSH_YARDS,leo-nflprop-v1,projection,"Emanuel Wilson",RB,33,0.9620000000000001,2,,
2026-09-27,2026_03_SEA_WAS,"SEA @ WAS",ANYTIME_TD,leo-nflprop-v1,projection,"Emanuel Wilson",RB,0.137,0.9620000000000001,2,,
2026-09-27,2026_03_SEA_WAS,"SEA @ WAS",RB_RUSH_YARDS,leo-nflprop-v1,projection,"Jadarian Price",RB,54,0.9620000000000001,2,,
2026-09-27,2026_03_SEA_WAS,"SEA @ WAS",ANYTIME_TD,leo-nflprop-v1,projection,"Jadarian Price",RB,0.216,0.9620000000000001,2,,
2026-09-27,2026_03_SEA_WAS,"SEA @ WAS",WR_REC_YARDS,leo-nflprop-v2,projection,"Jaxon Smith-Njigba",WR,123,1.018,2,,
2026-09-27,2026_03_SEA_WAS,"SEA @ WAS",ANYTIME_TD,leo-nflprop-v1,projection,"Jaxon Smith-Njigba",WR,0.642,1.018,2,,
2026-09-27,2026_03_SEA_WAS,"SEA @ WAS",WR_REC_YARDS,leo-nflprop-v2,projection,"Rashid Shaheed",WR,22,1.018,2,,
2026-09-27,2026_03_SEA_WAS,"SEA @ WAS",ANYTIME_TD,leo-nflprop-v1,projection,"Rashid Shaheed",WR,0.102,1.018,2,,
2026-09-27,2026_03_SEA_WAS,"SEA @ WAS",WR_REC_YARDS,leo-nflprop-v2,projection,"Cooper Kupp",WR,38,1.018,2,,
2026-09-27,2026_03_SEA_WAS,"SEA @ WAS",ANYTIME_TD,leo-nflprop-v1,projection,"Cooper Kupp",WR,0.111,1.018,2,,
2026-09-27,2026_03_SEA_WAS,"SEA @ WAS",QB_PASS_YARDS,leo-nflprop-v2,projection,"Marcus Mariota",QB,149,0.866,1,,
2026-09-27,2026_03_SEA_WAS,"SEA @ WAS",RB_RUSH_YARDS,leo-nflprop-v1,projection,"Jacory Croskey-Merritt",RB,51,0.929,2,,
2026-09-27,2026_03_SEA_WAS,"SEA @ WAS",ANYTIME_TD,leo-nflprop-v1,projection,"Jacory Croskey-Merritt",RB,0.351,0.929,2,,
2026-09-27,2026_03_SEA_WAS,"SEA @ WAS",RB_RUSH_YARDS,leo-nflprop-v1,projection,"Rachaad White",RB,38,0.929,2,,
2026-09-27,2026_03_SEA_WAS,"SEA @ WAS",ANYTIME_TD,leo-nflprop-v1,projection,"Rachaad White",RB,0.156,0.929,2,,
2026-09-27,2026_03_SEA_WAS,"SEA @ WAS",WR_REC_YARDS,leo-nflprop-v2,projection,"Stefon Diggs",WR,43,0.866,2,,
2026-09-27,2026_03_SEA_WAS,"SEA @ WAS",ANYTIME_TD,leo-nflprop-v1,projection,"Stefon Diggs",WR,0.439,0.866,2,,
2026-09-27,2026_03_SEA_WAS,"SEA @ WAS",WR_REC_YARDS,leo-nflprop-v2,projection,"Terry McLaurin",WR,41,0.866,2,,
2026-09-27,2026_03_SEA_WAS,"SEA @ WAS",ANYTIME_TD,leo-nflprop-v1,projection,"Terry McLaurin",WR,0.159,0.866,2,,
2026-09-27,2026_03_SEA_WAS,"SEA @ WAS",WR_REC_YARDS,leo-nflprop-v2,projection,"Dyami Brown",WR,8,0.866,2,,
2026-09-27,2026_03_SEA_WAS,"SEA @ WAS",ANYTIME_TD,leo-nflprop-v1,projection,"Dyami Brown",WR,0.091,0.866,2,,
2026-09-27,2026_03_ARI_SF,"ARI @ SF",QB_PASS_YARDS,leo-nflprop-v2,projection,"Jacoby Brissett",QB,210,0.9329999999999999,2,,
2026-09-27,2026_03_ARI_SF,"ARI @ SF",RB_RUSH_YARDS,leo-nflprop-v1,projection,"Tyler Allgeier",RB,34,0.995,2,,
2026-09-27,2026_03_ARI_SF,"ARI @ SF",ANYTIME_TD,leo-nflprop-v1,projection,"Tyler Allgeier",RB,0.257,0.995,2,,
2026-09-27,2026_03_ARI_SF,"ARI @ SF",RB_RUSH_YARDS,leo-nflprop-v1,projection,"Jeremiyah Love",RB,38,0.995,2,,
2026-09-27,2026_03_ARI_SF,"ARI @ SF",ANYTIME_TD,leo-nflprop-v1,projection,"Jeremiyah Love",RB,0.341,0.995,2,,
2026-09-27,2026_03_ARI_SF,"ARI @ SF",WR_REC_YARDS,leo-nflprop-v2,projection,"Michael Wilson",WR,43,0.9329999999999999,2,,
2026-09-27,2026_03_ARI_SF,"ARI @ SF",ANYTIME_TD,leo-nflprop-v1,projection,"Michael Wilson",WR,0.212,0.9329999999999999,2,,
2026-09-27,2026_03_ARI_SF,"ARI @ SF",WR_REC_YARDS,leo-nflprop-v2,projection,"Kendrick Bourne",WR,36,0.9329999999999999,2,,
2026-09-27,2026_03_ARI_SF,"ARI @ SF",ANYTIME_TD,leo-nflprop-v1,projection,"Kendrick Bourne",WR,0.054,0.9329999999999999,2,,
2026-09-27,2026_03_ARI_SF,"ARI @ SF",WR_REC_YARDS,leo-nflprop-v2,projection,"Marvin Harrison Jr.",WR,29,0.9329999999999999,2,,
2026-09-27,2026_03_ARI_SF,"ARI @ SF",ANYTIME_TD,leo-nflprop-v1,projection,"Marvin Harrison Jr.",WR,0.182,0.9329999999999999,2,,
2026-09-27,2026_03_ARI_SF,"ARI @ SF",QB_PASS_YARDS,leo-nflprop-v2,projection,"Brock Purdy",QB,234,0.991,2,,
2026-09-27,2026_03_ARI_SF,"ARI @ SF",RB_RUSH_YARDS,leo-nflprop-v1,projection,"Kaelon Black",RB,47,1.023,2,,
2026-09-27,2026_03_ARI_SF,"ARI @ SF",ANYTIME_TD,leo-nflprop-v1,projection,"Kaelon Black",RB,0.228,1.023,2,,
2026-09-27,2026_03_ARI_SF,"ARI @ SF",RB_RUSH_YARDS,leo-nflprop-v1,projection,"Christian McCaffrey",RB,64,1.023,2,,
2026-09-27,2026_03_ARI_SF,"ARI @ SF",ANYTIME_TD,leo-nflprop-v1,projection,"Christian McCaffrey",RB,0.506,1.023,2,,
2026-09-27,2026_03_ARI_SF,"ARI @ SF",WR_REC_YARDS,leo-nflprop-v2,projection,"Deebo Samuel Sr.",WR,49,0.991,2,,
2026-09-27,2026_03_ARI_SF,"ARI @ SF",ANYTIME_TD,leo-nflprop-v1,projection,"Deebo Samuel Sr.",WR,0.309,0.991,2,,
2026-09-27,2026_03_ARI_SF,"ARI @ SF",WR_REC_YARDS,leo-nflprop-v2,projection,"Mike Evans",WR,59,0.991,2,,
2026-09-27,2026_03_ARI_SF,"ARI @ SF",ANYTIME_TD,leo-nflprop-v1,projection,"Mike Evans",WR,0.324,0.991,2,,
2026-09-27,2026_03_ARI_SF,"ARI @ SF",WR_REC_YARDS,leo-nflprop-v2,projection,"KhaDarel Hodge",WR,3,0.991,2,,
2026-09-27,2026_03_ARI_SF,"ARI @ SF",ANYTIME_TD,leo-nflprop-v1,projection,"KhaDarel Hodge",WR,0.081,0.991,2,,
2026-09-27,2026_03_MIN_TB,"MIN @ TB",QB_PASS_YARDS,leo-nflprop-v2,projection,"Carson Wentz",QB,188,1.026,2,,
2026-09-27,2026_03_MIN_TB,"MIN @ TB",RB_RUSH_YARDS,leo-nflprop-v1,projection,"Aaron Jones",RB,54,0.8859999999999999,2,,
2026-09-27,2026_03_MIN_TB,"MIN @ TB",ANYTIME_TD,leo-nflprop-v1,projection,"Aaron Jones",RB,0.25,0.8859999999999999,2,,
2026-09-27,2026_03_MIN_TB,"MIN @ TB",RB_RUSH_YARDS,leo-nflprop-v1,projection,"DeeJay Dallas",RB,5,0.8859999999999999,2,,
2026-09-27,2026_03_MIN_TB,"MIN @ TB",ANYTIME_TD,leo-nflprop-v1,projection,"DeeJay Dallas",RB,0.115,0.8859999999999999,2,,
2026-09-27,2026_03_MIN_TB,"MIN @ TB",WR_REC_YARDS,leo-nflprop-v2,projection,"Justin Jefferson",WR,69,1.026,2,,
2026-09-27,2026_03_MIN_TB,"MIN @ TB",ANYTIME_TD,leo-nflprop-v1,projection,"Justin Jefferson",WR,0.365,1.026,2,,
2026-09-27,2026_03_MIN_TB,"MIN @ TB",WR_REC_YARDS,leo-nflprop-v2,projection,"Jordan Addison",WR,23,1.026,2,,
2026-09-27,2026_03_MIN_TB,"MIN @ TB",ANYTIME_TD,leo-nflprop-v1,projection,"Jordan Addison",WR,0.151,1.026,2,,
2026-09-27,2026_03_MIN_TB,"MIN @ TB",WR_REC_YARDS,leo-nflprop-v2,projection,"Jauan Jennings",WR,12,1.026,1,,
2026-09-27,2026_03_MIN_TB,"MIN @ TB",ANYTIME_TD,leo-nflprop-v1,projection,"Jauan Jennings",WR,0.344,1.026,1,,
2026-09-27,2026_03_MIN_TB,"MIN @ TB",QB_PASS_YARDS,leo-nflprop-v2,projection,"Baker Mayfield",QB,219,1.089,2,,
2026-09-27,2026_03_MIN_TB,"MIN @ TB",RB_RUSH_YARDS,leo-nflprop-v1,projection,"Bucky Irving",RB,66,0.96,2,,
2026-09-27,2026_03_MIN_TB,"MIN @ TB",ANYTIME_TD,leo-nflprop-v1,projection,"Bucky Irving",RB,0.253,0.96,2,,
2026-09-27,2026_03_MIN_TB,"MIN @ TB",RB_RUSH_YARDS,leo-nflprop-v1,projection,"Kenny Gainwell",RB,23,0.96,2,,
2026-09-27,2026_03_MIN_TB,"MIN @ TB",ANYTIME_TD,leo-nflprop-v1,projection,"Kenny Gainwell",RB,0.183,0.96,2,,
2026-09-27,2026_03_MIN_TB,"MIN @ TB",WR_REC_YARDS,leo-nflprop-v2,projection,"Emeka Egbuka",WR,52,1.089,2,,
2026-09-27,2026_03_MIN_TB,"MIN @ TB",ANYTIME_TD,leo-nflprop-v1,projection,"Emeka Egbuka",WR,0.348,1.089,2,,
2026-09-27,2026_03_MIN_TB,"MIN @ TB",WR_REC_YARDS,leo-nflprop-v2,projection,"Ted Hurst III",WR,44,1.089,2,,
2026-09-27,2026_03_MIN_TB,"MIN @ TB",ANYTIME_TD,leo-nflprop-v1,projection,"Ted Hurst III",WR,0.196,1.089,2,,
2026-09-27,2026_03_MIN_TB,"MIN @ TB",WR_REC_YARDS,leo-nflprop-v2,projection,"Chris Godwin Jr.",WR,51,1.089,2,,
2026-09-27,2026_03_MIN_TB,"MIN @ TB",ANYTIME_TD,leo-nflprop-v1,projection,"Chris Godwin Jr.",WR,0.168,1.089,2,,
2026-09-27,2026_03_BAL_DAL,"BAL @ DAL",QB_PASS_YARDS,leo-nflprop-v2,projection,"Lamar Jackson",QB,233,0.986,2,,
2026-09-27,2026_03_BAL_DAL,"BAL @ DAL",RB_RUSH_YARDS,leo-nflprop-v1,projection,"Derrick Henry",RB,117,1.15,2,,
2026-09-27,2026_03_BAL_DAL,"BAL @ DAL",ANYTIME_TD,leo-nflprop-v1,projection,"Derrick Henry",RB,0.72,1.15,2,,
2026-09-27,2026_03_BAL_DAL,"BAL @ DAL",RB_RUSH_YARDS,leo-nflprop-v1,projection,"Justice Hill",RB,14,1.15,2,,
2026-09-27,2026_03_BAL_DAL,"BAL @ DAL",ANYTIME_TD,leo-nflprop-v1,projection,"Justice Hill",RB,0.185,1.15,2,,
2026-09-27,2026_03_BAL_DAL,"BAL @ DAL",WR_REC_YARDS,leo-nflprop-v2,projection,"Zay Flowers",WR,122,0.986,1,,
2026-09-27,2026_03_BAL_DAL,"BAL @ DAL",ANYTIME_TD,leo-nflprop-v1,projection,"Zay Flowers",WR,0.35,0.986,1,,
2026-09-27,2026_03_BAL_DAL,"BAL @ DAL",WR_REC_YARDS,leo-nflprop-v2,projection,"Rashod Bateman",WR,17,0.986,2,,
2026-09-27,2026_03_BAL_DAL,"BAL @ DAL",ANYTIME_TD,leo-nflprop-v1,projection,"Rashod Bateman",WR,0.256,0.986,2,,
2026-09-27,2026_03_BAL_DAL,"BAL @ DAL",WR_REC_YARDS,leo-nflprop-v2,projection,"Chris Moore",WR,26,0.986,2,,
2026-09-27,2026_03_BAL_DAL,"BAL @ DAL",ANYTIME_TD,leo-nflprop-v1,projection,"Chris Moore",WR,0.109,0.986,2,,
2026-09-27,2026_03_BAL_DAL,"BAL @ DAL",QB_PASS_YARDS,leo-nflprop-v2,projection,"Dak Prescott",QB,239,0.972,2,,
2026-09-27,2026_03_BAL_DAL,"BAL @ DAL",RB_RUSH_YARDS,leo-nflprop-v1,projection,"Javonte Williams",RB,52,0.9109999999999999,2,,
2026-09-27,2026_03_BAL_DAL,"BAL @ DAL",ANYTIME_TD,leo-nflprop-v1,projection,"Javonte Williams",RB,0.405,0.9109999999999999,2,,
2026-09-27,2026_03_BAL_DAL,"BAL @ DAL",RB_RUSH_YARDS,leo-nflprop-v1,projection,"Emari Demercado",RB,17,0.9109999999999999,2,,
2026-09-27,2026_03_BAL_DAL,"BAL @ DAL",ANYTIME_TD,leo-nflprop-v1,projection,"Emari Demercado",RB,0.074,0.9109999999999999,2,,
2026-09-27,2026_03_BAL_DAL,"BAL @ DAL",WR_REC_YARDS,leo-nflprop-v2,projection,"CeeDee Lamb",WR,86,0.972,2,,
2026-09-27,2026_03_BAL_DAL,"BAL @ DAL",ANYTIME_TD,leo-nflprop-v1,projection,"CeeDee Lamb",WR,0.478,0.972,2,,
2026-09-27,2026_03_BAL_DAL,"BAL @ DAL",WR_REC_YARDS,leo-nflprop-v2,projection,"George Pickens",WR,55,0.972,2,,
2026-09-27,2026_03_BAL_DAL,"BAL @ DAL",ANYTIME_TD,leo-nflprop-v1,projection,"George Pickens",WR,0.262,0.972,2,,
2026-09-27,2026_03_BAL_DAL,"BAL @ DAL",WR_REC_YARDS,leo-nflprop-v2,projection,"Ryan Flournoy",WR,21,0.972,2,,
2026-09-27,2026_03_BAL_DAL,"BAL @ DAL",ANYTIME_TD,leo-nflprop-v1,projection,"Ryan Flournoy",WR,0.164,0.972,2,,
2026-09-27,2026_03_LV_NO,"LV @ NO",QB_PASS_YARDS,leo-nflprop-v2,projection,"Kirk Cousins",QB,196,0.988,2,,
2026-09-27,2026_03_LV_NO,"LV @ NO",RB_RUSH_YARDS,leo-nflprop-v1,projection,"Ashton Jeanty",RB,72,1.0659999999999998,2,,
2026-09-27,2026_03_LV_NO,"LV @ NO",ANYTIME_TD,leo-nflprop-v1,projection,"Ashton Jeanty",RB,0.202,1.0659999999999998,2,,
2026-09-27,2026_03_LV_NO,"LV @ NO",RB_RUSH_YARDS,leo-nflprop-v1,projection,"Mike Washington Jr.",RB,25,1.0659999999999998,2,,
2026-09-27,2026_03_LV_NO,"LV @ NO",ANYTIME_TD,leo-nflprop-v1,projection,"Mike Washington Jr.",RB,0.237,1.0659999999999998,2,,
2026-09-27,2026_03_LV_NO,"LV @ NO",WR_REC_YARDS,leo-nflprop-v2,projection,"Tre Tucker",WR,52,0.988,2,,
2026-09-27,2026_03_LV_NO,"LV @ NO",ANYTIME_TD,leo-nflprop-v1,projection,"Tre Tucker",WR,0.302,0.988,2,,
2026-09-27,2026_03_LV_NO,"LV @ NO",WR_REC_YARDS,leo-nflprop-v2,projection,"Jalen Nailor",WR,18,0.988,2,,
2026-09-27,2026_03_LV_NO,"LV @ NO",ANYTIME_TD,leo-nflprop-v1,projection,"Jalen Nailor",WR,0.153,0.988,2,,
2026-09-27,2026_03_LV_NO,"LV @ NO",WR_REC_YARDS,leo-nflprop-v2,projection,"Jack Bech",WR,19,0.988,2,,
2026-09-27,2026_03_LV_NO,"LV @ NO",ANYTIME_TD,leo-nflprop-v1,projection,"Jack Bech",WR,0.201,0.988,2,,
2026-09-27,2026_03_LV_NO,"LV @ NO",QB_PASS_YARDS,leo-nflprop-v2,projection,"Tyler Shough",QB,268,0.9670000000000001,2,,
2026-09-27,2026_03_LV_NO,"LV @ NO",RB_RUSH_YARDS,leo-nflprop-v1,projection,"Kendre Miller",RB,32,0.961,1,,
2026-09-27,2026_03_LV_NO,"LV @ NO",ANYTIME_TD,leo-nflprop-v1,projection,"Kendre Miller",RB,0.32,0.961,1,,
2026-09-27,2026_03_LV_NO,"LV @ NO",RB_RUSH_YARDS,leo-nflprop-v1,projection,"Alvin Kamara",RB,29,0.961,1,,
2026-09-27,2026_03_LV_NO,"LV @ NO",ANYTIME_TD,leo-nflprop-v1,projection,"Alvin Kamara",RB,0.138,0.961,1,,
2026-09-27,2026_03_LV_NO,"LV @ NO",WR_REC_YARDS,leo-nflprop-v2,projection,"Chris Olave",WR,96,0.9670000000000001,2,,
2026-09-27,2026_03_LV_NO,"LV @ NO",ANYTIME_TD,leo-nflprop-v1,projection,"Chris Olave",WR,0.38,0.9670000000000001,2,,
2026-09-27,2026_03_LV_NO,"LV @ NO",WR_REC_YARDS,leo-nflprop-v2,projection,"Devaughn Vele",WR,39,0.9670000000000001,2,,
2026-09-27,2026_03_LV_NO,"LV @ NO",ANYTIME_TD,leo-nflprop-v1,projection,"Devaughn Vele",WR,0.277,0.9670000000000001,2,,
2026-09-27,2026_03_LV_NO,"LV @ NO",WR_REC_YARDS,leo-nflprop-v2,projection,"Bryce Lance",WR,18,0.9670000000000001,2,,
2026-09-27,2026_03_LV_NO,"LV @ NO",ANYTIME_TD,leo-nflprop-v1,projection,"Bryce Lance",WR,0.176,0.9670000000000001,2,,
2026-09-27,2026_03_LA_DEN,"LA @ DEN",QB_PASS_YARDS,leo-nflprop-v2,projection,"Matthew Stafford",QB,236,0.9390000000000001,2,,
2026-09-27,2026_03_LA_DEN,"LA @ DEN",RB_RUSH_YARDS,leo-nflprop-v1,projection,"Kyren Williams",RB,82,1.128,2,,
2026-09-27,2026_03_LA_DEN,"LA @ DEN",ANYTIME_TD,leo-nflprop-v1,projection,"Kyren Williams",RB,0.445,1.128,2,,
2026-09-27,2026_03_LA_DEN,"LA @ DEN",RB_RUSH_YARDS,leo-nflprop-v1,projection,"Blake Corum",RB,67,1.128,2,,
2026-09-27,2026_03_LA_DEN,"LA @ DEN",ANYTIME_TD,leo-nflprop-v1,projection,"Blake Corum",RB,0.237,1.128,2,,
2026-09-27,2026_03_LA_DEN,"LA @ DEN",WR_REC_YARDS,leo-nflprop-v2,projection,"Davante Adams",WR,73,0.9390000000000001,2,,
2026-09-27,2026_03_LA_DEN,"LA @ DEN",ANYTIME_TD,leo-nflprop-v1,projection,"Davante Adams",WR,0.554,0.9390000000000001,2,,
2026-09-27,2026_03_LA_DEN,"LA @ DEN",WR_REC_YARDS,leo-nflprop-v2,projection,"Tutu Atwell",WR,15,0.9390000000000001,1,,
2026-09-27,2026_03_LA_DEN,"LA @ DEN",ANYTIME_TD,leo-nflprop-v1,projection,"Tutu Atwell",WR,0.139,0.9390000000000001,1,,
2026-09-27,2026_03_LA_DEN,"LA @ DEN",WR_REC_YARDS,leo-nflprop-v2,projection,"Konata Mumpfield",WR,5,0.9390000000000001,2,,
2026-09-27,2026_03_LA_DEN,"LA @ DEN",ANYTIME_TD,leo-nflprop-v1,projection,"Konata Mumpfield",WR,0.104,0.9390000000000001,2,,
2026-09-27,2026_03_LA_DEN,"LA @ DEN",QB_PASS_YARDS,leo-nflprop-v2,projection,"Bo Nix",QB,194,0.912,2,,
2026-09-27,2026_03_LA_DEN,"LA @ DEN",RB_RUSH_YARDS,leo-nflprop-v1,projection,"J.K. Dobbins",RB,59,0.998,2,,
2026-09-27,2026_03_LA_DEN,"LA @ DEN",ANYTIME_TD,leo-nflprop-v1,projection,"J.K. Dobbins",RB,0.23,0.998,2,,
2026-09-27,2026_03_LA_DEN,"LA @ DEN",RB_RUSH_YARDS,leo-nflprop-v1,projection,"RJ Harvey",RB,31,0.998,1,,
2026-09-27,2026_03_LA_DEN,"LA @ DEN",ANYTIME_TD,leo-nflprop-v1,projection,"RJ Harvey",RB,0.275,0.998,1,,
2026-09-27,2026_03_LA_DEN,"LA @ DEN",WR_REC_YARDS,leo-nflprop-v2,projection,"Jaylen Waddle",WR,51,0.912,2,,
2026-09-27,2026_03_LA_DEN,"LA @ DEN",ANYTIME_TD,leo-nflprop-v1,projection,"Jaylen Waddle",WR,0.194,0.912,2,,
2026-09-27,2026_03_LA_DEN,"LA @ DEN",WR_REC_YARDS,leo-nflprop-v2,projection,"Courtland Sutton",WR,32,0.912,2,,
2026-09-27,2026_03_LA_DEN,"LA @ DEN",ANYTIME_TD,leo-nflprop-v1,projection,"Courtland Sutton",WR,0.208,0.912,2,,
2026-09-27,2026_03_LA_DEN,"LA @ DEN",WR_REC_YARDS,leo-nflprop-v2,projection,"Pat Bryant",WR,17,0.912,2,,
2026-09-27,2026_03_LA_DEN,"LA @ DEN",ANYTIME_TD,leo-nflprop-v1,projection,"Pat Bryant",WR,0.086,0.912,2,,
