captured_at,date,game_id,matchup,away,home,week,kickoff_utc,model_version,pick,model_prob,raw_model_prob,market_prob,price,edge,value_side,proj_total,total_line,total_side,proj_spread,spread_line,spread_side,exp_margin,away_rating,home_rating,model_weight,away_qb,away_off,away_def,away_epa_db,away_def_epa,home_qb,home_off,home_def,home_epa_db,home_def_epa,h2h_net_home,h2h_qb_edge_home,h2h_turnover_edge_home,away_exp_points,home_exp_points,roof_adj,wind_adj,over_prob,cover_prob
2026-09-20T16:36:00.000Z,2026-09-20,2026_02_CAR_ATL,CAR @ ATL,CAR,ATL,2,2026-09-20T17:00:00.000Z,leo-nflml-v1,ATL,0.691,0.691,0.417,130,0.274,ATL,49,43.5,Over,6.6,-2.5,ATL,6.6,-7.2,-2.6,1,51.8,50,31.7,0.027,0.14,32.8,41.1,61.5,-0.115,-0.051,0.127,-1.269,0,23.6,25.4,0,0,0.701,0.755
2026-09-20T16:36:00.000Z,2026-09-20,2026_02_NO_BAL,NO @ BAL,NO,BAL,2,2026-09-20T17:00:00.000Z,leo-nflml-v1,BAL,0.758,0.758,0.751,-360,0.007,BAL,49.4,45.5,Over,9.2,8.5,BAL,9.2,-2.4,4.8,1,44,38.1,54.9,-0.033,-0.039,55.2,61.5,49.8,0.084,-0.013,0.978,0.749,3,22.8,26.5,0,0,0.645,0.522
2026-09-20T16:36:00.000Z,2026-09-20,2026_02_MIN_CHI,MIN @ CHI,MIN,CHI,2,2026-09-20T17:00:00.000Z,leo-nflml-v1,CHI,0.623,0.623,0.645,-205,-0.022,MIN,52.9,46.5,Over,4.1,4.5,MIN,4.1,3.5,5.6,1,31,34.8,64.1,-0.145,-0.105,61.8,70.8,41.9,0.191,0.078,0.637,2.053,-1,26.1,26.8,0,0,0.73,0.489
2026-09-20T16:36:00.000Z,2026-09-20,2026_02_CIN_HOU,CIN @ HOU,CIN,HOU,2,2026-09-20T17:00:00.000Z,leo-nflml-v1,HOU,0.689,0.689,0.572,-148,0.117,HOU,51.1,45.5,Over,6.5,3,HOU,6.5,-2,2.5,1,50.9,50.8,41.7,0.001,0.081,47.1,45.9,63.9,0.016,-0.07,-0.264,-0.258,-4,24.4,26.6,0,0,0.705,0.605
2026-09-20T16:36:00.000Z,2026-09-20,2026_02_PIT_NE,PIT @ NE,PIT,NE,2,2026-09-20T17:00:00.000Z,leo-nflml-v1,NE,0.692,0.692,0.664,-225,0.028,NE,42.7,41.5,Over,6.6,4.5,NE,6.6,0.4,5,1,47.1,43,63.8,-0.038,-0.046,59,52.6,56.1,0.115,-0.053,-0.611,0.791,-6,20.4,22.3,0,0,0.545,0.564
2026-09-20T16:36:00.000Z,2026-09-20,2026_02_GB_NYJ,GB @ NYJ,GB,NYJ,2,2026-09-20T17:00:00.000Z,leo-nflml-v1,GB,0.505,0.495,0.622,-185,-0.117,NYJ,47.2,44.5,Over,-0.2,-3.5,NYJ,-0.2,-2,-4.1,1,63.2,58.8,48.5,0.182,0.028,37.9,39.9,36.1,-0.064,0.084,-0.77,-1.682,2,24.1,23.1,0,0,0.603,0.6
2026-09-20T16:36:00.000Z,2026-09-20,2026_02_CLE_TB,CLE @ TB,CLE,TB,2,2026-09-20T17:00:00.000Z,leo-nflml-v1,TB,0.731,0.731,0.777,-425,-0.046,CLE,46.2,41.5,Over,8.1,8.5,CLE,8.1,-7.9,-1.8,1,23.7,27,53.4,-0.257,-0.01,44.6,43.2,47.7,-0.05,0.005,0.272,1.392,-2,21.6,24.6,0,0,0.674,0.489
2026-09-20T16:36:00.000Z,2026-09-20,2026_02_PHI_TEN,PHI @ TEN,PHI,TEN,2,2026-09-20T17:00:00.000Z,leo-nflml-v1,PHI,0.764,0.236,0.734,-325,0.03,PHI,44,39.5,Over,-9.5,-7,PHI,-9.5,1.7,-9.8,1,57.7,53.4,55.9,0.049,-0.047,30.6,32.5,33.6,-0.212,0.099,-1.467,-1.81,-1,24.8,19.1,0,0,0.666,0.425
2026-09-20T16:36:00.000Z,2026-09-20,2026_02_JAX_DEN,JAX @ DEN,JAX,DEN,2,2026-09-20T20:05:00.000Z,leo-nflml-v1,JAX,0.725,0.275,0.428,124,0.297,JAX,45.5,45.5,Under,-7.9,2.5,JAX,-7.9,8.8,-1.1,1,68.8,64,67.1,0.211,-0.083,41.8,40.2,63.7,-0.038,-0.046,-1.554,-1.8,-4,25.4,20.1,0,0,0.499,0.216
2026-09-20T16:36:00.000Z,2026-09-20,2026_02_LV_LAC,LV @ LAC,LV,LAC,2,2026-09-20T20:05:00.000Z,leo-nflml-v1,LAC,0.619,0.619,0.734,-325,-0.115,LV,43,43.5,Under,4,7,LV,4,-4.3,-2.3,1,34.6,24.7,56.5,-0.146,-0.024,38.4,39.7,59.1,-0.081,-0.043,0.005,0.254,-3,20.6,21.6,0.8,0,0.481,0.41
2026-09-20T16:36:00.000Z,2026-09-20,2026_02_SEA_ARI,SEA @ ARI,SEA,ARI,2,2026-09-20T20:25:00.000Z,leo-nflml-v1,SEA,0.716,0.284,0.645,-205,0.071,SEA,45.1,40.5,Over,-7.5,-3.5,SEA,-7.5,7.8,-1.8,1,61.3,57.7,73.2,0.155,-0.114,52.7,50.6,48.3,0.053,0.017,-0.939,-0.575,-1,25.2,20,0,0,0.672,0.38
2026-09-20T16:36:00.000Z,2026-09-20,2026_02_WAS_DAL,WAS @ DAL,WAS,DAL,2,2026-09-20T20:25:00.000Z,leo-nflml-v1,DAL,0.581,0.581,0.664,-225,-0.083,WAS,51.1,50.5,Over,2.7,4.5,WAS,2.7,-3.2,-2.5,1,48,49,34.2,0.014,0.123,64.4,59.7,24.4,0.202,0.195,0.704,1.095,3,25.4,25.7,0,0,0.523,0.446
2026-09-20T16:36:00.000Z,2026-09-20,2026_02_MIA_SF,MIA @ SF,MIA,SF,2,2026-09-20T20:25:00.000Z,leo-nflml-v1,SF,0.835,0.835,0.868,-950,-0.033,MIA,45.3,44.5,Over,12.9,13.5,MIA,12.9,-5.1,5.7,1,39.4,44.9,42.7,-0.027,0.054,63,57.1,39.7,0.149,0.024,0.846,1.574,2,20,25.3,0,0,0.532,0.481
2026-09-20T16:36:00.000Z,2026-09-20,2026_02_IND_KC,IND @ KC,IND,KC,2,2026-09-21T00:20:00.000Z,leo-nflml-v1,KC,0.755,0.755,0.696,-265,0.059,KC,48.4,46.5,Over,9.1,6,KC,9.1,-2.2,4.9,1,46.4,53.8,40.1,0.008,0.059,43.9,54.1,61.8,0.016,-0.089,0.694,-0.171,2,22.4,26,0,0,0.571,0.593
2026-09-21T12:50:40.958Z,2026-09-21,2026_02_NYG_LA,NYG @ LA,NYG,LA,2,2026-09-22T00:15:00.000Z,leo-nflml-v1,LA,0.618,0.618,0.714,-290,-0.096,NYG,47.9,47.5,Over,3.9,6.5,NYG,3.9,-0.7,1.2,1,58.4,58,36.3,0.151,0.106,59.5,60.5,49.9,0.147,0.017,0.209,0.068,-1,23.1,24,0.8,0,0.516,0.423
2026-09-21T16:50:22.352Z,2026-09-27,2026_03_LAC_BUF,LAC @ BUF,LAC,BUF,3,2026-09-27T17:00:00.000Z,leo-nflml-v2,BUF,0.849,0.849,0.726,-310,0.123,BUF,48.5,50.5,Under,11.9,7,BUF,11.9,-4.2,5.6,1,36,34.3,59.3,-0.071,-0.053,71.4,78,47.2,0.276,0.043,1.638,2.359,3,22,26.6,0,0,0.425,0.645
2026-09-21T16:50:22.352Z,2026-09-27,2026_03_CAR_CLE,CAR @ CLE,CAR,CLE,3,2026-09-27T17:00:00.000Z,leo-nflml-v2,CAR,0.584,0.416,0.583,-155,0.001,CAR,46,42.5,Over,-3.1,-3,CAR,-3.1,-0.5,-5.6,1,56.7,53,44.5,0.072,0.042,33.7,30.9,56.4,-0.153,-0.037,-0.718,-1.537,-1,24.4,21.6,0,0,0.632,0.496
2026-09-21T16:50:22.352Z,2026-09-27,2026_03_NYJ_DET,NYJ @ DET,NYJ,DET,3,2026-09-27T17:00:00.000Z,leo-nflml-v2,DET,0.753,0.753,0.705,-278,0.048,DET,50.2,48.5,Over,6.8,6.5,DET,6.8,-4.3,0.5,1,39.9,38.6,44.1,-0.054,0.033,66,64.7,49.1,0.21,0.044,0.922,1.744,-1,23.5,25.9,0.8,0,0.564,0.509
2026-09-21T16:50:22.352Z,2026-09-27,2026_03_HOU_IND,HOU @ IND,HOU,IND,3,2026-09-27T17:00:00.000Z,leo-nflml-v2,IND,0.625,0.625,0.417,130,0.208,IND,49,43.5,Over,0.6,-3,IND,0.6,-0.6,-2,1,42.6,44,65.2,-0.019,-0.076,48.2,55,35,0.036,0.087,-0.38,0.371,-0.5,25,24,0,0,0.702,0.606
2026-09-21T16:50:22.352Z,2026-09-27,2026_03_NE_JAX,NE @ JAX,NE,JAX,3,2026-09-27T17:00:00.000Z,leo-nflml-v2,JAX,0.62,0.62,0.583,-155,0.037,JAX,40.8,45.5,Under,1.8,3,NE,1.8,6.7,6.5,1,52.4,51.6,65.2,0.085,-0.115,59.1,60.4,59.2,0.134,-0.056,0.514,0.45,2.5,20.5,20.4,0,0,0.327,0.464
2026-09-21T16:50:22.352Z,2026-09-27,2026_03_KC_MIA,KC @ MIA,KC,MIA,3,2026-09-27T17:00:00.000Z,leo-nflml-v2,KC,0.65,0.35,0.852,-800,-0.202,MIA,45.1,45.5,Under,-9.9,-11.5,MIA,-9.9,4.3,-7.6,1,50.8,59.6,54.2,0.074,-0.036,39.8,45.7,33.1,0.001,0.106,-1.041,-0.732,-1,25.8,19.2,0,0,0.483,0.549
2026-09-21T16:50:22.352Z,2026-09-27,2026_03_TEN_NYG,TEN @ NYG,TEN,NYG,3,2026-09-27T17:00:00.000Z,leo-nflml-v2,NYG,0.728,0.728,0.705,-278,0.023,NYG,45.2,43.5,Over,10.4,6,NYG,10.4,-9.2,-0.7,1,33.3,38.5,37.1,-0.185,0.088,58.4,58,36.3,0.151,0.106,0.648,1.676,-1,20.6,24.6,0,0,0.564,0.632
2026-09-21T16:50:22.352Z,2026-09-27,2026_03_CIN_PIT,CIN @ PIT,CIN,PIT,3,2026-09-27T17:00:00.000Z,leo-nflml-v2,CIN,0.581,0.419,0.622,-185,-0.041,PIT,44.1,42.5,Over,-1.2,-3.5,PIT,-1.2,1,-2.2,1,49,49.5,46.3,-0.002,0.022,39.4,36.9,62.8,-0.115,-0.039,-0.003,-0.638,0.5,22.8,21.3,0,0,0.56,0.57
2026-09-21T16:50:22.352Z,2026-09-27,2026_03_SEA_WAS,SEA @ WAS,SEA,WAS,3,2026-09-27T17:00:00.000Z,leo-nflml-v2,SEA,0.654,0.346,0.714,-290,-0.06,WAS,44.6,39.5,Over,-14,-6.5,SEA,-14,10.8,-5.2,1,67.9,60.4,76.8,0.23,-0.143,51.5,51.6,30.7,0.039,0.141,-1.675,-1.092,-2,26.5,18.1,0,0,0.688,0.285
2026-09-21T16:50:22.352Z,2026-09-27,2026_03_ARI_SF,ARI @ SF,ARI,SF,3,2026-09-27T20:05:00.000Z,leo-nflml-v2,SF,0.788,0.788,0.791,-470,-0.004,ARI,45.1,47.5,Under,15.9,8.5,SF,15.9,-5.8,8.1,1,48.1,44.5,42.5,0.009,0.045,72.9,66,41.8,0.268,0.02,0.826,1.654,0,19.1,26,0,0,0.408,0.712
2026-09-21T16:50:22.352Z,2026-09-27,2026_03_MIN_TB,MIN @ TB,MIN,TB,3,2026-09-27T20:05:00.000Z,leo-nflml-v2,TB,0.52,0.52,0.457,110,0.062,TB,43.7,42.5,Over,-4.7,-1.5,MIN,-4.7,4.2,-2.5,1,31.5,36.3,66,-0.117,-0.108,41,42.6,46.6,-0.105,0.005,-0.679,0.637,-4,23.5,20.2,0,0,0.547,0.404
2026-09-21T16:50:22.352Z,2026-09-27,2026_03_BAL_DAL,BAL @ DAL,BAL,DAL,3,2026-09-27T20:25:00.000Z,leo-nflml-v2,DAL,0.513,0.513,0.417,130,0.096,DAL,51.5,52.5,Under,-0.1,-3,DAL,-0.1,2.5,0.4,1,53.7,61.1,46.4,0.081,0.019,70.6,63.3,22.8,0.244,0.186,0.177,1.124,2.5,26.3,25.2,0,0,0.463,0.586
2026-09-21T16:50:22.352Z,2026-09-27,2026_03_LV_NO,LV @ NO,LV,NO,3,2026-09-27T20:25:00.000Z,leo-nflml-v2,NO,0.593,0.593,0.609,-175,-0.016,LV,43.6,43.5,Over,2.8,3,LV,2.8,-1.3,-0.5,1,39.7,28.3,62.2,-0.089,-0.066,47.6,42.9,52.5,0.009,-0.015,-0.26,0.531,-3.5,21.4,21.4,0.8,0,0.503,0.493
2026-09-21T16:50:22.352Z,2026-09-27,2026_03_LA_DEN,LA @ DEN,LA,DEN,3,2026-09-28T00:20:00.000Z,leo-nflml-v2,LA,0.541,0.459,0.551,-135,-0.01,DEN,43.7,45.5,Under,0.7,-2.5,DEN,0.7,1.2,-0.1,1,59.5,60.5,49.9,0.147,0.017,46.8,45.3,63.1,0.012,-0.044,-0.174,-0.841,0.5,22.2,21.5,0,0,0.431,0.596
2026-09-21T16:50:36.125Z,2026-09-21,2026_02_NYG_LA,NYG @ LA,NYG,LA,2,2026-09-22T00:15:00.000Z,leo-nflml-v2,LA,0.589,0.589,0.714,-290,-0.125,NYG,47.9,47.5,Over,3.9,6.5,NYG,3.9,-0.7,1.2,1,58.4,58,36.3,0.151,0.106,59.5,60.5,49.9,0.147,0.017,0.209,0.068,-1,23.1,24,0.8,0,0.516,0.423
2026-09-21T17:41:34.057Z,2026-09-21,2026_02_NYG_LA,NYG @ LA,NYG,LA,2,2026-09-22T00:15:00.000Z,leo-nflml-v2,LA,0.589,0.589,0.718,-298,-0.129,NYG,47.9,47.5,Over,3.9,6.5,NYG,3.9,-0.7,1.2,1,58.4,58,36.3,0.151,0.106,59.5,60.5,49.9,0.147,0.017,0.209,0.068,-1,23.1,24,0.8,0,0.516,0.423
2026-09-24T17:37:09.545Z,2026-09-24,2026_03_ATL_GB,ATL @ GB,ATL,GB,3,2026-09-25T00:15:00.000Z,leo-nflml-v2,GB,0.577,0.577,0.681,-245,-0.104,ATL,43.8,42.5,Over,8.9,4.5,GB,8.9,-7.7,-0.8,1,22,29.9,56.6,-0.218,-0.027,57.9,53.4,50.7,0.136,0.005,1.148,2.39,1.5,20.4,23.4,0,0,0.55,0.629
2026-09-24T23:47:45.053Z,2026-09-24,2026_03_ATL_GB,ATL @ GB,ATL,GB,3,2026-09-25T00:15:00.000Z,leo-nflml-v2,GB,0.577,0.577,0.675,-238,-0.098,ATL,43.8,43.5,Over,8.9,4.5,GB,8.9,-7.7,-0.8,1,22,29.9,56.6,-0.218,-0.027,57.9,53.4,50.7,0.136,0.005,1.148,2.39,1.5,20.4,23.4,0,0,0.512,0.629
2026-09-24T23:52:57.757Z,2026-09-24,2026_03_ATL_GB,ATL @ GB,ATL,GB,3,2026-09-25T00:15:00.000Z,leo-nflml-v2,GB,0.577,0.577,0.669,-230,-0.092,ATL,43.8,42.5,Over,8.9,4.5,GB,8.9,-7.7,-0.8,1,22,29.9,56.6,-0.218,-0.027,57.9,53.4,50.7,0.136,0.005,1.148,2.39,1.5,20.4,23.4,0,0,0.55,0.629
2026-09-27T12:07:00.786Z,2026-09-27,2026_03_LAC_BUF,LAC @ BUF,LAC,BUF,3,2026-09-27T17:00:00.000Z,leo-nflml-v2,BUF,0.846,0.846,0.734,-325,0.112,BUF,48.5,50.5,Under,11.9,7,BUF,11.9,-4.2,5.6,1,35.9,34.2,59.2,-0.071,-0.053,71.7,78,47.4,0.276,0.043,1.652,2.388,3,22,26.5,0,0,0.424,0.645
2026-09-27T12:07:00.786Z,2026-09-27,2026_03_CAR_CLE,CAR @ CLE,CAR,CLE,3,2026-09-27T17:00:00.000Z,leo-nflml-v2,CAR,0.582,0.418,0.551,-135,0.03,CAR,46,42.5,Over,-3.1,-1.5,CAR,-3.1,-0.5,-5.6,1,56.8,52.9,44.7,0.072,0.042,33.5,30.8,56.5,-0.153,-0.037,-0.725,-1.553,-1,24.4,21.5,0,0,0.63,0.451
2026-09-27T12:07:00.786Z,2026-09-27,2026_03_NYJ_DET,NYJ @ DET,NYJ,DET,3,2026-09-27T17:00:00.000Z,leo-nflml-v2,DET,0.75,0.75,0.722,-305,0.028,DET,50.1,48.5,Over,6.8,6.5,DET,6.8,-4.3,0.5,1,39.9,38.7,44.3,-0.054,0.033,66.1,64.8,49.3,0.21,0.044,0.921,1.748,-1,23.5,25.8,0.8,0,0.563,0.509
2026-09-27T12:07:00.786Z,2026-09-27,2026_03_HOU_IND,HOU @ IND,HOU,IND,3,2026-09-27T17:00:00.000Z,leo-nflml-v2,IND,0.626,0.626,0.468,105,0.158,IND,49,42.5,Over,0.6,-1.5,IND,0.6,-0.6,-2,1,42.6,44,65.1,-0.019,-0.076,48.2,54.8,35.3,0.036,0.087,-0.37,0.375,-0.5,25,24,0,0,0.733,0.562
2026-09-27T12:07:00.786Z,2026-09-27,2026_03_KC_MIA,KC @ MIA,KC,MIA,3,2026-09-27T17:00:00.000Z,leo-nflml-v2,KC,0.648,0.352,0.817,-575,-0.169,MIA,45,45.5,Under,-9.9,-10,MIA,-9.9,4.3,-7.6,1,50.8,59.7,54.2,0.074,-0.036,39.7,45.5,33.6,0.001,0.106,-1.036,-0.736,-1,25.8,19.2,0,0,0.481,0.504
2026-09-27T12:07:00.786Z,2026-09-27,2026_03_TEN_NYG,TEN @ NYG,TEN,NYG,3,2026-09-27T17:00:00.000Z,leo-nflml-v2,NYG,0.55,0.55,0.543,-130,0.007,NYG,44,37.5,Over,7.2,2.5,NYG,7.2,-9.2,-4,1,33.2,38.4,37.5,-0.185,0.088,45.8,48.6,33.1,0.03,0.121,0.32,0.839,0,20.9,23.1,0,0,0.734,0.64
2026-09-27T12:07:00.786Z,2026-09-27,2026_03_CIN_PIT,CIN @ PIT,CIN,PIT,3,2026-09-27T17:00:00.000Z,leo-nflml-v2,CIN,0.579,0.421,0.622,-185,-0.044,PIT,44,42.5,Over,-1.2,-3.5,PIT,-1.2,1,-2.2,1,48.9,49.4,46.5,-0.002,0.022,39.3,36.8,62.7,-0.115,-0.039,-0.008,-0.641,0.5,22.8,21.2,0,0,0.558,0.57
2026-09-27T12:07:00.786Z,2026-09-27,2026_03_SEA_WAS,SEA @ WAS,SEA,WAS,3,2026-09-27T17:00:00.000Z,leo-nflml-v2,SEA,0.648,0.352,0.766,-395,-0.118,WAS,44.6,40.5,Over,-14,-8.5,SEA,-14,10.8,-5.2,1,68.1,60.5,76.4,0.23,-0.143,51.5,51.6,31.2,0.039,0.141,-1.661,-1.106,-2,26.5,18.1,0,0,0.652,0.338
2026-09-27T12:07:00.786Z,2026-09-27,2026_03_ARI_SF,ARI @ SF,ARI,SF,3,2026-09-27T20:05:00.000Z,leo-nflml-v2,SF,0.784,0.784,0.766,-395,0.019,SF,45,48.5,Under,15.9,7.5,SF,15.9,-5.8,8.1,1,48.1,44.6,42.7,0.009,0.045,73.2,66.1,42,0.268,0.02,0.832,1.669,0,19.1,26,0,0,0.369,0.737
2026-09-27T12:07:00.786Z,2026-09-27,2026_03_MIN_TB,MIN @ TB,MIN,TB,3,2026-09-27T20:05:00.000Z,leo-nflml-v2,TB,0.52,0.52,0.489,-105,0.031,TB,43.7,42.5,Over,-4.7,-1.5,MIN,-4.7,4.2,-2.5,1,31.2,36.2,65.9,-0.117,-0.108,41,42.4,46.7,-0.105,0.005,-0.673,0.655,-4,23.5,20.2,0,0,0.546,0.404
2026-09-27T12:07:00.786Z,2026-09-27,2026_03_BAL_DAL,BAL @ DAL,BAL,DAL,3,2026-09-27T20:25:00.000Z,leo-nflml-v2,DAL,0.513,0.513,0.396,142,0.117,DAL,51.5,53.5,Under,-0.1,-3.5,DAL,-0.1,2.5,0.4,1,53.9,60.9,46.5,0.081,0.019,70.9,63.4,23.5,0.244,0.186,0.197,1.13,2.5,26.3,25.2,0,0,0.423,0.601
2026-09-27T12:07:00.786Z,2026-09-27,2026_03_LV_NO,LV @ NO,LV,NO,3,2026-09-27T20:25:00.000Z,leo-nflml-v2,NO,0.593,0.593,0.637,-198,-0.044,LV,43.5,43.5,Over,2.8,3.5,LV,2.8,-1.3,-0.5,1,39.4,28.3,62.3,-0.089,-0.066,47.7,42.9,52.5,0.009,-0.015,-0.255,0.555,-3.5,21.4,21.4,0.8,0,0.502,0.477
2026-09-27T12:07:00.786Z,2026-09-27,2026_03_LA_DEN,LA @ DEN,LA,DEN,3,2026-09-28T00:20:00.000Z,leo-nflml-v2,LA,0.617,0.383,0.543,-130,0.075,LA,42.6,44.5,Under,-2.4,-2.5,DEN,-2.4,4.3,-0.1,1,66.9,64.2,58.9,0.228,-0.05,46.8,45.3,62.9,0.012,-0.044,-0.63,-1.335,0,22.5,20.1,0,0,0.427,0.502
2026-09-27T17:20:27.571Z,2026-09-27,2026_03_NYJ_DET,NYJ @ DET,NYJ,DET,3,2026-09-27T17:00:00.000Z,leo-nflml-v2,DET,0.75,0.75,0.734,-325,0.016,DET,50.1,49.5,Over,6.8,7,NYJ,6.8,-4.3,0.5,1,39.9,38.7,44.3,-0.054,0.033,66.1,64.8,49.3,0.21,0.044,0.921,1.748,-1,23.5,25.8,0.8,0,0.525,0.494
2026-09-27T17:20:27.571Z,2026-09-27,2026_03_NE_JAX,NE @ JAX,NE,JAX,3,2026-09-27T17:00:00.000Z,leo-nflml-v2,JAX,0.62,0.62,0.593,-162,0.027,JAX,40.8,46.5,Under,1.8,3,NE,1.8,6.7,6.5,1,52.6,51.5,65,0.085,-0.115,59.2,60.5,59.1,0.134,-0.056,0.518,0.439,2.5,20.5,20.3,0,0,0.292,0.464
2026-09-27T17:20:27.571Z,2026-09-27,2026_03_KC_MIA,KC @ MIA,KC,MIA,3,2026-09-27T17:00:00.000Z,leo-nflml-v2,KC,0.648,0.352,0.822,-600,-0.174,MIA,45,45.5,Under,-9.9,-10,MIA,-9.9,4.3,-7.6,1,50.8,59.7,54.2,0.074,-0.036,39.7,45.5,33.6,0.001,0.106,-1.036,-0.736,-1,25.8,19.2,0,0,0.481,0.504
2026-09-27T17:20:27.571Z,2026-09-27,2026_03_CIN_PIT,CIN @ PIT,CIN,PIT,3,2026-09-27T17:00:00.000Z,leo-nflml-v2,CIN,0.579,0.421,0.616,-180,-0.038,PIT,44,42.5,Over,-1.2,-3.5,PIT,-1.2,1,-2.2,1,48.9,49.4,46.5,-0.002,0.022,39.3,36.8,62.7,-0.115,-0.039,-0.008,-0.641,0.5,22.8,21.2,0,0,0.558,0.57
2026-09-27T17:20:27.571Z,2026-09-27,2026_03_SEA_WAS,SEA @ WAS,SEA,WAS,3,2026-09-27T17:00:00.000Z,leo-nflml-v2,SEA,0.648,0.352,0.772,-410,-0.123,WAS,44.6,40.5,Over,-14,-8.5,SEA,-14,10.8,-5.2,1,68.1,60.5,76.4,0.23,-0.143,51.5,51.6,31.2,0.039,0.141,-1.661,-1.106,-2,26.5,18.1,0,0,0.652,0.338
2026-09-27T17:20:27.571Z,2026-09-27,2026_03_MIN_TB,MIN @ TB,MIN,TB,3,2026-09-27T20:05:00.000Z,leo-nflml-v2,TB,0.52,0.52,0.478,100,0.042,TB,43.7,42.5,Over,-4.7,-1.5,MIN,-4.7,4.2,-2.5,1,31.2,36.2,65.9,-0.117,-0.108,41,42.4,46.7,-0.105,0.005,-0.673,0.655,-4,23.5,20.2,0,0,0.546,0.404
2026-09-27T17:20:27.571Z,2026-09-27,2026_03_BAL_DAL,BAL @ DAL,BAL,DAL,3,2026-09-27T20:25:00.000Z,leo-nflml-v2,DAL,0.513,0.513,0.391,145,0.122,DAL,51.5,53.5,Under,-0.1,-3.5,DAL,-0.1,2.5,0.4,1,53.9,60.9,46.5,0.081,0.019,70.9,63.4,23.5,0.244,0.186,0.197,1.13,2.5,26.3,25.2,0,0,0.423,0.601
2026-09-27T17:20:27.571Z,2026-09-27,2026_03_LV_NO,LV @ NO,LV,NO,3,2026-09-27T20:25:00.000Z,leo-nflml-v2,NO,0.593,0.593,0.622,-185,-0.029,LV,43.5,43.5,Over,2.8,3.5,LV,2.8,-1.3,-0.5,1,39.4,28.3,62.3,-0.089,-0.066,47.7,42.9,52.5,0.009,-0.015,-0.255,0.555,-3.5,21.4,21.4,0.8,0,0.502,0.477
2026-09-27T18:01:36.299Z,2026-09-27,2026_03_MIN_TB,MIN @ TB,MIN,TB,3,2026-09-27T20:05:00.000Z,leo-nflml-v2,TB,0.52,0.52,0.483,-102,0.038,TB,43.7,42.5,Over,-4.7,-1.5,MIN,-4.7,4.2,-2.5,1,31.2,36.2,65.9,-0.117,-0.108,41,42.4,46.7,-0.105,0.005,-0.673,0.655,-4,23.5,20.2,0,0,0.546,0.404
2026-09-27T18:01:36.299Z,2026-09-27,2026_03_LV_NO,LV @ NO,LV,NO,3,2026-09-27T20:25:00.000Z,leo-nflml-v2,NO,0.593,0.593,0.631,-192,-0.038,LV,43.5,43.5,Over,2.8,3.5,LV,2.8,-1.3,-0.5,1,39.4,28.3,62.3,-0.089,-0.066,47.7,42.9,52.5,0.009,-0.015,-0.255,0.555,-3.5,21.4,21.4,0.8,0,0.502,0.477
2026-09-27T18:27:54.655Z,2026-09-27,2026_03_MIN_TB,MIN @ TB,MIN,TB,3,2026-09-27T20:05:00.000Z,leo-nflml-v2,TB,0.52,0.52,0.489,-105,0.031,TB,43.7,42.5,Over,-4.7,-1.5,MIN,-4.7,4.2,-2.5,1,31.2,36.2,65.9,-0.117,-0.108,41,42.4,46.7,-0.105,0.005,-0.673,0.655,-4,23.5,20.2,0,0,0.546,0.404
2026-09-27T18:27:54.655Z,2026-09-27,2026_03_BAL_DAL,BAL @ DAL,BAL,DAL,3,2026-09-27T20:25:00.000Z,leo-nflml-v2,DAL,0.513,0.513,0.4,140,0.113,DAL,51.5,53.5,Under,-0.1,-3,DAL,-0.1,2.5,0.4,1,53.9,60.9,46.5,0.081,0.019,70.9,63.4,23.5,0.244,0.186,0.197,1.13,2.5,26.3,25.2,0,0,0.423,0.586
2026-09-27T19:50:00.758Z,2026-09-27,2026_03_BAL_DAL,BAL @ DAL,BAL,DAL,3,2026-09-27T20:25:00.000Z,leo-nflml-v2,DAL,0.513,0.513,0.396,142,0.117,DAL,51.5,53.5,Under,-0.1,-3,DAL,-0.1,2.5,0.4,1,53.9,60.9,46.5,0.081,0.019,70.9,63.4,23.5,0.244,0.186,0.197,1.13,2.5,26.3,25.2,0,0,0.423,0.586
2026-09-27T19:50:00.758Z,2026-09-27,2026_03_LV_NO,LV @ NO,LV,NO,3,2026-09-27T20:25:00.000Z,leo-nflml-v2,NO,0.593,0.593,0.622,-185,-0.029,LV,43.5,43.5,Over,2.8,3.5,LV,2.8,-1.3,-0.5,1,39.4,28.3,62.3,-0.089,-0.066,47.7,42.9,52.5,0.009,-0.015,-0.255,0.555,-3.5,21.4,21.4,0.8,0,0.502,0.477
2026-09-27T21:11:01.913Z,2026-09-27,2026_03_LAC_BUF,LAC @ BUF,LAC,BUF,3,2026-09-27T17:00:00.000Z,leo-nflml-v2,BUF,0.846,0.846,0.734,-325,0.112,BUF,47.2,50.5,Under,12.2,7,BUF,12.2,-4.5,5.7,1,35.3,36.4,60.8,-0.087,-0.042,65.4,72.4,48.7,0.237,0.027,0.884,2.013,-0.66,21.1,26.1,0,0,0.376,0.653
2026-09-27T21:11:01.913Z,2026-09-27,2026_03_CAR_CLE,CAR @ CLE,CAR,CLE,3,2026-09-27T17:00:00.000Z,leo-nflml-v2,CAR,0.582,0.418,0.551,-135,0.03,CAR,44.9,41.5,Over,-2.1,-2.5,CLE,-2.1,-0.6,-4.7,1,52.3,50.2,45.8,0.033,0.033,34.6,32.8,58.2,-0.122,-0.054,-0.431,-1.178,-0.33,23.5,21.4,0,0,0.628,0.512
2026-09-27T21:11:01.913Z,2026-09-27,2026_03_NYJ_DET,NYJ @ DET,NYJ,DET,3,2026-09-27T17:00:00.000Z,leo-nflml-v2,DET,0.75,0.75,0.734,-325,0.016,DET,50.9,49.5,Over,7.5,7,DET,7.5,-4.4,1.2,1,46,42.6,38.9,-0.008,0.06,68.4,66.8,48.3,0.23,0.053,1.053,1.491,0,23.5,26.5,0.8,0,0.553,0.517
2026-09-27T21:11:01.913Z,2026-09-27,2026_03_HOU_IND,HOU @ IND,HOU,IND,3,2026-09-27T17:00:00.000Z,leo-nflml-v2,IND,0.626,0.626,0.468,105,0.158,IND,47,41.5,Over,0.8,-1.5,IND,0.8,-0.5,-1.7,1,42.2,44.2,67.5,-0.03,-0.086,45.4,51.2,38,0.004,0.071,-0.694,0.21,-2,23.8,23.2,0,0,0.703,0.568
2026-09-27T21:11:01.913Z,2026-09-27,2026_03_NE_JAX,NE @ JAX,NE,JAX,3,2026-09-27T17:00:00.000Z,leo-nflml-v2,JAX,0.62,0.62,0.593,-162,0.027,JAX,40.8,46.5,Under,9.5,3,JAX,9.5,1.9,9.4,1,46,47.1,60.1,0.011,-0.064,61.7,61.5,63.5,0.151,-0.087,1.037,1.045,3,18.4,22.4,0,0,0.291,0.69
2026-09-27T21:11:01.913Z,2026-09-27,2026_03_KC_MIA,KC @ MIA,KC,MIA,3,2026-09-27T17:00:00.000Z,leo-nflml-v2,KC,0.648,0.352,0.822,-600,-0.174,MIA,43.4,45.5,Under,-12.8,-10,KC,-12.8,5.9,-8.8,1,56.3,61.7,55.2,0.124,-0.055,37.9,42.9,31.2,-0.017,0.111,-1.365,-1.227,-1.33,25.5,17.9,0,0,0.419,0.417
2026-09-27T21:11:01.913Z,2026-09-27,2026_03_TEN_NYG,TEN @ NYG,TEN,NYG,3,2026-09-27T17:00:00.000Z,leo-nflml-v2,NYG,0.55,0.55,0.543,-130,0.007,NYG,40.4,37.5,Over,7.3,2.5,NYG,7.3,-8.3,-3,1,33,36.5,40.6,-0.186,0.062,42.9,46.9,37.1,-0.002,0.083,0.392,0.66,0.66,18.9,21.5,0,0,0.609,0.643
2026-09-27T21:11:01.913Z,2026-09-27,2026_03_CIN_PIT,CIN @ PIT,CIN,PIT,3,2026-09-27T17:00:00.000Z,leo-nflml-v2,CIN,0.579,0.421,0.616,-180,-0.038,PIT,45.8,42.5,Over,-0.4,-3.5,PIT,-0.4,0.7,-1.7,1,55,53.6,44.1,0.056,0.039,41.8,42.2,55.4,-0.075,0.008,-0.167,-0.881,0.33,23.4,22.4,0,0,0.625,0.592
2026-09-27T21:11:01.913Z,2026-09-27,2026_03_SEA_WAS,SEA @ WAS,SEA,WAS,3,2026-09-27T17:00:00.000Z,leo-nflml-v2,SEA,0.648,0.352,0.772,-410,-0.123,WAS,47.3,40.5,Over,-11.7,-8.5,SEA,-11.7,9.3,-4.5,1,66.9,57.7,74.2,0.197,-0.136,53.7,50.3,33.9,0.051,0.111,-1.056,-0.881,1,27.1,20.2,0,0,0.743,0.404
2026-09-27T21:11:01.913Z,2026-09-27,2026_03_MIN_TB,MIN @ TB,MIN,TB,3,2026-09-27T20:05:00.000Z,leo-nflml-v2,TB,0.52,0.52,0.496,-108,0.025,TB,43.6,42.5,Over,-4.7,-1.5,MIN,-4.7,4.2,-2.5,1,30.7,36.2,66.4,-0.117,-0.108,40.6,42.7,46.7,-0.105,0.005,-0.673,0.66,-4,23.5,20.1,0,0,0.543,0.404
2026-09-27T21:11:01.913Z,2026-09-27,2026_03_BAL_DAL,BAL @ DAL,BAL,DAL,3,2026-09-27T20:25:00.000Z,leo-nflml-v2,DAL,0.513,0.513,0.396,142,0.117,DAL,51.4,53.5,Under,-0.1,-3,DAL,-0.1,2.5,0.4,1,53.8,61.7,46.4,0.081,0.019,71.2,63.9,22.4,0.244,0.186,0.18,1.16,2.5,26.3,25.1,0,0,0.42,0.586
2026-09-27T21:11:01.913Z,2026-09-27,2026_03_LV_NO,LV @ NO,LV,NO,3,2026-09-27T20:25:00.000Z,leo-nflml-v2,NO,0.593,0.593,0.631,-192,-0.038,LV,43.5,43.5,Under,2.8,3.5,LV,2.8,-1.3,-0.5,1,39.1,28,62.7,-0.089,-0.066,47.5,43,52.5,0.009,-0.015,-0.256,0.563,-3.5,21.3,21.3,0.8,0,0.498,0.477
2026-09-27T21:11:01.913Z,2026-09-27,2026_03_LA_DEN,LA @ DEN,LA,DEN,3,2026-09-28T00:20:00.000Z,leo-nflml-v2,LA,0.617,0.383,0.543,-130,0.075,LA,42.5,44.5,Under,-2.4,-1.5,LA,-2.4,4.3,-0.1,1,67.2,65,59.5,0.228,-0.05,46.8,45.4,62.9,0.012,-0.044,-0.662,-1.365,0,22.4,20.1,0,0,0.424,0.472
2026-09-27T21:21:49.818Z,2026-09-27,2026_03_LA_DEN,LA @ DEN,LA,DEN,3,2026-09-28T00:20:00.000Z,leo-nflml-v2,LA,0.617,0.383,0.532,-125,0.085,LA,42.5,44.5,Under,-2.4,-1.5,LA,-2.4,4.3,-0.1,1,67.2,65,59.5,0.228,-0.05,46.8,45.4,62.9,0.012,-0.044,-0.662,-1.365,0,22.4,20.1,0,0,0.424,0.472
2026-09-28T00:03:09.925Z,2026-09-27,2026_03_LAC_BUF,LAC @ BUF,LAC,BUF,3,2026-09-27T17:00:00.000Z,leo-nflml-v2,BUF,0.846,0.846,0.734,-325,0.112,BUF,47.4,50.5,Under,12.2,7,BUF,12.2,-4.5,5.7,1,35.3,36.4,60.8,-0.087,-0.042,65.4,72.4,48.7,0.237,0.027,0.884,2.013,-0.66,21.2,26.2,0,0,0.382,0.653
2026-09-28T00:03:09.925Z,2026-09-27,2026_03_CAR_CLE,CAR @ CLE,CAR,CLE,3,2026-09-27T17:00:00.000Z,leo-nflml-v2,CAR,0.582,0.418,0.551,-135,0.03,CAR,45.1,41.5,Over,-2.1,-2.5,CLE,-2.1,-0.6,-4.7,1,52.3,50.2,45.8,0.033,0.033,34.6,32.8,58.2,-0.122,-0.054,-0.431,-1.178,-0.33,23.5,21.5,0,0,0.634,0.512
2026-09-28T00:03:09.925Z,2026-09-27,2026_03_NYJ_DET,NYJ @ DET,NYJ,DET,3,2026-09-27T17:00:00.000Z,leo-nflml-v2,DET,0.75,0.75,0.734,-325,0.016,DET,51.1,49.5,Over,7.5,7,DET,7.5,-4.4,1.2,1,46,42.6,38.9,-0.008,0.06,68.4,66.8,48.3,0.23,0.053,1.053,1.491,0,23.6,26.6,0.8,0,0.559,0.517
2026-09-28T00:03:09.925Z,2026-09-27,2026_03_HOU_IND,HOU @ IND,HOU,IND,3,2026-09-27T17:00:00.000Z,leo-nflml-v2,IND,0.626,0.626,0.468,105,0.158,IND,47.2,41.5,Over,0.8,-1.5,IND,0.8,-0.5,-1.7,1,42.2,44.2,67.5,-0.03,-0.086,45.4,51.2,38,0.004,0.071,-0.694,0.21,-2,23.9,23.3,0,0,0.709,0.568
2026-09-28T00:03:09.925Z,2026-09-27,2026_03_NE_JAX,NE @ JAX,NE,JAX,3,2026-09-27T17:00:00.000Z,leo-nflml-v2,JAX,0.62,0.62,0.593,-162,0.027,JAX,40.9,46.5,Under,9.5,3,JAX,9.5,1.9,9.4,1,46,47.1,60.1,0.011,-0.064,61.7,61.5,63.5,0.151,-0.087,1.037,1.045,3,18.4,22.5,0,0,0.296,0.69
2026-09-28T00:03:09.925Z,2026-09-27,2026_03_KC_MIA,KC @ MIA,KC,MIA,3,2026-09-27T17:00:00.000Z,leo-nflml-v2,KC,0.648,0.352,0.822,-600,-0.174,MIA,43.5,45.5,Under,-12.8,-10,KC,-12.8,5.9,-8.8,1,56.3,61.7,55.2,0.124,-0.055,37.9,42.9,31.2,-0.017,0.111,-1.365,-1.227,-1.33,25.6,17.9,0,0,0.425,0.417
2026-09-28T00:03:09.925Z,2026-09-27,2026_03_TEN_NYG,TEN @ NYG,TEN,NYG,3,2026-09-27T17:00:00.000Z,leo-nflml-v2,NYG,0.55,0.55,0.543,-130,0.007,NYG,40.5,37.5,Over,7.3,2.5,NYG,7.3,-8.3,-3,1,33,36.5,40.6,-0.186,0.062,42.9,46.9,37.1,-0.002,0.083,0.392,0.66,0.66,19,21.6,0,0,0.615,0.643
2026-09-28T00:03:09.925Z,2026-09-27,2026_03_CIN_PIT,CIN @ PIT,CIN,PIT,3,2026-09-27T17:00:00.000Z,leo-nflml-v2,CIN,0.579,0.421,0.616,-180,-0.038,PIT,46,42.5,Over,-0.4,-3.5,PIT,-0.4,0.7,-1.7,1,55,53.6,44.1,0.056,0.039,41.8,42.2,55.4,-0.075,0.008,-0.167,-0.881,0.33,23.4,22.5,0,0,0.631,0.592
2026-09-28T00:03:09.925Z,2026-09-27,2026_03_SEA_WAS,SEA @ WAS,SEA,WAS,3,2026-09-27T17:00:00.000Z,leo-nflml-v2,SEA,0.648,0.352,0.772,-410,-0.123,WAS,47.4,40.5,Over,-11.7,-8.5,SEA,-11.7,9.3,-4.5,1,66.9,57.7,74.2,0.197,-0.136,53.7,50.3,33.9,0.051,0.111,-1.056,-0.881,1,27.2,20.3,0,0,0.748,0.404
2026-09-28T00:03:09.925Z,2026-09-27,2026_03_ARI_SF,ARI @ SF,ARI,SF,3,2026-09-27T20:05:00.000Z,leo-nflml-v2,SF,0.784,0.784,0.766,-395,0.019,SF,48.1,48.5,Under,15,7.5,SF,15,-5.5,7.5,1,48,44.4,42.5,0.009,0.045,73.6,66.7,42,0.268,0.02,0.86,1.709,0,20.7,27.4,0,0,0.486,0.716
2026-09-28T00:03:09.925Z,2026-09-27,2026_03_MIN_TB,MIN @ TB,MIN,TB,3,2026-09-27T20:05:00.000Z,leo-nflml-v2,TB,0.52,0.52,0.496,-108,0.025,TB,43.1,42.5,Over,-6.3,-1.5,MIN,-6.3,4.9,-3.4,1,30.7,36.2,66.4,-0.117,-0.108,40.6,42.7,46.7,-0.105,0.005,-0.673,0.66,-4,23.5,19.6,0,0,0.524,0.357
2026-09-28T00:03:09.925Z,2026-09-27,2026_03_BAL_DAL,BAL @ DAL,BAL,DAL,3,2026-09-27T20:25:00.000Z,leo-nflml-v2,DAL,0.513,0.513,0.396,142,0.117,DAL,53.5,53.5,Over,-1.3,-3,DAL,-1.3,2.9,-0.4,1,53.8,61.7,46.4,0.081,0.019,71.2,63.9,22.4,0.244,0.186,0.18,1.16,2.5,27.5,26.1,0,0,0.501,0.553
2026-09-28T00:03:09.925Z,2026-09-27,2026_03_LV_NO,LV @ NO,LV,NO,3,2026-09-27T20:25:00.000Z,leo-nflml-v2,NO,0.593,0.593,0.631,-192,-0.038,LV,46.4,43.5,Over,-0.2,3.5,LV,-0.2,0.3,-1.9,1,39.1,28,62.7,-0.089,-0.066,47.5,43,52.5,0.009,-0.015,-0.256,0.563,-3.5,23.4,22.2,0.8,0,0.61,0.389
2026-09-28T00:03:09.925Z,2026-09-27,2026_03_LA_DEN,LA @ DEN,LA,DEN,3,2026-09-28T00:20:00.000Z,leo-nflml-v2,LA,0.617,0.383,0.511,-115,0.107,LA,42.7,44.5,Under,-2.4,-1.5,LA,-2.4,4.3,-0.1,1,67.2,65,59.5,0.228,-0.05,46.8,45.4,62.9,0.012,-0.044,-0.662,-1.365,0,22.5,20.2,0,0,0.431,0.472
2026-09-28T00:45:10.420Z,2026-09-27,2026_03_LA_DEN,LA @ DEN,LA,DEN,3,2026-09-28T00:20:00.000Z,leo-nflml-v2,LA,0.617,0.383,0.496,-108,0.122,LA,42.7,43.5,Under,-2.4,1.5,LA,-2.4,4.3,-0.1,1,66.1,63.7,59.5,0.228,-0.05,46.5,45.3,62.6,0.012,-0.044,-0.63,-1.304,0,22.5,20.2,0,0,0.469,0.383
2026-09-28T19:53:22.329Z,2026-09-28,2026_03_PHI_CHI,PHI @ CHI,PHI,CHI,3,2026-09-29T00:15:00.000Z,leo-nflml-v2,CHI,0.542,0.542,0.378,154,0.164,CHI,47,41.5,Over,2.9,-3.5,CHI,2.9,2.4,3.3,1,58.6,52.8,52.5,0.083,-0.027,54.2,62.6,44,0.13,0.057,-0.111,-0.29,-0.5,23.3,23.8,0,0,0.703,0.687
2026-09-29T00:46:55.992Z,2026-09-28,2026_03_PHI_CHI,PHI @ CHI,PHI,CHI,3,2026-09-29T00:15:00.000Z,leo-nflml-v2,CHI,0.538,0.538,0.363,164,0.175,CHI,47,42.5,Over,2.9,-3.5,CHI,2.9,2.4,3.3,1,58.6,52.8,52.5,0.083,-0.027,54.2,62.6,44,0.13,0.057,-0.111,-0.29,-0.5,23.3,23.8,0,0,0.669,0.687
2026-10-01T18:36:44.893Z,2026-10-01,2026_04_PIT_CLE,PIT @ CLE,PIT,CLE,4,2026-10-02T00:15:00.000Z,leo-nflml-v2,CLE,0.541,0.541,0.428,124,0.113,CLE,41.6,38.5,Over,-1,-2.5,CLE,-1,-1.7,-4.7,1,42.1,42.5,55.2,-0.075,0.008,34.9,33.3,58.1,-0.122,-0.054,-0.335,-0.476,-0.66,21.7,19.9,0,0,0.617,0.546
2026-10-04T00:22:11.594Z,2026-10-04,2026_04_IND_WAS,IND @ WAS,IND,WAS,4,2026-10-04T13:30:00.000Z,leo-nflml-v2,WAS,0.508,0.508,0.355,170,0.153,WAS,51.3,46.5,Over,-0.7,-4.5,WAS,-0.7,-1.7,-4.5,1,45.3,51.4,38.6,0.004,0.071,53.6,50.1,34.5,0.051,0.111,0.348,0.553,2.33,26.5,24.8,0,0,0.679,0.612
2026-10-04T00:22:11.594Z,2026-10-04,2026_04_TEN_BAL,TEN @ BAL,TEN,BAL,4,2026-10-04T17:00:00.000Z,leo-nflml-v2,BAL,0.794,0.794,0.84,-700,-0.046,TEN,45.5,42.5,Over,13.2,11.5,BAL,13.2,-8.3,2.9,1,33.3,36.8,41.2,-0.186,0.062,59.7,65.8,42.9,0.141,0.044,1.058,1.76,0,20.1,25.4,0,0,0.614,0.551
2026-10-04T00:22:11.594Z,2026-10-04,2026_04_NE_BUF,NE @ BUF,NE,BUF,4,2026-10-04T17:00:00.000Z,leo-nflml-v2,BUF,0.724,0.724,0.722,-305,0.002,BUF,45.9,49.5,Under,5.8,7,NE,5.8,1.9,5.7,1,46,46.8,60.1,0.011,-0.064,65.1,71.8,48.9,0.237,0.027,0.729,1.272,1,21.9,24,0,0,0.364,0.465
2026-10-04T00:22:11.594Z,2026-10-04,2026_04_NYJ_CHI,NYJ @ CHI,NYJ,CHI,4,2026-10-04T17:00:00.000Z,leo-nflml-v2,CHI,0.709,0.709,0.622,-185,0.087,CHI,46.5,43.5,Over,11.8,3.5,CHI,11.8,-4.4,5.4,1,46.1,42.3,39.7,-0.008,0.06,56.9,62.2,49.3,0.141,0.022,0.691,0.72,-0.66,20.6,25.8,0,0,0.612,0.735
2026-10-04T00:22:11.594Z,2026-10-04,2026_04_JAX_CIN,JAX @ CIN,JAX,CIN,4,2026-10-04T17:00:00.000Z,leo-nflml-v2,JAX,0.572,0.428,0.437,120,0.135,JAX,46.8,51.5,Under,-6.7,2.5,JAX,-6.7,9.4,0.7,1,61.4,61.1,63.2,0.151,-0.087,55,53.3,44.3,0.056,0.039,-0.746,-0.431,-0.67,25.7,21.1,0,0,0.327,0.243
2026-10-04T00:22:11.594Z,2026-10-04,2026_04_DAL_HOU,DAL @ HOU,DAL,HOU,4,2026-10-04T17:00:00.000Z,leo-nflml-v2,DAL,0.549,0.451,0.417,130,0.132,DAL,49,48.5,Over,1.9,3,DAL,1.9,-0.4,-0.5,1,69.3,63.2,22.1,0.254,0.18,42.2,43.9,66.9,-0.03,-0.086,0,-1.806,-0.66,24.5,24.5,0,0,0.52,0.467
2026-10-04T00:22:11.594Z,2026-10-04,2026_04_ARI_NYG,ARI @ NYG,ARI,NYG,4,2026-10-04T17:00:00.000Z,leo-nflml-v2,ARI,0.53,0.47,0.563,-142,-0.034,NYG,45,44.5,Over,4.6,-2.5,NYG,4.6,-5.5,-3,1,52.2,46.7,34.8,0.042,0.095,42.8,46.8,37.8,-0.002,0.083,-0.039,-0.625,0.33,21.7,23.3,0,0,0.519,0.704
2026-10-04T00:22:11.594Z,2026-10-04,2026_04_LA_PHI,LA @ PHI,LA,PHI,4,2026-10-04T17:00:00.000Z,leo-nflml-v2,LA,0.576,0.424,0.622,-185,-0.046,PHI,44.1,42.5,Over,-2,-3.5,PHI,-2,3.4,-0.5,1,61.6,62.5,59.4,0.178,-0.044,50.7,47.8,50,0,-0.02,-0.722,-0.731,-0.34,23.2,21,0,0,0.563,0.547
2026-10-04T00:22:11.594Z,2026-10-04,2026_04_GB_TB,GB @ TB,GB,TB,4,2026-10-04T17:00:00.000Z,leo-nflml-v2,TB,0.559,0.559,0.396,142,0.163,TB,46.7,38.5,Over,2.5,-3,TB,2.5,-4,-3.4,1,56,51.1,43.5,0.131,0.05,34.3,38.3,52.9,-0.127,-0.032,-0.558,-1.445,-1,23.1,23.6,0,0,0.785,0.663
2026-10-04T00:22:11.594Z,2026-10-04,2026_04_MIA_MIN,MIA @ MIN,MIA,MIN,4,2026-10-04T20:05:00.000Z,leo-nflml-v2,MIN,0.595,0.595,0.808,-535,-0.213,MIA,42.3,38.5,Over,15.7,10,MIN,15.7,-8.8,4.9,1,37.7,42.6,32.2,-0.017,0.111,27.9,33.2,71.5,-0.164,-0.127,0.744,-0.649,2,17.4,24.2,0.8,0,0.644,0.667
2026-10-04T00:22:11.594Z,2026-10-04,2026_04_KC_LV,KC @ LV,KC,LV,4,2026-10-04T20:25:00.000Z,leo-nflml-v2,KC,0.669,0.331,0.664,-225,0.006,KC,44.6,47.5,Under,-3.6,-4.5,LV,-3.6,5.9,0.3,1,56,61.4,55.5,0.124,-0.055,45.2,32.7,60.3,-0.038,-0.054,-0.293,-0.718,2.67,23.4,20.3,0.8,0,0.389,0.527
2026-10-04T00:22:11.594Z,2026-10-04,2026_04_LAC_SEA,LAC @ SEA,LAC,SEA,4,2026-10-04T20:25:00.000Z,leo-nflml-v2,SEA,0.764,0.764,0.757,-375,0.007,SEA,42.6,42.5,Over,15.8,7,SEA,15.8,-4.5,9.3,1,35.2,36.3,60.5,-0.087,-0.042,66.6,56.7,73.6,0.197,-0.136,1.15,2.094,-0.33,18,24.6,0,0,0.503,0.747
2026-10-04T00:22:11.594Z,2026-10-04,2026_04_DEN_SF,DEN @ SF,DEN,SF,4,2026-10-04T20:25:00.000Z,leo-nflml-v2,SF,0.759,0.759,0.572,-148,0.187,SF,45.4,48.5,Under,9.3,3,SF,9.3,0.2,7.5,1,45.2,45.6,61.5,0.007,-0.035,79,73.5,40.3,0.35,0.047,0.818,2.254,1,21,24.5,0,0,0.384,0.683
2026-10-04T00:22:11.594Z,2026-10-04,2026_04_DET_CAR,DET @ CAR,DET,CAR,4,2026-10-05T00:20:00.000Z,leo-nflml-v2,DET,0.562,0.438,0.622,-185,-0.061,CAR,52.5,50.5,Over,0.3,-3.5,CAR,0.3,1.2,-0.6,1,68.1,65.8,48.2,0.23,0.053,52.3,49.8,46.1,0.033,0.033,-0.674,-1.053,-0.33,26.8,25.7,0,0,0.577,0.612
2026-10-04T00:43:52.747Z,2026-10-04,2026_04_TEN_BAL,TEN @ BAL,TEN,BAL,4,2026-10-04T17:00:00.000Z,leo-nflml-v2,BAL,0.794,0.794,0.847,-750,-0.053,TEN,45.5,42.5,Over,13.2,11.5,BAL,13.2,-8.3,2.9,1,33.3,36.8,41.2,-0.186,0.062,59.7,65.8,42.9,0.141,0.044,1.058,1.76,0,20.1,25.4,0,0,0.614,0.551
2026-10-04T00:43:52.747Z,2026-10-04,2026_04_GB_TB,GB @ TB,GB,TB,4,2026-10-04T17:00:00.000Z,leo-nflml-v2,TB,0.559,0.559,0.4,140,0.159,TB,46.7,38.5,Over,2.5,-3,TB,2.5,-4,-3.4,1,56,51.1,43.5,0.131,0.05,34.3,38.3,52.9,-0.127,-0.032,-0.558,-1.445,-1,23.1,23.6,0,0,0.785,0.663
2026-10-04T12:16:01.783Z,2026-10-04,2026_04_NE_BUF,NE @ BUF,NE,BUF,4,2026-10-04T17:00:00.000Z,leo-nflml-v2,BUF,0.724,0.724,0.718,-298,0.006,BUF,45.9,49.5,Under,5.8,7,NE,5.8,1.9,5.7,1,46,46.8,60.1,0.011,-0.064,65.1,71.8,48.9,0.237,0.027,0.729,1.272,1,21.9,24,0,0,0.364,0.465
2026-10-04T12:16:01.783Z,2026-10-04,2026_04_DAL_HOU,DAL @ HOU,DAL,HOU,4,2026-10-04T17:00:00.000Z,leo-nflml-v2,DAL,0.549,0.451,0.428,124,0.121,DAL,49,48.5,Over,1.9,3,DAL,1.9,-0.4,-0.5,1,69.3,63.2,22.1,0.254,0.18,42.2,43.9,66.9,-0.03,-0.086,0,-1.806,-0.66,24.5,24.5,0,0,0.52,0.467
2026-10-04T12:16:01.783Z,2026-10-04,2026_04_ARI_NYG,ARI @ NYG,ARI,NYG,4,2026-10-04T17:00:00.000Z,leo-nflml-v2,ARI,0.53,0.47,0.551,-135,-0.022,NYG,45,44.5,Over,4.6,-2.5,NYG,4.6,-5.5,-3,1,52.2,46.7,34.8,0.042,0.095,42.8,46.8,37.8,-0.002,0.083,-0.039,-0.625,0.33,21.7,23.3,0,0,0.519,0.704
2026-10-04T12:16:01.783Z,2026-10-04,2026_04_LA_PHI,LA @ PHI,LA,PHI,4,2026-10-04T17:00:00.000Z,leo-nflml-v2,LA,0.576,0.424,0.616,-180,-0.04,PHI,44.1,42.5,Over,-2,-3.5,PHI,-2,3.4,-0.5,1,61.6,62.5,59.4,0.178,-0.044,50.7,47.8,50,0,-0.02,-0.722,-0.731,-0.34,23.2,21,0,0,0.563,0.547
2026-10-04T12:16:01.783Z,2026-10-04,2026_04_MIA_MIN,MIA @ MIN,MIA,MIN,4,2026-10-04T20:05:00.000Z,leo-nflml-v2,MIN,0.595,0.595,0.804,-520,-0.209,MIA,42.3,38.5,Over,15.7,10,MIN,15.7,-8.8,4.9,1,37.7,42.6,32.2,-0.017,0.111,27.9,33.2,71.5,-0.164,-0.127,0.744,-0.649,2,17.4,24.2,0.8,0,0.644,0.667
2026-10-04T12:16:01.783Z,2026-10-04,2026_04_DET_CAR,DET @ CAR,DET,CAR,4,2026-10-05T00:20:00.000Z,leo-nflml-v2,DET,0.562,0.438,0.631,-192,-0.069,CAR,52.5,51.5,Over,0.3,-3.5,CAR,0.3,1.2,-0.6,1,68.1,65.8,48.2,0.23,0.053,52.3,49.8,46.1,0.033,0.033,-0.674,-1.053,-0.33,26.8,25.7,0,0,0.539,0.612
2026-10-04T12:16:54.081Z,2026-10-04,2026_04_TEN_BAL,TEN @ BAL,TEN,BAL,4,2026-10-04T17:00:00.000Z,leo-nflml-v2,BAL,0.794,0.794,0.84,-700,-0.046,TEN,45.5,42.5,Over,13.2,11.5,BAL,13.2,-8.3,2.9,1,33.3,36.8,41.2,-0.186,0.062,59.7,65.8,42.9,0.141,0.044,1.058,1.76,0,20.1,25.4,0,0,0.614,0.551
2026-10-04T15:40:41.432Z,2026-10-04,2026_04_IND_WAS,IND @ WAS,IND,WAS,4,2026-10-04T13:30:00.000Z,leo-nflml-v2,WAS,0.508,0.508,0.331,190,0.177,WAS,51.3,46.5,Over,-0.7,-4.5,WAS,-0.7,-1.7,-4.5,1,45.3,51.4,38.6,0.004,0.071,53.6,50.1,34.5,0.051,0.111,0.348,0.553,2.33,26.5,24.8,0,0,0.679,0.612
2026-10-04T15:40:41.432Z,2026-10-04,2026_04_TEN_BAL,TEN @ BAL,TEN,BAL,4,2026-10-04T17:00:00.000Z,leo-nflml-v2,BAL,0.794,0.794,0.852,-800,-0.059,TEN,45.5,42.5,Over,13.2,11.5,BAL,13.2,-8.3,2.9,1,33.3,36.8,41.2,-0.186,0.062,59.7,65.8,42.9,0.141,0.044,1.058,1.76,0,20.1,25.4,0,0,0.614,0.551
2026-10-04T15:40:41.432Z,2026-10-04,2026_04_NE_BUF,NE @ BUF,NE,BUF,4,2026-10-04T17:00:00.000Z,leo-nflml-v2,BUF,0.724,0.724,0.741,-340,-0.017,NE,45.9,49.5,Under,5.8,7,NE,5.8,1.9,5.7,1,46,46.8,60.1,0.011,-0.064,65.1,71.8,48.9,0.237,0.027,0.729,1.272,1,21.9,24,0,0,0.364,0.465
2026-10-04T15:40:41.432Z,2026-10-04,2026_04_JAX_CIN,JAX @ CIN,JAX,CIN,4,2026-10-04T17:00:00.000Z,leo-nflml-v2,JAX,0.572,0.428,0.428,124,0.144,JAX,46.8,51.5,Under,-6.7,2.5,JAX,-6.7,9.4,0.7,1,61.4,61.1,63.2,0.151,-0.087,55,53.3,44.3,0.056,0.039,-0.746,-0.431,-0.67,25.7,21.1,0,0,0.327,0.243
2026-10-04T15:40:41.432Z,2026-10-04,2026_04_LA_PHI,LA @ PHI,LA,PHI,4,2026-10-04T17:00:00.000Z,leo-nflml-v2,LA,0.576,0.424,0.637,-198,-0.061,PHI,44.1,42.5,Over,-2,-3.5,PHI,-2,3.4,-0.5,1,61.6,62.5,59.4,0.178,-0.044,50.7,47.8,50,0,-0.02,-0.722,-0.731,-0.34,23.2,21,0,0,0.563,0.547
2026-10-04T15:40:41.432Z,2026-10-04,2026_04_GB_TB,GB @ TB,GB,TB,4,2026-10-04T17:00:00.000Z,leo-nflml-v2,TB,0.559,0.559,0.391,145,0.169,TB,46.7,38.5,Over,2.5,-3,TB,2.5,-4,-3.4,1,56,51.1,43.5,0.131,0.05,34.3,38.3,52.9,-0.127,-0.032,-0.558,-1.445,-1,23.1,23.6,0,0,0.785,0.663
2026-10-04T15:40:41.432Z,2026-10-04,2026_04_MIA_MIN,MIA @ MIN,MIA,MIN,4,2026-10-04T20:05:00.000Z,leo-nflml-v2,MIN,0.595,0.595,0.808,-535,-0.213,MIA,42.3,38.5,Over,15.7,10,MIN,15.7,-8.8,4.9,1,37.7,42.6,32.2,-0.017,0.111,27.9,33.2,71.5,-0.164,-0.127,0.744,-0.649,2,17.4,24.2,0.8,0,0.644,0.667
2026-10-04T15:40:41.432Z,2026-10-04,2026_04_LAC_SEA,LAC @ SEA,LAC,SEA,4,2026-10-04T20:25:00.000Z,leo-nflml-v2,SEA,0.764,0.764,0.751,-360,0.014,SEA,42.6,42.5,Over,15.8,7,SEA,15.8,-4.5,9.3,1,35.2,36.3,60.5,-0.087,-0.042,66.6,56.7,73.6,0.197,-0.136,1.15,2.094,-0.33,18,24.6,0,0,0.503,0.747
2026-10-04T15:40:41.432Z,2026-10-04,2026_04_DEN_SF,DEN @ SF,DEN,SF,4,2026-10-04T20:25:00.000Z,leo-nflml-v2,SF,0.759,0.759,0.593,-162,0.166,SF,45.4,48.5,Under,9.3,3,SF,9.3,0.2,7.5,1,45.2,45.6,61.5,0.007,-0.035,79,73.5,40.3,0.35,0.047,0.818,2.254,1,21,24.5,0,0,0.384,0.683
2026-10-04T15:40:41.432Z,2026-10-04,2026_04_DET_CAR,DET @ CAR,DET,CAR,4,2026-10-05T00:20:00.000Z,leo-nflml-v2,DET,0.562,0.438,0.637,-198,-0.075,CAR,52.5,51.5,Over,0.3,-3.5,CAR,0.3,1.2,-0.6,1,68.1,65.8,48.2,0.23,0.053,52.3,49.8,46.1,0.033,0.033,-0.674,-1.053,-0.33,26.8,25.7,0,0,0.539,0.612
2026-10-04T15:46:50.336Z,2026-10-04,2026_04_LA_PHI,LA @ PHI,LA,PHI,4,2026-10-04T17:00:00.000Z,leo-nflml-v2,LA,0.576,0.424,0.645,-205,-0.068,PHI,44.1,42.5,Over,-2,-3.5,PHI,-2,3.4,-0.5,1,61.6,62.5,59.4,0.178,-0.044,50.7,47.8,50,0,-0.02,-0.722,-0.731,-0.34,23.2,21,0,0,0.563,0.547
2026-10-04T17:09:42.463Z,2026-10-04,2026_04_IND_WAS,IND @ WAS,IND,WAS,4,2026-10-04T13:30:00.000Z,leo-nflml-v2,WAS,0.508,0.508,0.331,190,0.177,WAS,50.3,46.5,Over,-5.2,-4.5,IND,-5.2,0.9,-6.3,1,45.3,51.4,38.6,0.004,0.071,53.6,50.1,34.5,0.051,0.111,0.348,0.553,2.33,27,23.3,0,0,0.642,0.48
2026-10-04T17:09:42.463Z,2026-10-04,2026_04_NE_BUF,NE @ BUF,NE,BUF,4,2026-10-04T17:00:00.000Z,leo-nflml-v2,BUF,0.724,0.724,0.744,-345,-0.02,NE,45.9,49.5,Under,5.8,7,NE,5.8,1.9,5.7,1,46,46.8,60.1,0.011,-0.064,65.1,71.8,48.9,0.237,0.027,0.729,1.272,1,21.9,24,0,0,0.364,0.465
2026-10-04T17:09:42.463Z,2026-10-04,2026_04_NYJ_CHI,NYJ @ CHI,NYJ,CHI,4,2026-10-04T17:00:00.000Z,leo-nflml-v2,CHI,0.709,0.709,0.631,-192,0.078,CHI,46.5,43.5,Over,11.8,3.5,CHI,11.8,-4.4,5.4,1,46.1,42.3,39.7,-0.008,0.06,56.9,62.2,49.3,0.141,0.022,0.691,0.72,-0.66,20.6,25.8,0,0,0.612,0.735
2026-10-04T17:09:42.463Z,2026-10-04,2026_04_DAL_HOU,DAL @ HOU,DAL,HOU,4,2026-10-04T17:00:00.000Z,leo-nflml-v2,DAL,0.549,0.451,0.417,130,0.132,DAL,49,48.5,Over,1.9,3,DAL,1.9,-0.4,-0.5,1,69.3,63.2,22.1,0.254,0.18,42.2,43.9,66.9,-0.03,-0.086,0,-1.806,-0.66,24.5,24.5,0,0,0.519,0.467
2026-10-04T17:09:42.463Z,2026-10-04,2026_04_LA_PHI,LA @ PHI,LA,PHI,4,2026-10-04T17:00:00.000Z,leo-nflml-v2,LA,0.576,0.424,0.637,-198,-0.061,PHI,44.1,42.5,Over,-2,-3.5,PHI,-2,3.4,-0.5,1,61.6,62.5,59.4,0.178,-0.044,50.7,47.8,50,0,-0.02,-0.722,-0.731,-0.34,23.2,21,0,0,0.562,0.547
2026-10-04T17:09:42.463Z,2026-10-04,2026_04_GB_TB,GB @ TB,GB,TB,4,2026-10-04T17:00:00.000Z,leo-nflml-v2,TB,0.559,0.559,0.417,130,0.142,TB,46.7,38.5,Over,2.5,-3,TB,2.5,-4,-3.4,1,56,51.1,43.5,0.131,0.05,34.3,38.3,52.9,-0.127,-0.032,-0.558,-1.445,-1,23.1,23.6,0,0,0.785,0.663
2026-10-04T17:56:57.541Z,2026-10-04,2026_04_MIA_MIN,MIA @ MIN,MIA,MIN,4,2026-10-04T20:05:00.000Z,leo-nflml-v2,MIN,0.595,0.595,0.804,-510,-0.208,MIA,42.3,38.5,Over,15.7,9.5,MIN,15.7,-8.8,4.9,1,37.7,42.6,32.2,-0.017,0.111,27.9,33.2,71.5,-0.164,-0.127,0.744,-0.649,2,17.4,24.2,0.8,0,0.643,0.681
2026-10-04T17:56:57.541Z,2026-10-04,2026_04_KC_LV,KC @ LV,KC,LV,4,2026-10-04T20:25:00.000Z,leo-nflml-v2,KC,0.669,0.331,0.666,-225,0.003,KC,44.6,47.5,Under,-3.6,-4.5,LV,-3.6,5.9,0.3,1,56,61.4,55.5,0.124,-0.055,45.2,32.7,60.3,-0.038,-0.054,-0.293,-0.718,2.67,23.4,20.3,0.8,0,0.388,0.527
2026-10-04T17:56:57.541Z,2026-10-04,2026_04_LAC_SEA,LAC @ SEA,LAC,SEA,4,2026-10-04T20:25:00.000Z,leo-nflml-v2,SEA,0.764,0.764,0.757,-370,0.008,SEA,42.6,43.5,Under,15.8,7,SEA,15.8,-4.5,9.3,1,35.2,36.3,60.5,-0.087,-0.042,66.6,56.7,73.6,0.197,-0.136,1.15,2.094,-0.33,18,24.6,0,0,0.464,0.747
2026-10-04T17:56:57.541Z,2026-10-04,2026_04_DEN_SF,DEN @ SF,DEN,SF,4,2026-10-04T20:25:00.000Z,leo-nflml-v2,SF,0.759,0.759,0.579,-152,0.18,SF,45.4,48.5,Under,9.3,2.5,SF,9.3,0.2,7.5,1,45.2,45.6,61.5,0.007,-0.035,79,73.5,40.3,0.35,0.047,0.818,2.254,1,21,24.5,0,0,0.384,0.697
2026-10-04T17:56:57.541Z,2026-10-04,2026_04_DET_CAR,DET @ CAR,DET,CAR,4,2026-10-05T00:20:00.000Z,leo-nflml-v2,DET,0.562,0.438,0.646,-205,-0.085,CAR,52.5,50.5,Over,0.3,-3.5,CAR,0.3,1.2,-0.6,1,68.1,65.8,48.2,0.23,0.053,52.3,49.8,46.1,0.033,0.033,-0.674,-1.053,-0.33,26.8,25.7,0,0,0.576,0.612
2026-10-04T18:11:33.436Z,2026-10-04,2026_04_MIA_MIN,MIA @ MIN,MIA,MIN,4,2026-10-04T20:05:00.000Z,leo-nflml-v2,MIN,0.595,0.595,0.808,-535,-0.213,MIA,42.3,38.5,Over,15.7,10,MIN,15.7,-8.8,4.9,1,37.7,42.6,32.2,-0.017,0.111,27.9,33.2,71.5,-0.164,-0.127,0.744,-0.649,2,17.4,24.2,0.8,0,0.643,0.667
2026-10-04T18:11:33.436Z,2026-10-04,2026_04_KC_LV,KC @ LV,KC,LV,4,2026-10-04T20:25:00.000Z,leo-nflml-v2,KC,0.669,0.331,0.664,-225,0.006,KC,44.6,47.5,Under,-3.6,-4.5,LV,-3.6,5.9,0.3,1,56,61.4,55.5,0.124,-0.055,45.2,32.7,60.3,-0.038,-0.054,-0.293,-0.718,2.67,23.4,20.3,0.8,0,0.388,0.527
2026-10-04T18:11:33.436Z,2026-10-04,2026_04_LAC_SEA,LAC @ SEA,LAC,SEA,4,2026-10-04T20:25:00.000Z,leo-nflml-v2,SEA,0.764,0.764,0.751,-360,0.014,SEA,42.6,42.5,Over,15.8,7,SEA,15.8,-4.5,9.3,1,35.2,36.3,60.5,-0.087,-0.042,66.6,56.7,73.6,0.197,-0.136,1.15,2.094,-0.33,18,24.6,0,0,0.503,0.747
2026-10-04T18:11:33.436Z,2026-10-04,2026_04_DEN_SF,DEN @ SF,DEN,SF,4,2026-10-04T20:25:00.000Z,leo-nflml-v2,SF,0.759,0.759,0.593,-162,0.166,SF,45.4,48.5,Under,9.3,3,SF,9.3,0.2,7.5,1,45.2,45.6,61.5,0.007,-0.035,79,73.5,40.3,0.35,0.047,0.818,2.254,1,21,24.5,0,0,0.384,0.683
2026-10-04T18:11:33.436Z,2026-10-04,2026_04_DET_CAR,DET @ CAR,DET,CAR,4,2026-10-05T00:20:00.000Z,leo-nflml-v2,DET,0.562,0.438,0.637,-198,-0.075,CAR,52.5,51.5,Over,0.3,-3.5,CAR,0.3,1.2,-0.6,1,68.1,65.8,48.2,0.23,0.053,52.3,49.8,46.1,0.033,0.033,-0.674,-1.053,-0.33,26.8,25.7,0,0,0.538,0.612
2026-10-04T19:45:50.388Z,2026-10-04,2026_04_LAC_SEA,LAC @ SEA,LAC,SEA,4,2026-10-04T20:25:00.000Z,leo-nflml-v2,SEA,0.764,0.764,0.748,-355,0.017,SEA,42.6,42.5,Over,15.8,7,SEA,15.8,-4.5,9.3,1,35.2,36.3,60.5,-0.087,-0.042,66.6,56.7,73.6,0.197,-0.136,1.15,2.094,-0.33,18,24.6,0,0,0.503,0.747
2026-10-04T19:45:50.388Z,2026-10-04,2026_04_DEN_SF,DEN @ SF,DEN,SF,4,2026-10-04T20:25:00.000Z,leo-nflml-v2,SF,0.759,0.759,0.6,-166,0.159,SF,45.4,48.5,Under,9.3,3,SF,9.3,0.2,7.5,1,45.2,45.6,61.5,0.007,-0.035,79,73.5,40.3,0.35,0.047,0.818,2.254,1,21,24.5,0,0,0.384,0.683
