date,market,matchup,pick,price_taken,result,,,,,,
7/6/2026,moneyline,New York Yankees@Tampa Bay Rays,Tampa Bay Rays,-118,L,,,,,,
7/6/2026,moneyline,Houston Astros@Washington Nationals,Washington Nationals,-118,W,,,,,,
7/6/2026,moneyline,New York Mets@Atlanta Braves,Atlanta Braves,-119,L,,,,,,
7/6/2026,moneyline,Milwaukee Brewers@St. Louis Cardinals,Milwaukee Brewers,-109,W,,,,,,
7/6/2026,moneyline,Toronto Blue Jays@San Francisco Giants,San Francisco Giants,-104,W,,,,,,
7/6/2026,moneyline,Colorado Rockies@Los Angeles Dodgers,Los Angeles Dodgers,-250,W,,,,,,
7/7/2026,moneyline,Seattle Mariners@Miami Marlins,Miami Marlins,-119,W,,,,,,
7/7/2026,moneyline,Houston Astros@Washington Nationals,Washington Nationals,-130,L,,,,,,
7/7/2026,moneyline,Boston Red Sox@Chicago White Sox,Boston Red Sox,113,W,,,,,,
7/7/2026,moneyline,Athletics@Detroit Tigers,Detroit Tigers,-148,W,,,,,,
7/7/2026,moneyline,Los Angeles Angels@Texas Rangers,Texas Rangers,-146,W,,,,,,
7/7/2026,moneyline,Arizona Diamondbacks@San Diego Padres,Arizona Diamondbacks,133,L,,,,,,
7/7/2026,moneyline,Colorado Rockies@Los Angeles Dodgers,Los Angeles Dodgers,-212,L,,,,,,
7/8/2026,moneyline,Atlanta Braves@Pittsburgh Pirates,Pittsburgh Pirates,101,L,,,,,,
7/8/2026,moneyline,Seattle Mariners@Miami Marlins,Miami Marlins,125,W,,,,,,
7/8/2026,moneyline,Chicago Cubs@Baltimore Orioles,Chicago Cubs,115,W,,,,,,
7/8/2026,moneyline,Athletics@Detroit Tigers,Detroit Tigers,-137,W,,,,,,
7/8/2026,moneyline,Kansas City Royals@New York Mets,New York Mets,-140,W,,,,,,
7/8/2026,moneyline,Philadelphia Phillies@Cincinnati Reds,Cincinnati Reds,147,W,,,,,,
7/8/2026,moneyline,Boston Red Sox@Chicago White Sox,Boston Red Sox,106,W,,,,,,
7/8/2026,moneyline,Milwaukee Brewers@St. Louis Cardinals,Milwaukee Brewers,-121,L,,,,,,
7/9/2026,moneyline,Athletics@Detroit Tigers,Detroit Tigers,-123,W,,,,,,
7/10/2026,moneyline,Athletics@Chicago White Sox,Chicago White Sox,-102,W,,,,,,
7/10/2026,moneyline,Los Angeles Angels@Minnesota Twins,Minnesota Twins,-141,L,,,,,,
7/11/2026,moneyline,Los Angeles Angels@Minnesota Twins,Minnesota Twins,-165,W,,,,,,
7/18/2026,moneyline,Detroit Tigers@Los Angeles Angels,Detroit Tigers,-189,W,,,,,,
7/19/2026,moneyline,Detroit Tigers@Los Angeles Angels,Detroit Tigers,-149,L,,,,,,
7/19/2026,moneyline,Washington Nationals@Athletics,Washington Nationals,-138,W,,,,,,
7/20/2026,moneyline,New York Mets@Milwaukee Brewers,Milwaukee Brewers,-136,W,,,,,,
7/22/2026,moneyline,Baltimore Orioles@Boston Red Sox,Boston Red Sox,-135,W,,,,,,
7/23/2026,moneyline,Tampa Bay Rays@Toronto Blue Jays,Tampa Bay Rays,-108,L,,,,,,
7/23/2026,moneyline,San Diego Padres@Atlanta Braves,Atlanta Braves,-248,W,,,,,,
7/24/2026,moneyline,Colorado Rockies@Milwaukee Brewers,Milwaukee Brewers,-230,L,,,,,,
7/24/2026,pitcher_strikeouts,Kansas City Royals@Detroit Tigers,Tarik Skubal Under 7.5,118,L,,,,,,
7/24/2026,pitcher_strikeouts,Cleveland Guardians@Tampa Bay Rays,Shane McClanahan Under 5.5,-113,W,,,,,,
7/24/2026,pitcher_strikeouts,Los Angeles Dodgers@New York Mets,Roki Sasaki Under 5.5,-159,L,,,,,,
7/24/2026,pitcher_strikeouts,Los Angeles Dodgers@New York Mets,Sean Manaea Under 5.5,-150,W,,,,,,
7/24/2026,pitcher_strikeouts,Seattle Mariners@Texas Rangers,Bryce Miller Over 5.5,-142,L,,,,,,
7/24/2026,pitcher_strikeouts,Athletics@Minnesota Twins,Jacob Lopez Under 4.5,-154,W,,,,,,
7/26/2026,pitcher_strikeouts,Cleveland Guardians@Tampa Bay Rays,Parker Messick Over 4.5,-123,W,,,,,,
7/26/2026,pitcher_strikeouts,Cleveland Guardians@Tampa Bay Rays,Drew Rasmussen Over 4.5,-155,W,,,,,,
7/26/2026,pitcher_strikeouts,Toronto Blue Jays@Boston Red Sox,Ranger Suarez Over 4.5,122,W,,,,,,
7/26/2026,pitcher_strikeouts,Chicago Cubs@Pittsburgh Pirates,Braxton Ashcraft Over 5.5,-130,L,,,,,,
7/26/2026,pitcher_strikeouts,Kansas City Royals@Detroit Tigers,Luinder Avila Over 3.5,-154,L,,,,,,
7/26/2026,pitcher_strikeouts,Los Angeles Dodgers@New York Mets,Freddy Peralta Under 5.5,-138,W,,,,,,
7/26/2026,pitcher_strikeouts,Athletics@Minnesota Twins,Connor Prielipp Over 4.5,115,W,,,,,,
7/26/2026,pitcher_strikeouts,Athletics@Minnesota Twins,Jeffrey Springs Over 3.5,-156,L,,,,,,
7/26/2026,pitcher_strikeouts,Colorado Rockies@Milwaukee Brewers,Jacob Misiorowski Over 8.5,100,W,,,,,,
7/27/2026,pitcher_strikeouts,Philadelphia Phillies@Miami Marlins,Tyler Phillips Under 4.5,-170,L,,,,,,
7/27/2026,pitcher_strikeouts,Philadelphia Phillies@Miami Marlins,Zack Wheeler Under 7.5,-130,W,,,,,,
7/27/2026,pitcher_strikeouts,Toronto Blue Jays@Washington Nationals,Andrew Alvarez Over 3.5,-104,L,,,,,,
7/27/2026,pitcher_strikeouts,New York Yankees@Chicago White Sox,Max Fried Over 5.5,102,L,,,,,,
7/27/2026,pitcher_strikeouts,Boston Red Sox@Athletics,Payton Tolle Over 5.5,-146,W,,,,,,
7/27/2026,pitcher_strikeouts,Boston Red Sox@Athletics,Jack Perkins Over 4.5,-134,L,,,,,,
7/28/2026,pitcher_strikeouts,Cleveland Guardians@Cincinnati Reds,Chase Burns Under 6.5,-125,W,,,,,,
7/28/2026,pitcher_strikeouts,Baltimore Orioles@Detroit Tigers,Dean Kremer Over 4.5,-140,L,,,,,,
7/28/2026,pitcher_strikeouts,Texas Rangers@Tampa Bay Rays,Griffin Jax Under 5.5,-121,L,,,,,,
7/28/2026,pitcher_strikeouts,Cleveland Guardians@Cincinnati Reds,Gavin Williams Over 7.5,-130,W,,,,,,
7/28/2026,pitcher_strikeouts,Toronto Blue Jays@Washington Nationals,Shane Bieber Under 4.5,-164,W,,,,,,
7/28/2026,pitcher_strikeouts,Houston Astros@Los Angeles Angels,Peter Lambert Over 5.5,108,W,,,,,,
7/29/2026,pitcher_strikeouts,Milwaukee Brewers@San Francisco Giants,Logan Webb Under 5.5,-135,W,,,,,,
7/29/2026,pitcher_strikeouts,Texas Rangers@Tampa Bay Rays,MacKenzie Gore Under 5.5,-142,L,,,,,,
7/29/2026,pitcher_strikeouts,Cleveland Guardians@Cincinnati Reds,Joey Cantillo Under 6.5,-158,L,,,,,,
7/29/2026,pitcher_strikeouts,New York Yankees@Chicago White Sox,Davis Martin Over 4.5,-146,W,,,,,,
7/29/2026,pitcher_strikeouts,Kansas City Royals@Minnesota Twins,Joe Ryan Under 6.5,-126,W,,,,,,
7/29/2026,pitcher_strikeouts,Chicago Cubs@St. Louis Cardinals,Matthew Boyd Under 4.5,-124,L,,,,,,
7/29/2026,pitcher_strikeouts,Houston Astros@Los Angeles Angels,Grayson Rodriguez Under 4.5,-148,L,,,,,,
7/29/2026,pitcher_strikeouts,Boston Red Sox@Athletics,Jacob Lopez Under 4.5,-119,L,,,,,,
7/29/2026,pitcher_strikeouts,Seattle Mariners@Los Angeles Dodgers,Eric Lauer Under 4.5,-164,W,,,,,,
7/30/2026,pitcher_strikeouts,New York Yankees@Chicago White Sox,Ryan Weathers Over 6.5,124,L,,,,,,
7/30/2026,pitcher_strikeouts,Washington Nationals@Atlanta Braves,Jake Irvin Over 3.5,-118,L,,,,,,
7/31/2026,pitcher_strikeouts,Pittsburgh Pirates@Cincinnati Reds,Paul Skenes Over 7.5,-138,L,,,,,,
7/31/2026,pitcher_strikeouts,Arizona Diamondbacks@Cleveland Guardians,Tanner Bibee Under 4.5,-119,W,,,,,,
7/31/2026,pitcher_strikeouts,Chicago White Sox@Tampa Bay Rays,Erick Fedde Under 3.5,-151,L,,,,,,
7/31/2026,pitcher_strikeouts,Chicago White Sox@Tampa Bay Rays,Nick Martinez Under 4.5,-133,W,,,,,,
8/1/2026,pitcher_strikeouts,Pittsburgh Pirates@Cincinnati Reds,Braxton Ashcraft Over 6.5,-107,L,,,,,,
8/1/2026,pitcher_strikeouts,Pittsburgh Pirates@Cincinnati Reds,Andrew Abbott Under 5.5,-134,W,,,,,,
8/1/2026,pitcher_strikeouts,Arizona Diamondbacks@Cleveland Guardians,Parker Messick Under 4.5,134,L,,,,,,
8/1/2026,pitcher_strikeouts,Washington Nationals@Atlanta Braves,Miles Mikolas Under 2.5,-115,L,,,,,,
8/2/2026,pitcher_strikeouts,Washington Nationals@Atlanta Braves,JR Ritchie Under 5.5,-120,W,,,,,,
8/2/2026,pitcher_strikeouts,St. Louis Cardinals@Toronto Blue Jays,Matthew Liberatore Under 6.5,-135,L,,,,,,
8/2/2026,pitcher_strikeouts,Chicago White Sox@Tampa Bay Rays,Griffin Jax Over 6.5,190,W,,,,,,
8/2/2026,pitcher_strikeouts,Miami Marlins@New York Mets,Sandy Alcantara Under 5.5,-125,W,,,,,,
8/2/2026,pitcher_strikeouts,Pittsburgh Pirates@Cincinnati Reds,Chase Burns Over 5.5,-130,W,,,,,,
8/2/2026,pitcher_strikeouts,New York Yankees@Chicago Cubs,Gerrit Cole Under 6.5,-121,W,,,,,,
8/2/2026,pitcher_strikeouts,Milwaukee Brewers@Los Angeles Angels,Jacob Misiorowski Under 9.5,-128,L,,,,,,
8/2/2026,pitcher_strikeouts,Philadelphia Phillies@Baltimore Orioles,Zack Wheeler Under 7.5,120,W,,,,,,
8/2/2026,moneyline,Detroit Tigers@Athletics,Detroit Tigers,-108,W,,,,,,
8/2/2026,pitcher_strikeouts,San Francisco Giants@San Diego Padres,Landen Roupp Over 4.5,-137,W,,,,,,
8/3/2026,pitcher_strikeouts,St. Louis Cardinals@New York Yankees,Cam Schlittler Over 6.5,-148,L,,,,,,
8/3/2026,pitcher_strikeouts,Pittsburgh Pirates@Milwaukee Brewers,Brandon Sproat Over 5.5,108,L,,,,,,
8/3/2026,pitcher_strikeouts,Los Angeles Dodgers@Chicago Cubs,Matthew Boyd Under 4.5,112,W,,,,,,
8/3/2026,pitcher_strikeouts,San Francisco Giants@Texas Rangers,Logan Webb Over 4.5,-150,W,,,,,,
8/3/2026,pitcher_strikeouts,San Francisco Giants@Texas Rangers,Cal Quantrill Under 3.5,-103,L,,,,,,
8/3/2026,pitcher_strikeouts,Toronto Blue Jays@Houston Astros,Shane Bieber Under 4.5,-165,L,,,,,,
8/3/2026,pitcher_strikeouts,Tampa Bay Rays@Colorado Rockies,Ian Seymour Over 4.5,-146,W,,,,,,
8/3/2026,pitcher_strikeouts,San Diego Padres@Arizona Diamondbacks,Brandon Pfaadt Under 4.5,-175,W,,,,,,
8/4/2026,pitcher_strikeouts,Los Angeles Angels@Baltimore Orioles,Grayson Rodriguez Under 5.5,-154,L,,,,,,
8/4/2026,pitcher_strikeouts,Los Angeles Angels@Baltimore Orioles,Cade Povich Under 4.5,102,L,,,,,,
8/4/2026,pitcher_strikeouts,Athletics@Cincinnati Reds,Brady Singer Under 4.5,106,L,,,,,,
8/4/2026,pitcher_strikeouts,St. Louis Cardinals@New York Yankees,Hunter Dobbins Over 3.5,-160,W,,,,,,
8/4/2026,pitcher_strikeouts,Miami Marlins@Atlanta Braves,Grant Holmes Under 4.5,100,L,,,,,,
8/4/2026,pitcher_strikeouts,San Francisco Giants@Texas Rangers,MacKenzie Gore Under 6.5,-103,W,,,,,,
8/4/2026,pitcher_strikeouts,Toronto Blue Jays@Houston Astros,Trey Yesavage Under 5.5,-110,W,,,,,,
8/4/2026,pitcher_strikeouts,Detroit Tigers@Seattle Mariners,Emerson Hancock Under 5.5,-156,L,,,,,,
8/5/2026,pitcher_strikeouts,Los Angeles Angels@Baltimore Orioles,Reid Detmers Over 6.5,-154,L,,,,,,
8/5/2026,moneyline,Athletics@Cincinnati Reds,Cincinnati Reds,-174,W,,,,,,
8/5/2026,pitcher_strikeouts,Athletics@Cincinnati Reds,Jacob Lopez Over 5.5,118,W,,,,,,
8/5/2026,pitcher_strikeouts,Athletics@Cincinnati Reds,Rhett Lowder Under 4.5,-153,W,,,,,,
8/5/2026,pitcher_strikeouts,New York Mets@Cleveland Guardians,Christian Scott Under 5.5,-142,L,,,,,,
8/5/2026,pitcher_strikeouts,Chicago White Sox@Boston Red Sox,Sean Burke Over 5.5,-142,L,,,,,,
8/5/2026,pitcher_strikeouts,Washington Nationals@Philadelphia Phillies,Jake Irvin Over 3.5,-122,L,,,,,,
8/6/2026,pitcher_strikeouts,Los Angeles Angels@Baltimore Orioles,Brandon Young Over 4.5,-167,L,,,,,,
8/6/2026,pitcher_strikeouts,Athletics@Cincinnati Reds,Mason Barnett Over 4.5,-124,W,,,,,,
8/6/2026,pitcher_strikeouts,Athletics@Cincinnati Reds,Andrew Abbott Over 4.5,104,L,,,,,,
8/6/2026,pitcher_strikeouts,Toronto Blue Jays@Chicago Cubs,Dylan Cease Over 7.5,-102,W,,,,,,
8/6/2026,moneyline,Chicago White Sox@Boston Red Sox,Boston Red Sox,-184,W,,,,,,
8/6/2026,pitcher_strikeouts,Chicago White Sox@Boston Red Sox,Ranger Suarez Over 5.5,-138,L,,,,,,
8/6/2026,pitcher_strikeouts,Chicago White Sox@Boston Red Sox,Luis Castillo Under 4.5,-167,L,,,,,,
8/6/2026,pitcher_strikeouts,Miami Marlins@Atlanta Braves,Janson Junk Over 3.5,-111,L,,,,,,
8/6/2026,pitcher_strikeouts,Minnesota Twins@Kansas City Royals,Michael Wacha Over 4.5,-125,L,,,,,,
8/7/2026,pitcher_strikeouts,Cincinnati Reds@Washington Nationals,Cade Cavalli Over 6.5,118,W,,,,,,
8/7/2026,pitcher_strikeouts,Athletics@Boston Red Sox,Payton Tolle Over 6.5,-132,W,,,,,,
8/7/2026,pitcher_strikeouts,Minnesota Twins@Milwaukee Brewers,Shane Drohan Under 5.5,-132,W,,,,,,
8/7/2026,pitcher_strikeouts,Chicago Cubs@Kansas City Royals,Kevin Gausman Under 5.5,-142,W,,,,,,
8/7/2026,pitcher_strikeouts,Baltimore Orioles@Texas Rangers,Nathan Eovaldi Over 7.5,112,L,,,,,,
8/7/2026,pitcher_strikeouts,Colorado Rockies@St. Louis Cardinals,Kyle Leahy Over 4.5,-113,W,,,,,,
8/7/2026,pitcher_strikeouts,Atlanta Braves@New York Yankees,Max Fried Over 5.5,125,W,,,,,,
8/8/2026,pitcher_strikeouts,Atlanta Braves@New York Yankees,Gerrit Cole Over 5.5,-129,,not_tracked,,,0.96,W,official_k
8/8/2026,pitcher_strikeouts,Atlanta Braves@New York Yankees,Chris Sale Over 7.5,-155,,not_tracked,,,2.07,W,official_k
8/8/2026,pitcher_strikeouts,Athletics@Boston Red Sox,Gage Jump Over 5.5,102,,not_tracked,,,0.92,W,official_k
8/8/2026,pitcher_strikeouts,Los Angeles Angels@Miami Marlins,Sandy Alcantara Under 5.5,-111,,not_tracked,,,-0.76,L,official_k
8/8/2026,pitcher_strikeouts,Toronto Blue Jays@Philadelphia Phillies,Aaron Nola Under 4.5,-115,,not_tracked,,,-0.97,L,official_k
8/8/2026,pitcher_strikeouts,Cincinnati Reds@Washington Nationals,Andrew Alvarez Over 4.5,-120,,not_tracked,,,1.86,L,official_k
8/8/2026,moneyline,Chicago Cubs@Kansas City Royals,Chicago Cubs,-160,,not_tracked,84,0.6188,0.0046,L,loss_needs_review
8/8/2026,pitcher_strikeouts,Minnesota Twins@Milwaukee Brewers,Taj Bradley Over 5.5,-151,,not_tracked,,,1.09,W,official_k
8/8/2026,pitcher_strikeouts,Minnesota Twins@Milwaukee Brewers,Robert Gasser Under 4.5,-107,,not_tracked,,,-1.13,W,official_k
8/8/2026,pitcher_strikeouts,Cleveland Guardians@Chicago White Sox,Gavin Williams Over 7.5,-138,,not_tracked,,,2.99,L,official_k
8/8/2026,pitcher_strikeouts,Colorado Rockies@St. Louis Cardinals,Kyle Freeland Over 3.5,-105,,not_tracked,,,0.98,L,official_k
8/8/2026,pitcher_strikeouts,Houston Astros@San Diego Padres,Michael King Under 5.5,-155,,not_tracked,,,-0.97,L,official_k
8/8/2026,pitcher_strikeouts,Tampa Bay Rays@Seattle Mariners,Griffin Jax Under 5.5,-120,,not_tracked,,,-1.03,VOID,pitcher_did_not_appear
8/9/2026,pitcher_strikeouts,Atlanta Braves@New York Yankees,Cam Schlittler Over 6.5,-142,,not_tracked,,,1.67,W,official_k
8/9/2026,pitcher_strikeouts,Toronto Blue Jays@Philadelphia Phillies,Shane Bieber Under 3.5,115,,not_tracked,,,-0.73,L,official_k
8/9/2026,pitcher_strikeouts,Los Angeles Angels@Miami Marlins,Grayson Rodriguez Under 5.5,-160,,not_tracked,,,-1.52,L,official_k
8/9/2026,pitcher_strikeouts,Chicago Cubs@Kansas City Royals,Matthew Boyd Under 4.5,-110,,not_tracked,,,-1.03,W,official_k
8/9/2026,pitcher_strikeouts,Minnesota Twins@Milwaukee Brewers,Connor Prielipp Over 5.5,-102,,not_tracked,,,1.68,W,official_k
8/9/2026,pitcher_strikeouts,Colorado Rockies@St. Louis Cardinals,Michael McGreevy Over 3.5,-125,,not_tracked,,,0.82,W,official_k
8/9/2026,pitcher_strikeouts,Colorado Rockies@St. Louis Cardinals,Michael Lorenzen Under 3.5,-170,,not_tracked,,,-0.8,W,official_k
8/9/2026,pitcher_strikeouts,Tampa Bay Rays@Seattle Mariners,Emerson Hancock Under 4.5,-127,,not_tracked,,,-0.72,W,official_k
2026-08-08,pitcher_strikeouts,Atlanta Braves @ New York Yankees,Gerrit Cole Over 5.5,-129,,not_tracked,,,0.96,W,official_k
2026-08-08,pitcher_strikeouts,Atlanta Braves @ New York Yankees,Chris Sale Over 7.5,-155,,not_tracked,,,2.07,W,official_k
2026-08-08,pitcher_strikeouts,Athletics @ Boston Red Sox,Gage Jump Over 5.5,102,,not_tracked,,,0.92,W,official_k
2026-08-08,pitcher_strikeouts,Los Angeles Angels @ Miami Marlins,Sandy Alcantara Under 5.5,-111,,not_tracked,,,-0.76,L,official_k
2026-08-08,pitcher_strikeouts,Toronto Blue Jays @ Philadelphia Phillies,Aaron Nola Under 4.5,-115,,not_tracked,,,-0.97,L,official_k
2026-08-08,pitcher_strikeouts,Cincinnati Reds @ Washington Nationals,Andrew Alvarez Over 4.5,-120,,not_tracked,,,1.86,L,official_k
2026-08-08,moneyline,Chicago Cubs @ Kansas City Royals,Chicago Cubs,-160,,not_tracked,84,0.6188,0.0046,L,loss_needs_review
2026-08-08,pitcher_strikeouts,Minnesota Twins @ Milwaukee Brewers,Taj Bradley Over 5.5,-151,,not_tracked,,,1.09,W,official_k
2026-08-08,pitcher_strikeouts,Minnesota Twins @ Milwaukee Brewers,Robert Gasser Under 4.5,-107,,not_tracked,,,-1.13,W,official_k
2026-08-08,pitcher_strikeouts,Cleveland Guardians @ Chicago White Sox,Gavin Williams Over 7.5,-138,,not_tracked,,,2.99,L,official_k
2026-08-08,pitcher_strikeouts,Colorado Rockies @ St. Louis Cardinals,Kyle Freeland Over 3.5,-105,,not_tracked,,,0.98,L,official_k
2026-08-08,pitcher_strikeouts,Houston Astros @ San Diego Padres,Michael King Under 5.5,-155,,not_tracked,,,-0.97,L,official_k
2026-08-08,pitcher_strikeouts,Tampa Bay Rays @ Seattle Mariners,Griffin Jax Under 5.5,-120,,not_tracked,,,-1.03,VOID,pitcher_did_not_appear
2026-08-09,pitcher_strikeouts,Atlanta Braves @ New York Yankees,Cam Schlittler Over 6.5,-142,,not_tracked,,,1.67,W,official_k
2026-08-09,pitcher_strikeouts,Toronto Blue Jays @ Philadelphia Phillies,Shane Bieber Under 3.5,115,,not_tracked,,,-0.73,L,official_k
2026-08-09,pitcher_strikeouts,Los Angeles Angels @ Miami Marlins,Grayson Rodriguez Under 5.5,-160,,not_tracked,,,-1.52,L,official_k
2026-08-09,pitcher_strikeouts,Chicago Cubs @ Kansas City Royals,Matthew Boyd Under 4.5,-110,,not_tracked,,,-1.03,W,official_k
2026-08-09,pitcher_strikeouts,Minnesota Twins @ Milwaukee Brewers,Jacob Misiorowski Under 8.5,113,,not_tracked,,,-0.76,L,official_k
2026-08-09,pitcher_strikeouts,Minnesota Twins @ Milwaukee Brewers,Connor Prielipp Over 5.5,-102,,not_tracked,,,1.68,W,official_k
2026-08-09,pitcher_strikeouts,Colorado Rockies @ St. Louis Cardinals,Michael McGreevy Over 3.5,-125,,not_tracked,,,0.82,W,official_k
2026-08-09,pitcher_strikeouts,Colorado Rockies @ St. Louis Cardinals,Michael Lorenzen Under 3.5,-170,,not_tracked,,,-0.8,W,official_k
2026-08-09,pitcher_strikeouts,Tampa Bay Rays @ Seattle Mariners,Emerson Hancock Under 4.5,-127,,not_tracked,,,-0.72,W,official_k
2026-08-07,pitcher_strikeouts,Cincinnati Reds @ Washington Nationals,Cade Cavalli Over 6.5,118,,not_tracked,,,1.58,W,official_k
2026-08-07,pitcher_strikeouts,Atlanta Braves @ New York Yankees,Max Fried Over 5.5,125,,not_tracked,,,1.38,W,official_k
2026-08-07,pitcher_strikeouts,Athletics @ Boston Red Sox,Payton Tolle Over 6.5,-132,,not_tracked,,,1,W,official_k
2026-08-07,pitcher_strikeouts,Minnesota Twins @ Milwaukee Brewers,Shane Drohan Under 5.5,-132,,not_tracked,,,-1,W,official_k
2026-08-07,pitcher_strikeouts,Chicago Cubs @ Kansas City Royals,Kevin Gausman Under 5.5,-142,,not_tracked,,,-0.77,W,official_k
2026-08-07,pitcher_strikeouts,Baltimore Orioles @ Texas Rangers,Nathan Eovaldi Over 7.5,112,,not_tracked,,,1.85,L,official_k
2026-08-07,pitcher_strikeouts,Colorado Rockies @ St. Louis Cardinals,Kyle Leahy Over 4.5,-113,,not_tracked,,,0.96,W,official_k
2026-08-06,pitcher_strikeouts,Los Angeles Angels @ Baltimore Orioles,Brandon Young Over 4.5,-167,,not_tracked,,,1.9,L,official_k
2026-08-06,pitcher_strikeouts,Athletics @ Cincinnati Reds,Mason Barnett Over 4.5,-124,,not_tracked,,,2,W,official_k
2026-08-06,pitcher_strikeouts,Athletics @ Cincinnati Reds,Andrew Abbott Over 4.5,104,,not_tracked,,,1.6,L,official_k
2026-08-06,pitcher_strikeouts,Toronto Blue Jays @ Chicago Cubs,Dylan Cease Over 7.5,-102,,not_tracked,,,1.2,W,official_k
2026-08-06,moneyline,Chicago White Sox @ Boston Red Sox,Boston Red Sox,-184,,not_tracked,80,0.6114,-0.0259,W,win_needs_more_sample
2026-08-06,pitcher_strikeouts,Chicago White Sox @ Boston Red Sox,Ranger Suarez Over 5.5,-138,,not_tracked,,,2.19,L,official_k
2026-08-06,pitcher_strikeouts,Chicago White Sox @ Boston Red Sox,Luis Castillo Under 4.5,-167,,not_tracked,,,-0.87,L,official_k
2026-08-06,pitcher_strikeouts,Miami Marlins @ Atlanta Braves,Janson Junk Over 3.5,-111,,not_tracked,,,0.92,L,official_k
2026-08-06,pitcher_strikeouts,Minnesota Twins @ Kansas City Royals,Michael Wacha Over 4.5,-125,,not_tracked,,,0.8,L,official_k
2026-08-05,pitcher_strikeouts,Los Angeles Angels @ Baltimore Orioles,Reid Detmers Over 6.5,-154,,not_tracked,,,1.52,L,official_k
2026-08-05,moneyline,Athletics @ Cincinnati Reds,Cincinnati Reds,-174,,not_tracked,81,0.6576,0.0404,W,win_needs_more_sample
2026-08-05,pitcher_strikeouts,Athletics @ Cincinnati Reds,Jacob Lopez Over 5.5,118,,not_tracked,,,0.72,W,official_k
2026-08-05,pitcher_strikeouts,Athletics @ Cincinnati Reds,Rhett Lowder Under 4.5,-153,,not_tracked,,,-0.95,W,official_k
2026-08-05,pitcher_strikeouts,New York Mets @ Cleveland Guardians,Christian Scott Under 5.5,-142,,not_tracked,,,-1.14,L,official_k
2026-08-05,pitcher_strikeouts,Washington Nationals @ Philadelphia Phillies,Jake Irvin Over 3.5,-122,,not_tracked,,,0.82,L,official_k
2026-08-05,pitcher_strikeouts,Chicago White Sox @ Boston Red Sox,Sean Burke Over 5.5,-142,,not_tracked,,,0.85,L,official_k
