date,gamePk,model_version,matchup,pick_team,opp_team,status,result,model_prob,pitcher_gap,pick_pitcher,pick_pitcher_score,opp_pitcher,opp_pitcher_score,pick_era,opp_era,pick_whip,opp_whip,pick_hr9,opp_hr9,pick_woba,opp_woba,pick_bullpen_risk,opp_bullpen_risk,pick_team_strength_blend,opp_team_strength_blend,woba_diff,bullpen_gap,pitcher_boost,pre_bullpen_odds,pre_bullpen_prob,bullpen_adj,money_line_odds,moneyline_prop
8/1/2026,824972,leo,Detroit Tigers @ Athletics,Detroit Tigers,Athletics,watchlist,W,0.63415,11,,58,,47,4.04,6.53,1.38,1.36,0.95,1.45,0,0,78,92,,,0,14,1.6454,3.179541012,0.7607,0.042,3.315925766,0.7683
8/1/2026,824162,leo,Texas Rangers @ Houston Astros,Houston Astros,Texas Rangers,pass,W,0.58335,-32,,42,,74,4.19,4.4,1.2,1.07,3.6,1.31,0,0,55,82,,,0,27,1.0429,1.844664069,0.6485,0.081,2.00030003,0.6667
8/1/2026,823109,leo,Minnesota Twins @ Seattle Mariners,Minnesota Twins,Seattle Mariners,pass,L,0.5761,-21,,58,,79,2.08,3.71,1.3,0.99,1,1.07,0,0,53,64,,,0,11,1.3854,1.81434344,0.6447,0.033,1.875215641,0.6522
8/1/2026,824808,leo,Philadelphia Phillies @ Baltimore Orioles,Baltimore Orioles,Philadelphia Phillies,pass,L,0.5697,-19,,62,,81,2.94,3.28,1.39,1.2,0.66,0.78,0,0,48,65,,,0,17,1.0704,1.684992185,0.6276,0.051,1.773155851,0.6394
8/1/2026,822781,leo,St. Louis Cardinals @ Toronto Blue Jays,Toronto Blue Jays,St. Louis Cardinals,pass,W,0.5632,12,,62,,50,2.86,3.79,1.27,,1.11,,0,0,54,86,,,0,32,1.2044,1.523184849,0.6037,0.096,1.676659529,0.6264
8/1/2026,823269,leo,San Francisco Giants @ San Diego Padres,San Diego Padres,San Francisco Giants,pass,W,0.55155,-1,,53,,54,3.75,3.9,1.41,1.4,1.17,1.31,0,0,86,61,,,0,-25,1.0305,1.637873347,0.6209,-0.075,1.519526329,0.6031
8/1/2026,823594,leo,Miami Marlins @ New York Mets,New York Mets,Miami Marlins,pass,L,0.52815,19,,79,,60,2.99,3.63,0.91,1.36,0.61,1.07,0,0,46,48,,,0,2,1.1366,1.246274946,0.5548,0.006,1.253775073,0.5563
8/1/2026,824405,leo,Arizona Diamondbacks @ Cleveland Guardians,Arizona Diamondbacks,Cleveland Guardians,pass,W,0.5136,-35,,48,,83,4.48,3.33,1.44,1.04,2,0.79,0,0,44,56,,,0,12,0.7945,1.075631055,0.5182,0.036,1.115059222,0.5272
8/1/2026,823920,leo,Boston Red Sox @ Los Angeles Dodgers,Boston Red Sox,Los Angeles Dodgers,pass,W,0.49975,-12,,74,,86,2.9,3.89,1.11,0.9,1.04,0.93,0,0,59,100,,,0,41,1.219,0.882496902,0.4688,0.123,0.998001998,0.4995
8/1/2026,824649,leo,New York Yankees @ Chicago Cubs,Chicago Cubs,New York Yankees,pass,W,0.49385,-28,,46,,74,3.5,2.52,1.52,1.02,0.95,0.13,0,0,59,66,,,0,7,0.822,0.932198105,0.4825,0.021,0.951981261,0.4877
8/1/2026,824485,leo,Pittsburgh Pirates @ Cincinnati Reds,Pittsburgh Pirates,Cincinnati Reds,pass,W,0.4856,8,,69,,61,3.46,4.34,1.19,,1.18,,0,0,90,87,,,0,-3,1.1924,0.899129994,0.4734,-0.009,0.89107413,0.4712
8/1/2026,824326,leo,Kansas City Royals @ Colorado Rockies,Colorado Rockies,Kansas City Royals,pass,W,0.4818,-10,,47,,57,5.37,4.68,1.46,1.57,1.91,0.8,0,0,33,48,,,0,15,0.8711,0.826249874,0.4524,0.045,0.864280388,0.4636
8/1/2026,822944,leo,Chicago White Sox @ Tampa Bay Rays,Chicago White Sox,Tampa Bay Rays,pass,L,0.4642,-22,,57,,79,1.94,2.08,1.48,0.93,0.29,0.97,0,0,65,74,,,0,9,1.0284,0.72951007,0.4218,0.027,0.749475157,0.4284
8/1/2026,824000,leo,Milwaukee Brewers @ Los Angeles Angels,Los Angeles Angels,Milwaukee Brewers,pass,L,0.44205,26,,86,,60,2.89,4.37,1.26,1.17,1.03,1.73,0,0,87,77,,,0,-10,1.3445,0.642632873,0.3912,-0.03,0.623640201,0.3841
8/2/2026,823919,leo,Boston Red Sox @ Los Angeles Dodgers,Boston Red Sox,Los Angeles Dodgers,pass,W,0.51675,20,,79,,59,3.08,4.97,0.97,1.25,0.69,1.65,0,0,52,76,,,0,24,1.4594,1.064176276,0.5155,0.072,1.143622722,0.5335
8/3/2026,823520,leo,St. Louis Cardinals @ New York Yankees,New York Yankees,St. Louis Cardinals,watchlist,L,0.62985,19,,87,,68,2.71,4.99,0.91,,0.79,,0,0,64,81,,,0,17,1.5778,3.004272601,0.7503,0.051,3.161464836,0.7597
8/3/2026,823757,leo,Pittsburgh Pirates @ Milwaukee Brewers,Milwaukee Brewers,Pittsburgh Pirates,pass,L,0.5921,-2,,53,,55,4.57,4.28,1.39,1.41,1.65,0.86,0,0,68,92,,,0,24,0.9436,2.016052055,0.6684,0.072,2.166561115,0.6842
8/3/2026,824160,leo,Toronto Blue Jays @ Houston Astros,Houston Astros,Toronto Blue Jays,pass,L,0.57975,13,,70,,57,3.86,4.66,1.83,1.63,1.27,2.01,0,0,75,65,,,0,-10,1.1735,1.995843657,0.6662,-0.03,1.936857562,0.6595
8/3/2026,824324,leo,Tampa Bay Rays @ Colorado Rockies,Tampa Bay Rays,Colorado Rockies,pass,W,0.5474,47,,84,,37,3.01,5,1.12,1.81,1.38,1.38,0,0,65,35,,,0,-30,1.4888,1.606157117,0.6163,-0.09,1.467917078,0.5948
8/3/2026,824647,leo,Los Angeles Dodgers @ Chicago Cubs,Chicago Cubs,Los Angeles Dodgers,pass,W,0.5379,-14,,69,,83,3.06,4.11,1.2,1.02,0.82,0.96,0,0,47,80,,,0,33,1.2337,1.229435764,0.5515,0.099,1.357378595,0.5758
8/3/2026,822867,leo,San Francisco Giants @ Texas Rangers,San Francisco Giants,Texas Rangers,pass,W,0.52395,15,,70,,55,3.31,4.81,1.12,1.24,0.68,1.23,0,0,61,82,,,0,21,1.3499,1.137905617,0.5323,0.063,1.211900022,0.5479
8/3/2026,825095,leo,San Diego Padres @ Arizona Diamondbacks,San Diego Padres,Arizona Diamondbacks,pass,L,0.50745,10,,71,,61,3.63,4.59,1.17,1.29,0.93,1,0,0,93,71,,,0,-22,1.2117,1.13384856,0.5314,-0.066,1.061430633,0.5149
8/4/2026,824484,leo,Athletics @ Cincinnati Reds,Cincinnati Reds,Athletics,watchlist,W,0.60965,-12,,56,,68,4.17,5.43,1.43,1.22,1.76,1.07,0,0,70,80,,,0,10,1.2866,2.486788287,0.7132,0.03,2.562522266,0.7193
8/4/2026,823517,leo,St. Louis Cardinals @ New York Yankees,New York Yankees,St. Louis Cardinals,pass,W,0.58855,7,,67,,60,3.6,5.15,1.24,1.34,1.33,1.07,0,0,80,93,,,0,13,1.3634,2.016727795,0.6685,0.039,2.096934035,0.6771
8/4/2026,823756,leo,Pittsburgh Pirates @ Milwaukee Brewers,Milwaukee Brewers,Pittsburgh Pirates,pass,W,0.578,9,,77,,68,3.67,3.99,0.91,1.02,1.02,1.21,0,0,73,88,,,0,15,1.0661,1.823064965,0.6458,0.045,1.906976744,0.656
8/4/2026,824805,leo,Los Angeles Angels @ Baltimore Orioles,Baltimore Orioles,Los Angeles Angels,pass,W,0.5608,-24,,49,,73,4.39,3.71,1.34,1.75,1.86,1.84,0,0,65,69,,,0,4,0.8728,1.623111461,0.6188,0.012,1.642706131,0.6216
8/4/2026,824084,leo,Minnesota Twins @ Kansas City Royals,Minnesota Twins,Kansas City Royals,pass,L,0.5593,5,,74,,69,3.61,4.59,1.11,1.19,1.27,0.69,0,0,65,69,,,0,4,1.2165,1.602572526,0.6158,0.012,1.621919245,0.6186
8/4/2026,824161,leo,Toronto Blue Jays @ Houston Astros,Houston Astros,Toronto Blue Jays,pass,W,0.5561,-21,,46,,67,3.93,4.13,1.59,1.16,0,0.98,0,0,59,62,,,0,3,1.0408,1.564504693,0.6101,0.009,1.578648788,0.6122
8/4/2026,824321,leo,Tampa Bay Rays @ Colorado Rockies,Tampa Bay Rays,Colorado Rockies,pass,W,0.55115,-13,,53,,66,3.87,4.6,1.48,1.19,1.35,0,0,0,63,52,,,0,-11,1.1572,1.565269021,0.6102,-0.033,1.514458134,0.6023
8/4/2026,824888,leo,Miami Marlins @ Atlanta Braves,Atlanta Braves,Miami Marlins,pass,W,0.5511,-2,,61,,63,5.2,4.3,1.36,1.44,1.59,0.92,0,0,53,40,,,0,-13,0.8353,1.574031637,0.6115,-0.039,1.513826043,0.6022
8/4/2026,824731,leo,Chicago White Sox @ Boston Red Sox,Boston Red Sox,Chicago White Sox,pass,W,0.5478,-10,,58,,68,3.42,3.01,1.58,1.26,1.42,0.54,0,0,56,59,,,0,3,0.9213,1.459603486,0.5934,0.009,1.472799209,0.5956
8/4/2026,824645,leo,Los Angeles Dodgers @ Chicago Cubs,Chicago Cubs,Los Angeles Dodgers,pass,W,0.53745,-21,,65,,86,3.6,3.87,1.16,0.91,1.55,0.93,0,0,40,75,,,0,35,1.0555,1.217587786,0.5491,0.105,1.352387673,0.5749
8/4/2026,823432,leo,Washington Nationals @ Philadelphia Phillies,Philadelphia Phillies,Washington Nationals,pass,W,0.52285,7,,72,,65,3.32,4.19,1.19,1.63,0.84,0.56,0,0,64,44,,,0,-20,1.1901,1.275465999,0.5605,-0.06,1.201188642,0.5457
8/4/2026,824403,leo,New York Mets @ Cleveland Guardians,New York Mets,Cleveland Guardians,pass,W,0.521,0,,60,,60,3.22,4.38,1.34,1.45,1.28,1.03,0,0,47,69,,,0,22,1.2611,1.107822988,0.5256,0.066,1.183406114,0.542
8/4/2026,822865,leo,San Francisco Giants @ Texas Rangers,San Francisco Giants,Texas Rangers,pass,L,0.51825,6,,67,,61,3.51,4.21,1.08,1.26,0.75,1.17,0,0,65,79,,,0,14,1.1503,1.109889185,0.526,0.042,1.157497303,0.5365
8/4/2026,825054,leo,San Diego Padres @ Arizona Diamondbacks,Arizona Diamondbacks,San Diego Padres,pass,L,0.5093,22,,76,,54,4.61,4.11,1.21,1.47,0.9,1.33,0,0,61,86,,,0,25,0.9048,0.999434508,0.4999,0.075,1.077274616,0.5186
8/4/2026,823108,leo,Detroit Tigers @ Seattle Mariners,Detroit Tigers,Seattle Mariners,pass,W,0.50705,7,,82,,75,4.19,3.88,0.93,1.04,1.07,1.14,0,0,56,58,,,0,2,0.9399,1.05170742,0.5126,0.006,1.058036633,0.5141
8/5/2026,824482,leo,Athletics @ Cincinnati Reds,Cincinnati Reds,Athletics,official_pick,W,0.65755,6,,47,,41,3.15,6.59,1.52,1.67,1.08,1.54,0,0,65,70,,,0,5,1.9897,4.342697361,0.8128,0.015,4.408328826,0.8151
8/5/2026,824158,leo,Toronto Blue Jays @ Houston Astros,Houston Astros,Toronto Blue Jays,watchlist,L,0.6023,14,,63,,49,3.89,5.41,1.29,1.36,1.03,2.96,0,0,52,94,,,0,42,1.3553,2.102863308,0.6777,0.126,2.385240352,0.7046
8/5/2026,824646,leo,Los Angeles Dodgers @ Chicago Cubs,Chicago Cubs,Los Angeles Dodgers,pass,W,0.59945,13,,73,,60,3.49,5.93,1.07,1.19,1.69,2.05,0,0,38,65,,,0,27,1.6291,2.140555201,0.6816,0.081,2.321155762,0.6989
8/5/2026,823753,leo,Pittsburgh Pirates @ Milwaukee Brewers,Milwaukee Brewers,Pittsburgh Pirates,pass,W,0.5869,2,,74,,72,3.34,3.43,1.08,1.11,1.08,0.94,0,0,63,81,,,0,18,1.0182,1.957019477,0.6618,0.054,2.065603924,0.6738
8/5/2026,823516,leo,St. Louis Cardinals @ New York Yankees,New York Yankees,St. Louis Cardinals,pass,L,0.58045,-6,,61,,67,3.73,4.62,1.36,1.22,1.24,0.76,0,0,77,70,,,0,-7,1.1948,1.99034401,0.6656,-0.021,1.948982601,0.6609
8/5/2026,824322,leo,Tampa Bay Rays @ Colorado Rockies,Tampa Bay Rays,Colorado Rockies,pass,W,0.57295,18,,78,,60,3.71,5.49,1.1,1.26,1.09,1.84,0,0,85,59,,,0,-26,1.4276,1.972033678,0.6635,-0.078,1.824061,0.6459
8/5/2026,824728,leo,Chicago White Sox @ Boston Red Sox,Boston Red Sox,Chicago White Sox,pass,W,0.5707,-1,,75,,76,3.15,3.31,1.17,1.1,0.95,0.94,0,0,51,56,,,0,5,1.0325,1.761993302,0.6379,0.015,1.788622421,0.6414
8/5/2026,824806,leo,Los Angeles Angels @ Baltimore Orioles,Baltimore Orioles,Los Angeles Angels,pass,W,0.5612,-9,,62,,71,3.72,3.09,1.28,1.1,0.82,1.08,0,0,57,54,,,0,-3,0.8816,1.663206788,0.6245,-0.009,1.648305085,0.6224
8/5/2026,824402,leo,New York Mets @ Cleveland Guardians,New York Mets,Cleveland Guardians,pass,W,0.55855,-1,,68,,69,2.62,4.54,1.24,1.15,0.91,1.36,0,0,43,70,,,0,27,1.4681,1.486251572,0.5978,0.081,1.61164795,0.6171
8/5/2026,824889,leo,Miami Marlins @ Atlanta Braves,Atlanta Braves,Miami Marlins,pass,W,0.55485,-6,,67,,73,4.96,4.15,1.25,1.1,1.43,1.12,0,0,51,38,,,0,-13,0.8504,1.624258427,0.6189,-0.039,1.562131694,0.6097
8/5/2026,825052,leo,San Diego Padres @ Arizona Diamondbacks,San Diego Padres,Arizona Diamondbacks,pass,L,0.54765,41,,80,,39,3.18,5.18,0.99,1.84,0.52,1.74,0,0,74,54,,,0,-20,1.4918,1.561925614,0.6097,-0.06,1.470966148,0.5953
8/5/2026,823429,leo,Washington Nationals @ Philadelphia Phillies,Philadelphia Phillies,Washington Nationals,pass,L,0.5464,-12,,39,,51,4.44,4.54,1.61,1.32,1.9,1.43,0,0,50,68,,,0,18,1.0202,1.379267566,0.5797,0.054,1.455795678,0.5928
8/5/2026,823106,leo,Detroit Tigers @ Seattle Mariners,Detroit Tigers,Seattle Mariners,pass,L,0.5127,-7,,60,,67,4.47,3.88,1.3,1.15,1.27,0.97,0,0,49,64,,,0,15,0.8887,1.058325067,0.5142,0.045,1.107037505,0.5254
8/5/2026,822866,leo,San Francisco Giants @ Texas Rangers,Texas Rangers,San Francisco Giants,pass,W,0.50245,18,,50,,32,4.46,4.05,,1.74,,1.89,0,0,83,68,,,0,-15,0.9213,1.066732916,0.5161,-0.045,1.019793981,0.5049
8/5/2026,824082,leo,Minnesota Twins @ Kansas City Royals,Kansas City Royals,Minnesota Twins,pass,W,0.5007,15,,59,,44,4.26,4.53,1.34,1.36,1.09,3,0,0,67,62,,,0,-5,1.0555,1.020813659,0.5051,-0.015,1.005615724,0.5014
8/6/2026,824729,leo,Chicago White Sox @ Boston Red Sox,Boston Red Sox,Chicago White Sox,official_pick,W,0.6114,18,,73,,55,2.55,3.84,1.16,1.39,0.45,1.44,0,0,45,55,,,0,10,1.2943,2.53044023,0.7167,0.03,2.607503608,0.7228
8/6/2026,823754,leo,Pittsburgh Pirates @ Milwaukee Brewers,Milwaukee Brewers,Pittsburgh Pirates,pass,W,0.5975,-10,,61,,71,3.51,3.7,1.28,1.16,0.58,1.2,0,0,66,72,,,0,6,1.0387,2.238039074,0.6912,0.018,2.278688525,0.695
8/6/2026,824885,leo,Miami Marlins @ Atlanta Braves,Atlanta Braves,Miami Marlins,pass,W,0.57725,11,,69,,58,4.79,4.31,1.17,1.33,1.02,1.26,0,0,53,39,,,0,-14,0.9085,1.975613419,0.6639,-0.042,1.894356006,0.6545
8/6/2026,823430,leo,Washington Nationals @ Philadelphia Phillies,Philadelphia Phillies,Washington Nationals,pass,W,0.56815,31,,82,,51,3.28,4.93,1.2,1.35,0.75,2.17,0,0,77,67,,,0,-10,1.391,1.802799615,0.6432,-0.03,1.749518834,0.6363
8/6/2026,824664,leo,Toronto Blue Jays @ Chicago Cubs,Chicago Cubs,Toronto Blue Jays,pass,W,0.5672,-35,,49,,84,4.13,3.24,1.48,1.08,0.98,0.53,0,0,67,93,,,0,26,0.8369,1.605025799,0.6161,0.078,1.735229759,0.6344
8/6/2026,824401,leo,New York Mets @ Cleveland Guardians,New York Mets,Cleveland Guardians,pass,W,0.5327,-3,,75,,78,3.57,4.04,1.12,1.07,0.93,1.32,0,0,59,71,,,0,12,1.0986,1.254964616,0.5565,0.036,1.300966406,0.5654
8/6/2026,824080,leo,Minnesota Twins @ Kansas City Royals,Kansas City Royals,Minnesota Twins,pass,L,0.507,12,,73,,61,4.22,4.2,1.16,1.23,1.04,1.45,0,0,65,58,,,0,-7,0.996,1.08005789,0.5192,-0.021,1.057613169,0.514
8/6/2026,825053,leo,San Diego Padres @ Arizona Diamondbacks,Arizona Diamondbacks,San Diego Padres,pass,L,0.5054,-2,,50,,52,5.24,4.16,1.46,1.45,2.08,1.21,0,0,60,82,,,0,22,0.8057,0.977464525,0.4943,0.066,1.04415372,0.5108
8/6/2026,823105,leo,Detroit Tigers @ Seattle Mariners,Seattle Mariners,Detroit Tigers,pass,L,0.50385,23,,81,,58,3.95,4.01,0.92,1.39,1.46,0.9,0,0,61,52,,,0,-9,1.0121,1.059505654,0.5144,-0.027,1.031281739,0.5077
8/7/2026,824727,leo,Athletics @ Boston Red Sox,Boston Red Sox,Athletics,watchlist,W,0.6834,28,,73,,45,2.87,5.36,1.15,1.4,1.07,1.71,0,0,91,68,,,0,-23,1.6454,6.972379175,0.8746,-0.069,6.507507508,0.8668
8/7/2026,823750,leo,Minnesota Twins @ Milwaukee Brewers,Milwaukee Brewers,Minnesota Twins,watchlist,L,0.6073,15,,70,,55,3.26,4.38,1.17,1.31,0.72,1.78,0,0,72,54,,,0,-18,1.2511,2.642779596,0.7255,-0.054,2.50385424,0.7146
8/7/2026,824081,leo,Chicago Cubs @ Kansas City Royals,Chicago Cubs,Kansas City Royals,pass,W,0.59675,-9,,63,,72,3.04,4.4,1.29,0.93,1.06,0.39,0,0,78,59,,,0,-19,1.3126,2.395359884,0.7055,-0.057,2.262642741,0.6935
8/7/2026,823024,leo,Colorado Rockies @ St. Louis Cardinals,St. Louis Cardinals,Colorado Rockies,pass,W,0.5678,18,,65,,47,5.01,5.36,1.33,1.46,1.01,2,0,0,63,67,,,0,4,1.0725,1.723431341,0.6328,0.012,1.744237102,0.6356
8/7/2026,824566,leo,Cleveland Guardians @ Chicago White Sox,Chicago White Sox,Cleveland Guardians,pass,L,0.5658,-34,,47,,81,3.88,4.08,1.38,1.06,1.25,0.76,0,0,92,98,,,0,6,1.0408,1.683856971,0.6274,0.018,1.714440825,0.6316
8/7/2026,823836,leo,Los Angeles Angels @ Miami Marlins,Miami Marlins,Los Angeles Angels,pass,L,0.55465,-18,,61,,79,4.87,3.31,1.35,3.64,1.11,1.93,0,0,61,52,,,0,-9,0.732,1.602188897,0.6157,-0.027,1.559508574,0.6093
8/7/2026,823191,leo,Detroit Tigers @ San Francisco Giants,Detroit Tigers,San Francisco Giants,pass,L,0.54525,13,,77,,64,3.78,3.64,1,1.17,0.85,0.67,0,0,52,68,,,0,16,0.9724,1.374421249,0.5788,0.048,1.442002442,0.5905
8/7/2026,823103,leo,Tampa Bay Rays @ Seattle Mariners,Tampa Bay Rays,Seattle Mariners,pass,W,0.54455,1,,81,,80,2.94,4.19,0.93,0.99,0.92,1.15,0,0,78,68,,,0,-10,1.284,1.477344283,0.5963,-0.03,1.433682161,0.5891
8/7/2026,822699,leo,Cincinnati Reds @ Washington Nationals,Cincinnati Reds,Washington Nationals,pass,L,0.5413,-12,,56,,68,3.44,3.53,1.23,1.29,1.5,0.88,0,0,62,62,,,0,0,1.0182,1.395783421,0.5826,0,1.395783421,0.5826
8/7/2026,823428,leo,Toronto Blue Jays @ Philadelphia Phillies,Philadelphia Phillies,Toronto Blue Jays,pass,L,0.53535,17,,86,,69,3.33,3.89,0.91,1.25,1.11,0.88,0,0,99,96,,,0,-3,1.1185,1.341391761,0.5729,-0.009,1.329373399,0.5707
8/7/2026,823349,leo,New York Mets @ Pittsburgh Pirates,New York Mets,Pittsburgh Pirates,pass,W,0.5291,7,,73,,66,3.17,3.75,1.05,1.31,0.79,0.67,0,0,58,64,,,0,6,1.123,1.240928674,0.5538,0.018,1.263467632,0.5582
8/7/2026,825051,leo,Los Angeles Dodgers @ Arizona Diamondbacks,Arizona Diamondbacks,Los Angeles Dodgers,pass,W,0.52165,-9,,50,,59,5.65,5.45,1.49,1.3,1.81,1.82,0,0,65,72,,,0,7,0.9608,1.164899635,0.5381,0.021,1.189621196,0.5433
8/7/2026,823266,leo,Houston Astros @ San Diego Padres,San Diego Padres,Houston Astros,pass,L,0.5175,28,,68,,40,3.86,4.09,1.29,1.3,1.1,3.07,0,0,77,48,,,0,-29,1.0471,1.255117685,0.5566,-0.087,1.150537634,0.535
8/7/2026,822863,leo,Baltimore Orioles @ Texas Rangers,Baltimore Orioles,Texas Rangers,pass,L,0.5145,-4,,64,,68,3.49,4.35,1.37,1.21,0.63,1.7,0,0,75,84,,,0,9,1.1877,1.093223135,0.5223,0.027,1.123142251,0.529
8/7/2026,823515,leo,Atlanta Braves @ New York Yankees,New York Yankees,Atlanta Braves,pass,W,0.50315,22,,76,,54,3.02,4.57,0.99,1.39,0.12,1.33,0,0,66,66,,,0,0,1.3634,1.025521572,0.5063,0,1.025521572,0.5063
8/8/2026,824726,leo,Athletics @ Boston Red Sox,Boston Red Sox,Athletics,watchlist,L,0.6877,24,,78,,54,2.84,5.12,1.01,1.47,0.63,0.94,0.367,0.2614,77,70,,,0.1056,-7,1.5778,7.174781573,0.8777,-0.021,7.025682183,0.8754
8/8/2026,824079,leo,Chicago Cubs @ Kansas City Royals,Chicago Cubs,Kansas City Royals,official_pick,L,0.61855,19,,77,,58,3.19,4.49,1.1,1.39,0.51,1.05,0.338,0.2838,75,92,,,0.0542,17,1.2969,2.664322587,0.7271,0.051,2.803727653,0.7371
8/8/2026,823752,leo,Minnesota Twins @ Milwaukee Brewers,Milwaukee Brewers,Minnesota Twins,pass,W,0.5795,-7,,62,,69,4.07,3.72,1.17,1.24,1.59,1.21,0.3311,0.3016,68,71,,,0.0295,3,0.9324,1.915236392,0.657,0.009,1.93255132,0.659
8/8/2026,823021,leo,Colorado Rockies @ St. Louis Cardinals,St. Louis Cardinals,Colorado Rockies,pass,L,0.56515,10,,53,,43,4.92,4.63,1.49,1.49,1.57,1.74,0.2835,0.3186,57,58,,,-0.0351,1,0.9436,1.699788838,0.6296,0.003,1.704895862,0.6303
8/8/2026,823834,leo,Los Angeles Angels @ Miami Marlins,Miami Marlins,Los Angeles Angels,pass,W,0.5633,-2,,71,,73,4.05,3.38,1.2,1.25,0.98,0.54,0.3073,0.2736,70,66,,,0.0337,-4,0.8746,1.698351623,0.6294,-0.012,1.678093198,0.6266
8/8/2026,822701,leo,Cincinnati Reds @ Washington Nationals,Cincinnati Reds,Washington Nationals,pass,L,0.545,23,,80,,57,2.92,3.54,1.1,1.45,0.99,0.28,0.3202,0.3239,75,57,,,-0.0037,-18,1.132,1.518868086,0.603,-0.054,1.43902439,0.59
8/8/2026,824565,leo,Cleveland Guardians @ Chicago White Sox,Chicago White Sox,Cleveland Guardians,pass,W,0.53755,-19,,60,,79,4.09,4.2,1.35,1.04,1.15,1.36,0.2988,0.2884,100,82,,,0.0104,-18,1.0222,1.428593068,0.5882,-0.054,1.35349494,0.5751
8/8/2026,823348,leo,New York Mets @ Pittsburgh Pirates,New York Mets,Pittsburgh Pirates,pass,L,0.5361,20,,75,,55,3.34,4.05,0.6,1.41,1.8,0.82,0.3224,0.282,60,69,,,0.0404,9,1.1526,1.301910478,0.5656,0.027,1.337540907,0.5722
8/8/2026,823514,leo,Atlanta Braves @ New York Yankees,Atlanta Braves,New York Yankees,pass,L,0.53305,11,,85,,74,3.46,3.67,1.02,1.1,0.62,1.34,0.3222,0.2745,80,66,,,0.0477,-14,1.0429,1.360642001,0.5764,-0.042,1.304678497,0.5661
8/8/2026,823188,leo,Detroit Tigers @ San Francisco Giants,Detroit Tigers,San Francisco Giants,pass,W,0.5318,-12,,50,,62,4.1,3.26,,1.29,,0.68,0.376,0.3152,50,86,,,0.0608,36,0.8454,1.159264238,0.5369,0.108,1.29147571,0.5636
8/8/2026,825049,leo,Los Angeles Dodgers @ Arizona Diamondbacks,Arizona Diamondbacks,Los Angeles Dodgers,pass,L,0.52775,-20,,66,,86,4.45,4.17,1.26,0.88,0.92,1.01,0.3139,0.327,73,62,,,-0.0131,-11,0.9455,1.291647524,0.5636,-0.033,1.249718785,0.5555
8/8/2026,823426,leo,Toronto Blue Jays @ Philadelphia Phillies,Philadelphia Phillies,Toronto Blue Jays,pass,L,0.5245,-8,,51,,59,4.61,4.59,1.44,1.63,2.1,2.64,0.3229,0.3001,81,93,,,0.0228,12,0.996,1.17425171,0.5401,0.036,1.2172949,0.549
8/8/2026,823267,leo,Houston Astros @ San Diego Padres,Houston Astros,San Diego Padres,pass,L,0.51955,6,,75,,69,3.42,3.58,1.13,1.2,0.91,0.97,0.3648,0.3315,50,76,,,0.0333,26,1.0325,1.081901329,0.5197,0.078,1.169668041,0.5391
8/8/2026,822864,leo,Baltimore Orioles @ Texas Rangers,Texas Rangers,Baltimore Orioles,pass,W,0.51125,8,,71,,63,3.76,3.85,1.14,1.36,1.27,0.97,0.3034,0.2786,68,59,,,0.0248,-9,1.0182,1.124187805,0.5292,-0.027,1.094240838,0.5225
8/9/2026,824724,leo,Athletics @ Boston Red Sox,Boston Red Sox,Athletics,watchlist,L,0.6891,-2,,66,,68,2.74,5.32,1.34,1.21,0.51,1.01,0.3587,0.2715,78,74,,,0.0872,-4,1.6753,7.297224007,0.8795,-0.012,7.210180624,0.8782
8/9/2026,823751,leo,Minnesota Twins @ Milwaukee Brewers,Milwaukee Brewers,Minnesota Twins,watchlist,W,0.6136,32,,90,,58,3.04,3.68,0.73,1.31,0.78,1.04,0.3295,0.3056,64,72,,,0.0239,8,1.1366,2.602474223,0.7224,0.024,2.66568915,0.7272
8/9/2026,824078,leo,Chicago Cubs @ Kansas City Royals,Chicago Cubs,Kansas City Royals,pass,W,0.60065,0,,67,,67,3.38,4.65,1.22,1.19,0.99,0.58,0.3425,0.301,70,74,,,0.0415,4,1.2892,2.319834925,0.6988,0.012,2.347840643,0.7013
8/9/2026,824564,leo,Cleveland Guardians @ Chicago White Sox,Chicago White Sox,Cleveland Guardians,pass,W,0.58885,3,,63,,60,3.37,4.79,1.31,1.47,0.74,1.14,0.2992,0.2962,100,67,,,0.003,-33,1.3284,2.321519489,0.6989,-0.099,2.102699348,0.6777
8/9/2026,823835,leo,Los Angeles Angels @ Miami Marlins,Miami Marlins,Los Angeles Angels,pass,W,0.58495,27,,64,,37,4.23,4.09,1.36,1.59,1,1.59,0.3097,0.2621,61,71,,,0.0476,10,0.9724,1.969407643,0.6632,0.03,2.029385035,0.6699
8/9/2026,823020,leo,Colorado Rockies @ St. Louis Cardinals,St. Louis Cardinals,Colorado Rockies,pass,W,0.5734,33,,68,,35,4.66,5.07,1.2,1.85,1.2,1.42,0.2968,0.3256,56,78,,,-0.0288,22,1.0855,1.714296271,0.6316,0.066,1.831257078,0.6468
8/9/2026,823190,leo,Detroit Tigers @ San Francisco Giants,Detroit Tigers,San Francisco Giants,pass,W,0.5663,10,,83,,73,3.79,3.4,0.91,1.11,0.97,0.65,0.3826,0.2999,42,91,,,0.0827,49,0.925,1.486444666,0.5978,0.147,1.721829069,0.6326
8/9/2026,823104,leo,Tampa Bay Rays @ Seattle Mariners,Tampa Bay Rays,Seattle Mariners,pass,W,0.5637,-11,,63,,74,3.28,4.36,1.13,1.07,1.39,1.16,0.2917,0.2967,100,76,,,-0.005,-24,1.2411,1.809551162,0.6441,-0.072,1.683843264,0.6274
8/9/2026,823425,leo,Toronto Blue Jays @ Philadelphia Phillies,Philadelphia Phillies,Toronto Blue Jays,pass,W,0.53605,32,,75,,43,3.24,4.39,1.16,1.68,0.79,1.7,0.3319,0.3025,92,99,,,0.0294,7,1.2586,1.309210492,0.567,0.021,1.336994625,0.5721
8/9/2026,822862,leo,Baltimore Orioles @ Texas Rangers,Texas Rangers,Baltimore Orioles,pass,L,0.5256,3,,61,,58,4.15,4.26,1.33,1.34,1.17,1.42,0.2982,0.2745,67,52,,,0.0237,-15,1.0222,1.284693753,0.5623,-0.045,1.228163993,0.5512
8/9/2026,825050,leo,Los Angeles Dodgers @ Arizona Diamondbacks,Arizona Diamondbacks,Los Angeles Dodgers,pass,W,0.5172,-3,,74,,77,4.51,4.58,1.24,1.07,0.86,1.23,0.3139,0.3158,70,80,,,-0.0019,10,1.0141,1.113844702,0.5269,0.03,1.147766323,0.5344
8/9/2026,823268,leo,Houston Astros @ San Diego Padres,Houston Astros,San Diego Padres,pass,L,0.51345,22,,79,,57,3.34,3.86,1.68,1.42,1.32,1.25,0.3539,0.3292,43,67,,,0.0247,24,1.1096,1.036349036,0.5089,0.072,1.11371803,0.5269
8/9/2026,823513,leo,Atlanta Braves @ New York Yankees,New York Yankees,Atlanta Braves,pass,L,0.51225,23,,86,,63,3.17,4.97,0.95,1.34,0.84,1.5,0.2874,0.321,69,65,,,-0.0336,-4,1.4333,1.116365753,0.5275,-0.012,1.103049422,0.5245
8/9/2026,822700,leo,Cincinnati Reds @ Washington Nationals,Cincinnati Reds,Washington Nationals,pass,L,0.507,-13,,56,,69,3.96,3.91,1.43,1.2,1.66,1.07,0.3112,0.3297,67,71,,,-0.0185,4,0.99,1.044997655,0.511,0.012,1.057613169,0.514
8/9/2026,823345,leo,New York Mets @ Pittsburgh Pirates,New York Mets,Pittsburgh Pirates,pass,W,0.5014,-5,,60,,65,3.16,3.87,1.38,1.11,1.2,1.45,0.3153,0.2987,62,62,,,0.0166,0,1.1526,1.011263073,0.5028,0,1.011263073,0.5028
8/10/2026,824969,leo,Tampa Bay Rays @ Athletics,Tampa Bay Rays,Athletics,watchlist,W,0.64935,6,,50,,44,3.78,6.19,1.52,1.63,1.46,1.56,0.2957,0.2794,93,69,,,0.0163,-24,1.6193,4.263920632,0.81,-0.072,3.967709886,0.7987
8/10/2026,822780,leo,Boston Red Sox @ Toronto Blue Jays,Boston Red Sox,Toronto Blue Jays,watchlist,L,0.61795,29,,77,,48,2.91,4.95,1.15,1.39,0.9,2.93,0.3634,0.29,92,99,,,0.0734,7,1.5038,2.728539326,0.7318,0.021,2.786444529,0.7359
8/10/2026,823918,leo,Kansas City Royals @ Los Angeles Dodgers,Los Angeles Dodgers,Kansas City Royals,watchlist,W,0.60645,23,,85,,62,3.62,4.69,0.92,1.29,0.96,1.02,0.3115,0.3025,89,75,,,0.009,-14,1.2386,2.589618509,0.7214,-0.042,2.483106931,0.7129
8/10/2026,825048,leo,Colorado Rockies @ Arizona Diamondbacks,Arizona Diamondbacks,Colorado Rockies,pass,W,0.60045,13,,75,,62,3.88,4.32,1.09,1.18,0.66,0.3,0.3174,0.3354,60,79,,,-0.018,19,1.092,2.213527192,0.6888,0.057,2.343363424,0.7009
8/10/2026,824887,leo,New York Mets @ Atlanta Braves,Atlanta Braves,New York Mets,pass,L,0.5436,1,,68,,67,4.66,2.59,1.2,1.26,1.35,0.85,0.3152,0.3342,66,51,,,-0.019,-15,0.661,1.487954359,0.5981,-0.045,1.42248062,0.5872
8/10/2026,823189,leo,Houston Astros @ San Francisco Giants,Houston Astros,San Francisco Giants,pass,W,0.5417,-5,,60,,65,3.66,3.86,1.29,1.18,0,0.53,0.35,0.2842,50,77,,,0.0658,27,1.0408,1.291425347,0.5636,0.081,1.400384061,0.5834
8/10/2026,823675,leo,Baltimore Orioles @ Minnesota Twins,Baltimore Orioles,Minnesota Twins,pass,L,0.51355,15,,64,,49,3.73,4.47,1.24,1.32,0.86,2.63,0.297,0.3044,52,69,,,-0.0074,17,1.1595,1.05919198,0.5144,0.051,1.114611969,0.5271
8/10/2026,823018,leo,Philadelphia Phillies @ St. Louis Cardinals,St. Louis Cardinals,Philadelphia Phillies,pass,L,0.5104,20,,62,,42,4.7,4.74,1.3,1.57,1.35,1.8,0.3053,0.3377,53,100,,,-0.0324,47,1.008,0.943884043,0.4856,0.141,1.086811352,0.5208
8/10/2026,823265,leo,Milwaukee Brewers @ San Diego Padres,Milwaukee Brewers,San Diego Padres,pass,L,0.50815,5,,77,,72,3.53,2.87,0.9,1.09,1.26,0.6,0.3251,0.3346,77,68,,,-0.0095,-9,0.8763,1.096609462,0.523,-0.027,1.067397147,0.5163
8/10/2026,823998,leo,Texas Rangers @ Los Angeles Angels,Texas Rangers,Los Angeles Angels,pass,W,0.5003,-7,,63,,70,4.03,3.79,1.24,1.1,1.12,1.19,0.2898,0.2586,72,76,,,0.0312,4,0.9531,0.990445934,0.4976,0.012,1.002402883,0.5006
8/11/2026,824970,leo,Tampa Bay Rays @ Athletics,Tampa Bay Rays,Athletics,official_pick,W,0.6566,30,,78,,48,3.72,6.25,1.1,1.38,1.05,2.12,0.309,0.2819,79,70,,,0.0271,-9,1.6586,4.472459835,0.8173,-0.027,4.353319058,0.8132
8/11/2026,824240,leo,Cleveland Guardians @ Detroit Tigers,Detroit Tigers,Cleveland Guardians,official_pick,W,0.64515,8,,77,,69,3.42,5.07,1.29,1.13,1.2,1.5,0.378,0.3135,46,94,,,0.0645,48,1.391,3.263286062,0.7654,0.144,3.768717215,0.7903
8/11/2026,825046,leo,Colorado Rockies @ Arizona Diamondbacks,Arizona Diamondbacks,Colorado Rockies,pass,L,0.60185,-9,,51,,60,4.58,4.98,1.52,1.26,1.3,1.84,0.3173,0.3361,63,73,,,-0.0188,10,1.0833,2.304767202,0.6974,0.03,2.374957813,0.7037
8/11/2026,823917,leo,Kansas City Royals @ Los Angeles Dodgers,Los Angeles Dodgers,Kansas City Royals,pass,W,0.5958,-10,,63,,73,4.34,4.84,2.67,1.15,0,1.06,0.3176,0.3036,78,66,,,0.014,-12,1.1052,2.324744434,0.6992,-0.036,2.242542153,0.6916
8/11/2026,823186,leo,Houston Astros @ San Francisco Giants,Houston Astros,San Francisco Giants,pass,L,0.58965,34,,65,,31,3.21,4.49,1.24,1.84,1.07,1.61,0.3451,0.2828,45,100,,,0.0623,55,1.2918,1.795990624,0.6423,0.165,2.118178983,0.6793
8/11/2026,823512,leo,Seattle Mariners @ New York Yankees,New York Yankees,Seattle Mariners,pass,W,0.58285,0,,69,,69,3.92,3.95,1.22,1.12,1.26,0.92,0.2808,0.2879,54,71,,,-0.0071,17,1.006,1.892313823,0.6543,0.051,1.991325157,0.6657
8/11/2026,822778,leo,Boston Red Sox @ Toronto Blue Jays,Boston Red Sox,Toronto Blue Jays,pass,L,0.5611,-30,,55,,85,3.07,2.9,1.67,1.04,1.13,0.5,0.3575,0.2906,77,99,,,0.0669,22,0.9666,1.541716844,0.6066,0.066,1.646903123,0.6222
8/11/2026,822697,leo,Chicago Cubs @ Washington Nationals,Chicago Cubs,Washington Nationals,pass,W,0.5607,21,,74,,53,3.85,3.89,1.09,1.29,1.7,1.45,0.3421,0.3109,55,61,,,0.0312,6,1.008,1.612030812,0.6172,0.018,1.64131009,0.6214
8/11/2026,824563,leo,Cincinnati Reds @ Chicago White Sox,Chicago White Sox,Cincinnati Reds,pass,L,0.5577,24,,76,,52,3.31,4.21,1.12,1.47,0.98,1.29,0.299,0.3118,100,58,,,-0.0128,-42,1.1972,1.814969439,0.6448,-0.126,1.600104004,0.6154
8/11/2026,823997,leo,Texas Rangers @ Los Angeles Angels,Texas Rangers,Los Angeles Angels,pass,L,0.55255,16,,51,,35,3.91,5.01,1.62,1.6,0,2.31,0.2917,0.2516,67,81,,,0.0401,14,1.2461,1.469263369,0.595,0.042,1.532286655,0.6051
8/11/2026,823673,leo,Baltimore Orioles @ Minnesota Twins,Minnesota Twins,Baltimore Orioles,pass,L,0.5433,-4,,62,,66,3.97,4.62,1.22,1.31,1.35,1,0.3112,0.3009,62,62,,,0.0103,0,1.1388,1.418964683,0.5866,0,1.418964683,0.5866
8/11/2026,823832,leo,Pittsburgh Pirates @ Miami Marlins,Miami Marlins,Pittsburgh Pirates,pass,W,0.53985,0,,71,,71,3.46,2.88,1.13,1.12,1.07,0.9,0.3306,0.2894,59,62,,,0.0412,3,0.8905,1.366895331,0.5775,0.009,1.379252915,0.5797
8/11/2026,824886,leo,New York Mets @ Atlanta Braves,Atlanta Braves,New York Mets,pass,W,0.53475,-4,,69,,73,4.64,2.81,1.15,1.16,0.99,0.96,0.3183,0.3391,63,56,,,-0.0208,-7,0.6935,1.350954607,0.5746,-0.021,1.322880372,0.5695
8/11/2026,823019,leo,Philadelphia Phillies @ St. Louis Cardinals,Philadelphia Phillies,St. Louis Cardinals,pass,L,0.53365,14,,81,,67,3.32,4.31,1.22,1.22,0.78,0.73,0.3294,0.3084,97,61,,,0.021,-36,1.219,1.460594606,0.5936,-0.108,1.311070025,0.5673
8/11/2026,823264,leo,Milwaukee Brewers @ San Diego Padres,Milwaukee Brewers,San Diego Padres,pass,L,0.5241,25,,77,,52,3.15,3.67,1.04,1.46,1.02,1.16,0.3081,0.3292,60,57,,,-0.0211,-3,1.1096,1.224338355,0.5504,-0.009,1.213368747,0.5482
8/12/2026,824967,leo,Tampa Bay Rays @ Athletics,Tampa Bay Rays,Athletics,watchlist,W,0.68375,40,,83,,43,2.78,7.27,0.91,1.52,0.8,1.8,0.3224,0.2835,56,77,,,0.0389,21,2.4547,6.147422365,0.8601,0.063,6.547169811,0.8675
8/12/2026,824241,leo,Cleveland Guardians @ Detroit Tigers,Detroit Tigers,Cleveland Guardians,watchlist,L,0.6488,-15,,60,,75,3.59,4.69,1.37,1.11,0.85,1.42,0.3749,0.3175,54,79,,,0.0574,25,1.2461,3.655969391,0.7852,0.075,3.940711462,0.7976
8/12/2026,823511,leo,Seattle Mariners @ New York Yankees,New York Yankees,Seattle Mariners,watchlist,W,0.611,-18,,61,,79,4.09,4.82,1.37,0.95,1.18,1.48,0.2794,0.2813,48,66,,,-0.0019,18,1.1572,2.460597054,0.711,0.054,2.597122302,0.722
8/12/2026,823916,leo,Kansas City Royals @ Los Angeles Dodgers,Los Angeles Dodgers,Kansas City Royals,watchlist,W,0.6087,20,,56,,36,5.29,6.03,1.26,1.01,2.15,0.38,0.3164,0.2955,84,63,,,0.0209,-21,1.1595,2.703645628,0.73,-0.063,2.538570418,0.7174
8/12/2026,822698,leo,Chicago Cubs @ Washington Nationals,Chicago Cubs,Washington Nationals,pass,W,0.5807,-1,,49,,50,3.62,3.94,1.5,,0.93,,0.3384,0.3167,61,64,,,0.0217,3,1.0661,1.935836109,0.6594,0.009,1.953337271,0.6614
8/12/2026,822779,leo,Boston Red Sox @ Toronto Blue Jays,Boston Red Sox,Toronto Blue Jays,pass,L,0.57675,3,,72,,69,2.47,3.53,1.17,1.26,0.52,0.85,0.3607,0.2938,63,91,,,0.0669,28,1.2361,1.734050002,0.6342,0.084,1.886002886,0.6535
8/12/2026,824883,leo,New York Mets @ Atlanta Braves,Atlanta Braves,New York Mets,pass,W,0.57505,-18,,57,,75,3.75,3.44,1.36,1.07,1.25,0.69,0.3217,0.3095,55,52,,,0.0122,-3,0.9399,1.874756525,0.6521,-0.009,1.857959417,0.6501
8/12/2026,825047,leo,Colorado Rockies @ Arizona Diamondbacks,Arizona Diamondbacks,Colorado Rockies,pass,L,0.57355,6,,52,,46,5.21,4.99,1.47,1.45,1.73,1.98,0.324,0.3326,55,61,,,-0.0086,6,0.957,1.800953256,0.643,0.018,1.833663927,0.6471
8/12/2026,823833,leo,Pittsburgh Pirates @ Miami Marlins,Miami Marlins,Pittsburgh Pirates,pass,W,0.56375,-7,,56,,63,3.57,3.37,1.36,1.36,1.32,0.74,0.3157,0.2832,48,54,,,0.0325,6,0.9608,1.65451288,0.6233,0.018,1.684563758,0.6275
8/12/2026,823187,leo,Houston Astros @ San Francisco Giants,Houston Astros,San Francisco Giants,pass,W,0.5612,-13,,43,,56,3.38,4.57,,1.37,,1.39,0.3419,0.2851,44,92,,,0.0568,48,1.2687,1.427247178,0.588,0.144,1.648305085,0.6224
8/12/2026,823994,leo,Texas Rangers @ Los Angeles Angels,Texas Rangers,Los Angeles Angels,pass,L,0.52885,-1,,63,,64,4.02,4.23,1.19,2.88,1.23,1.04,0.2754,0.2466,53,100,,,0.0288,47,1.0429,1.09508589,0.5227,0.141,1.260908885,0.5577
8/12/2026,824562,leo,Cincinnati Reds @ Chicago White Sox,Chicago White Sox,Cincinnati Reds,pass,W,0.52605,4,,53,,49,3.91,3.9,1.41,1.48,1.48,1.11,0.2943,0.3052,91,64,,,-0.0109,-27,0.998,1.336640259,0.572,-0.081,1.232641215,0.5521
8/12/2026,823672,leo,Baltimore Orioles @ Minnesota Twins,Minnesota Twins,Baltimore Orioles,pass,W,0.51185,-12,,54,,66,4.23,4.2,1.34,1.32,1.78,0.66,0.3079,0.297,61,65,,,0.0109,4,0.994,1.086401755,0.5207,0.012,1.099517111,0.5237
8/12/2026,823017,leo,Philadelphia Phillies @ St. Louis Cardinals,Philadelphia Phillies,St. Louis Cardinals,pass,L,0.5024,18,,84,,66,3.73,4.27,0.98,1.34,1.14,0.96,0.3224,0.3067,80,63,,,0.0157,-17,1.114,1.072723337,0.5175,-0.051,1.019386107,0.5048
8/12/2026,823263,leo,Milwaukee Brewers @ San Diego Padres,San Diego Padres,Milwaukee Brewers,pass,W,0.50055,4,,66,,62,3.92,3.48,1.33,1.27,1.13,0.63,0.342,0.3138,49,58,,,0.0282,9,0.9158,0.977653474,0.4944,0.027,1.004409701,0.5011
2026-08-13,824238,leo,Cleveland Guardians @ Detroit Tigers,Detroit Tigers,Cleveland Guardians,pass,W,0.6213,-6,,76,,82,3.7,4.23,0.99,1.03,0.91,0.89,0.3482,0.3213,49,78,0.6141,0.4399,0.0269,29,1.1118,2.6443,0.7256,0.087,2.885,0.7426
2026-08-13,822776,leo,Boston Red Sox @ Toronto Blue Jays,Boston Red Sox,Toronto Blue Jays,pass,W,0.5587,6,,76,,70,2.96,3.9,1.06,1.46,1.02,2.41,0.3565,0.2884,68,80,0.5831,0.4802,0.0681,12,1.2068,1.5562,0.6088,0.036,1.6137,0.6174
2026-08-13,823508,leo,Seattle Mariners @ New York Yankees,New York Yankees,Seattle Mariners,pass,L,0.6274,-1,,79,,80,3.15,4.87,1,0.99,0.21,1.18,0.2905,0.2775,67,71,0.5699,0.4191,0.013,4,1.4106,3.0404,0.7525,0.012,3.0783,0.7548
2026-08-13,822696,leo,Chicago Cubs @ Washington Nationals,Chicago Cubs,Washington Nationals,pass,L,0.5744,-8,,62,,70,3.43,3.72,1.27,1.24,1.1,0.99,0.3298,0.3175,56,80,0.6432,0.4862,0.0123,24,1.0597,1.7196,0.6323,0.072,1.8482,0.6489
2026-08-13,823829,leo,Pittsburgh Pirates @ Miami Marlins,Miami Marlins,Pittsburgh Pirates,pass,L,0.5564,-11,,61,,72,3.51,3.49,1.36,1.11,1.19,1.27,0.3163,0.2902,46,64,0.5283,0.4662,0.0261,18,0.996,1.4994,0.5999,0.054,1.5826,0.6128
2026-08-13,823669,leo,Philadelphia Phillies @ Minnesota Twins,Minnesota Twins,Philadelphia Phillies,pass,L,0.5349,16,,68,,52,3.54,5.09,1.29,1.45,1.26,2.08,0.3085,0.3347,58,68,0.4563,0.511,-0.0262,10,1.3634,1.2857,0.5625,0.03,1.3245,0.5698
2026-08-13,823915,leo,Milwaukee Brewers @ Los Angeles Dodgers,Milwaukee Brewers,Los Angeles Dodgers,pass,W,0.5344,4,,65,,61,3.58,4.56,1.24,1.29,0.82,1.7,0.3024,0.3096,56,70,0.6048,0.5563,-0.0072,14,1.2165,1.265,0.5585,0.042,1.3196,0.5689
2026-08-13,824561,leo,Cincinnati Reds @ Chicago White Sox,Chicago White Sox,Cincinnati Reds,pass,L,0.5611,2,,60,,58,3.42,4.58,1.33,1.42,0.86,1.15,0.3092,0.3053,74,62,0.5191,0.4835,0.0039,-12,1.2611,1.7071,0.6306,-0.036,1.6469,0.6222
2026-08-13,823995,leo,Texas Rangers @ Los Angeles Angels,Los Angeles Angels,Texas Rangers,pass,W,0.5003,-3,,69,,72,3.85,3.73,1.25,1.17,0.5,1.27,0.2641,0.2659,88,55,0.4575,0.4663,-0.0018,-33,0.9763,1.1061,0.5252,-0.099,1.002,0.5005
