date,game_pk,matchup,final_away,final_home,market,pitcher,pick,line,price,actual,result,note
2026-08-09,823513,Atlanta Braves @ New York Yankees,2,1,pitcher_strikeouts,Cam Schlittler,Over,6.5,-142,11,W,
2026-08-09,823425,Toronto Blue Jays @ Philadelphia Phillies,6,7,pitcher_strikeouts,Shane Bieber,Under,3.5,115,4,L,
2026-08-09,823835,Los Angeles Angels @ Miami Marlins,3,12,pitcher_strikeouts,Grayson Rodriguez,Under,5.5,-160,8,L,
2026-08-09,824078,Chicago Cubs @ Kansas City Royals,10,2,pitcher_strikeouts,Matthew Boyd,Under,4.5,-110,3,W,
2026-08-09,823751,Minnesota Twins @ Milwaukee Brewers,3,4,pitcher_strikeouts,Jacob Misiorowski,Under,8.5,113,9,L,
2026-08-09,823751,Minnesota Twins @ Milwaukee Brewers,3,4,pitcher_strikeouts,Connor Prielipp,Over,5.5,-102,7,W,
2026-08-09,823020,Colorado Rockies @ St. Louis Cardinals,4,7,pitcher_strikeouts,Michael McGreevy,Over,3.5,-125,4,W,
2026-08-09,823020,Colorado Rockies @ St. Louis Cardinals,4,7,pitcher_strikeouts,Michael Lorenzen,Under,3.5,-170,1,W,
2026-08-09,823104,Tampa Bay Rays @ Seattle Mariners,4,1,pitcher_strikeouts,Emerson Hancock,Under,4.5,-127,3,W,
