date,gamePk,model_version,matchup,pick_team,opp_team,status,result,model_prob,lab,pitcher_gap,pick_pitcher_score,opp_pitcher_score,pick_era,opp_era,pick_whip,opp_whip,kbb_diff,pick_kbb_pct,opp_kbb_pct,pick_gb_pct,opp_gb_pct,pick_babip,opp_babip,pick_hr9,opp_hr9,off_delta_diff,pick_delta_ops,opp_delta_ops,pick_delta_woba,opp_delta_woba,bullpen_gap,pick_bullpen_risk,opp_bullpen_risk
2026-08-08,824726,leo,Athletics @ Boston Red Sox,Boston Red Sox,Athletics,watchlist,L,0.6877,89,24,78,54,2.9,4.59,1.01,1.47,-0.0137,0.1321,0.1458,0.4936,0.4386,0.2609,0.3448,0.63,0.94,0.253,0.123,-0.13,0.0474,-0.0546,-7,77,70
2026-08-08,824079,leo,Chicago Cubs @ Kansas City Royals,Chicago Cubs,Kansas City Royals,official_pick,L,0.6185,83,19,77,58,2.39,4.41,1.1,1.39,0.0271,0.1256,0.0985,0.5909,0.4621,0.2517,0.3132,0.51,1.05,0.076,0.016,-0.06,0.0048,-0.0283,17,75,92
2026-08-08,823348,leo,New York Mets @ Pittsburgh Pirates,New York Mets,Pittsburgh Pirates,pass,L,0.5361,60,20,75,55,1.8,4.49,0.6,1.41,0.1462,0.2222,0.076,0.2727,0.4185,0.1538,0.2733,1.8,0.82,0.162,0.042,-0.12,0.0159,-0.0483,9,60,69
2026-08-08,823752,leo,Minnesota Twins @ Milwaukee Brewers,Milwaukee Brewers,Minnesota Twins,pass,W,0.5795,57,-7,62,69,4.48,3.69,1.17,1.24,-0.0054,0.1597,0.1651,0.378,0.3991,0.269,0.2727,1.59,1.21,0.06,0.014,-0.046,0.0059,-0.0183,3,68,71
2026-08-08,822701,leo,Cincinnati Reds @ Washington Nationals,Cincinnati Reds,Washington Nationals,pass,L,0.545,55,23,80,57,2.35,3.94,1.1,1.45,0.0812,0.1971,0.1159,0.4038,0.6154,0.2624,0.339,0.99,0.28,0.049,0.015,-0.034,0.006,-0.0118,-18,75,57
2026-08-08,823188,leo,Detroit Tigers @ San Francisco Giants,Detroit Tigers,San Francisco Giants,pass,W,0.5318,51,-12,50,62,,4.34,,1.29,-0.1363,,0.1363,,0.6126,,0.2949,,0.68,0.148,0.135,-0.013,0.0534,-0.0006,36,50,86
2026-08-08,823514,leo,Atlanta Braves @ New York Yankees,Atlanta Braves,New York Yankees,pass,L,0.5331,49,11,85,74,2.08,3.42,1.02,1.1,0.0464,0.2484,0.202,0.4774,0.3571,0.3004,0.2746,0.62,1.34,0.106,0.002,-0.104,-0.0009,-0.0424,-14,80,66
2026-08-08,823834,leo,Los Angeles Angels @ Miami Marlins,Miami Marlins,Los Angeles Angels,pass,W,0.5633,47,-2,71,73,3.68,2.54,1.2,1.25,0.02,0.1217,0.1017,0.497,0.5561,0.2808,0.2519,0.98,0.54,0.042,-0.041,-0.083,-0.0143,-0.0341,-4,70,66
2026-08-08,823267,leo,Houston Astros @ San Diego Padres,Houston Astros,San Diego Padres,pass,L,0.5195,46,6,75,69,3.06,3.45,1.13,1.2,0.0377,0.1492,0.1115,0.3667,0.4845,0.2527,0.2558,0.91,0.97,0.042,0.09,0.048,0.0398,0.0229,26,50,76
2026-08-08,822864,leo,Baltimore Orioles @ Texas Rangers,Texas Rangers,Baltimore Orioles,pass,W,0.5112,45,8,71,63,3.96,3.79,1.14,1.36,0.1037,0.2265,0.1228,0.4187,0.5721,0.2962,0.2997,1.27,0.97,0.06,-0.028,-0.088,-0.0146,-0.0363,-9,68,59
2026-08-08,823021,leo,Colorado Rockies @ St. Louis Cardinals,St. Louis Cardinals,Colorado Rockies,pass,L,0.5652,37,10,53,43,4.97,6.81,1.49,1.49,-0.0053,0.1387,0.144,0.3941,0.4934,0.3355,0.3401,1.57,1.74,-0.05,-0.06,-0.01,-0.0241,-0.0083,1,57,58
2026-08-08,823426,leo,Toronto Blue Jays @ Philadelphia Phillies,Philadelphia Phillies,Toronto Blue Jays,pass,L,0.5245,35,-8,51,59,5.55,7.92,1.44,1.63,0.0962,0.1533,0.0571,0.4626,0.3788,0.3161,0.2826,2.1,2.64,0.021,0.02,-0.001,0.011,-0.0006,12,81,93
2026-08-08,825049,leo,Los Angeles Dodgers @ Arizona Diamondbacks,Arizona Diamondbacks,Los Angeles Dodgers,pass,L,0.5278,32,-20,66,86,3.66,2.76,1.26,0.88,-0.0906,0.0901,0.1807,0.5056,0.5318,0.2794,0.217,0.92,1.01,0.022,0.003,-0.019,0.001,-0.0107,-11,73,62
2026-08-08,824565,leo,Cleveland Guardians @ Chicago White Sox,Chicago White Sox,Cleveland Guardians,pass,W,0.5376,28,-19,60,79,4.01,3.56,1.35,1.04,-0.1551,0.0972,0.2523,0.4809,0.5244,0.2888,0.276,1.15,1.36,0,-0.047,-0.047,-0.0189,-0.0155,-18,100,82
2026-08-07,824727,leo,Athletics @ Boston Red Sox,Boston Red Sox,Athletics,watchlist,W,0.6834,86,28,73,45,3.3,6.72,1.15,1.4,0.0115,0.1952,0.1837,0.371,0.3864,0.2885,0.3161,1.07,1.71,0.216,0.104,-0.112,,,-23,91,68
2026-08-07,823750,leo,Minnesota Twins @ Milwaukee Brewers,Milwaukee Brewers,Minnesota Twins,watchlist,L,0.6073,71,15,70,55,3.48,5.22,1.17,1.31,0.0525,0.1786,0.1261,0.4675,0.4847,0.3,0.2819,0.72,1.78,0.113,0.012,-0.101,,,-18,72,54
2026-08-07,823191,leo,Detroit Tigers @ San Francisco Giants,Detroit Tigers,San Francisco Giants,pass,L,0.5453,59,13,77,64,3.17,3.17,1,1.17,0.0562,0.1204,0.0642,0.4373,0.4322,0.2353,0.2387,0.85,0.67,0.153,0.144,-0.009,,,16,52,68
2026-08-07,824081,leo,Chicago Cubs @ Kansas City Royals,Chicago Cubs,Kansas City Royals,pass,W,0.5968,57,-9,63,72,4.38,1.96,1.29,0.93,0.0428,0.1685,0.1257,0.4556,0.5243,0.3183,0.2197,1.06,0.39,0.072,0.021,-0.051,,,-19,78,59
2026-08-07,823428,leo,Toronto Blue Jays @ Philadelphia Phillies,Philadelphia Phillies,Toronto Blue Jays,pass,L,0.5353,52,17,86,69,2.49,3.29,0.91,1.25,0.1186,0.2556,0.137,0.514,0.5929,0.251,0.276,1.11,0.88,0.043,0.029,-0.014,,,-3,99,96
2026-08-07,823349,leo,New York Mets @ Pittsburgh Pirates,New York Mets,Pittsburgh Pirates,pass,W,0.5291,48,7,73,66,2.88,3.15,1.05,1.31,-0.0074,0.1045,0.1119,0.4658,0.4523,0.2421,0.3018,0.79,0.67,0.173,0.039,-0.134,,,6,58,64
2026-08-07,824566,leo,Cleveland Guardians @ Chicago White Sox,Chicago White Sox,Cleveland Guardians,pass,L,0.5658,48,-34,47,81,5.82,2.57,1.38,1.06,-0.082,0.0944,0.1764,0.4427,0.496,0.2825,0.2649,1.25,0.76,0.03,-0.049,-0.079,,,6,92,98
2026-08-07,823024,leo,Colorado Rockies @ St. Louis Cardinals,St. Louis Cardinals,Colorado Rockies,pass,W,0.5678,46,18,65,47,3.44,5.75,1.33,1.46,0.042,0.1228,0.0808,0.5231,0.5122,0.3097,0.2838,1.01,2,-0.038,-0.044,-0.006,,,4,63,67
2026-08-07,823836,leo,Los Angeles Angels @ Miami Marlins,Miami Marlins,Los Angeles Angels,pass,L,0.5547,43,-18,61,79,3.53,11.57,1.35,3.64,0.1981,0.0731,-0.125,0.5365,0.5556,0.2738,0.4,1.11,1.93,0.041,-0.046,-0.087,,,-9,61,52
2026-08-07,822699,leo,Cincinnati Reds @ Washington Nationals,Cincinnati Reds,Washington Nationals,pass,L,0.5413,42,-12,56,68,4.5,3.52,1.23,1.29,-0.1363,0.0462,0.1825,0.4079,0.5785,0.24,0.3293,1.5,0.88,0.041,0.006,-0.035,,,0,62,62
2026-08-07,825051,leo,Los Angeles Dodgers @ Arizona Diamondbacks,Arizona Diamondbacks,Los Angeles Dodgers,pass,W,0.5216,37,-9,50,59,5.04,4.64,1.49,1.3,-0.0864,0.0602,0.1466,0.4758,0.5,0.2902,0.2724,1.81,1.82,0.035,0.024,-0.011,,,7,65,72
2026-08-07,823515,leo,Atlanta Braves @ New York Yankees,New York Yankees,Atlanta Braves,pass,W,0.5031,30,22,76,54,3.12,5.13,0.99,1.39,0.0265,0.1552,0.1287,0.5,0.5138,0.2564,0.3127,0.12,1.33,-0.13,-0.106,0.024,,,0,66,66
2026-08-07,823266,leo,Houston Astros @ San Diego Padres,San Diego Padres,Houston Astros,pass,L,0.5175,28,28,68,40,3.08,7.36,1.29,1.3,-0.0313,0.0977,0.129,0.3862,0.4815,0.2606,0.1875,1.1,3.07,-0.042,0.039,0.081,,,-29,77,48
2026-08-07,823103,leo,Tampa Bay Rays @ Seattle Mariners,Tampa Bay Rays,Seattle Mariners,pass,W,0.5446,23,1,81,80,2.91,3.46,0.93,0.99,0.0087,0.2213,0.2126,0.5223,0.4251,0.2558,0.2598,0.92,1.15,-0.046,-0.052,-0.006,,,-10,78,68
2026-08-07,822863,leo,Baltimore Orioles @ Texas Rangers,Baltimore Orioles,Texas Rangers,pass,L,0.5145,18,-4,64,68,3.86,4.31,1.37,1.21,-0.0772,0.1198,0.197,0.4559,0.5636,0.3185,0.2985,0.63,1.7,-0.07,-0.083,-0.013,,,9,75,84
2026-08-04,823756,moneyline-v2-plus-runs-v1,Pittsburgh Pirates @ Milwaukee Brewers,Milwaukee Brewers,Pittsburgh Pirates,watchlist,W,0.656,65,9,77,68,2.66,3.81,0.91,1.02,0.0596,0.2663,0.2067,0.3649,0.4124,0.26,0.2441,1.02,1.21,0.145,0.005,-0.14,,,15,73,88
2026-08-04,824484,legacy-strength-fallback,Athletics @ Cincinnati Reds,Cincinnati Reds,Athletics,pass,W,0.7193,58,-12,56,68,4.68,3.46,1.43,1.22,0.0032,0.1148,0.1116,0.4779,0.5367,0.3012,0.2465,1.76,1.07,0.017,-0.026,-0.043,,,10,70,80
2026-08-04,824161,legacy-strength-fallback,Toronto Blue Jays @ Houston Astros,Houston Astros,Toronto Blue Jays,pass,W,0.6122,50,-21,46,67,4.76,3.73,1.59,1.16,-0.0414,0.08,0.1214,0.6364,0.3833,0.4118,0.2237,0,0.98,0.136,0.102,-0.034,,,3,59,62
2026-08-04,823517,legacy-strength-fallback,St. Louis Cardinals @ New York Yankees,New York Yankees,St. Louis Cardinals,pass,W,0.6771,50,7,67,60,3.99,3.74,1.24,1.34,0.046,0.1929,0.1469,0.5143,0.4769,0.3079,0.3158,1.33,1.07,-0.018,-0.1,-0.082,,,13,80,93
2026-08-04,824731,moneyline-v2-plus-runs-v1,Chicago White Sox @ Boston Red Sox,Boston Red Sox,Chicago White Sox,pass,W,0.5956,48,-10,58,68,3.32,3.62,1.58,1.26,0.0173,0.1628,0.1455,0.3714,0.4912,0.375,0.3183,1.42,0.54,0.064,0.02,-0.044,,,3,56,59
2026-08-04,825054,moneyline-v2-plus-runs-v1,San Diego Padres @ Arizona Diamondbacks,Arizona Diamondbacks,San Diego Padres,pass,L,0.5186,46,22,76,54,2.48,4.45,1.21,1.47,-0.0014,0.0807,0.0821,0.4704,0.4029,0.2604,0.3189,0.9,1.33,-0.003,0.078,0.081,,,25,61,86
2026-08-04,823108,moneyline-v2-plus-runs-v1,Detroit Tigers @ Seattle Mariners,Detroit Tigers,Seattle Mariners,pass,W,0.5141,46,7,82,75,1.75,3.26,0.93,1.04,-0.0212,0.15,0.1712,0.4706,0.4378,0.1953,0.2543,1.07,1.14,0.1,0.119,0.019,,,2,56,58
2026-08-04,824805,moneyline-v2-plus-runs-v1,Los Angeles Angels @ Baltimore Orioles,Baltimore Orioles,Los Angeles Angels,pass,W,0.6216,45,-24,49,73,5.12,7.98,1.34,1.75,-0.0111,0.061,0.0721,0.4651,0.3626,0.2586,0.3406,1.86,1.84,0.027,-0.047,-0.074,,,4,65,69
2026-08-04,824645,moneyline-v2-plus-runs-v1,Los Angeles Dodgers @ Chicago Cubs,Chicago Cubs,Los Angeles Dodgers,pass,W,0.5749,45,-21,65,86,3.75,2.79,1.16,0.91,-0.1663,0.1064,0.2727,0.5099,0.5602,0.255,0.2807,1.55,0.93,0.028,0.025,-0.003,,,35,40,75
2026-08-04,824321,moneyline-v2-plus-runs-v1,Tampa Bay Rays @ Colorado Rockies,Tampa Bay Rays,Colorado Rockies,pass,W,0.6023,37,-13,53,66,4.99,3.33,1.48,1.19,-0.0144,0.127,0.1414,0.469,0.4375,0.315,0.3188,1.35,0,0.018,0.01,-0.008,,,-11,63,52
2026-08-04,824084,moneyline-v2-plus-runs-v1,Minnesota Twins @ Kansas City Royals,Minnesota Twins,Kansas City Royals,pass,L,0.6186,36,5,74,69,3.52,1.04,1.11,1.19,0.1832,0.2209,0.0377,0.3929,0.6393,0.2911,0.2375,1.27,0.69,-0.031,-0.067,-0.036,,,4,65,69
2026-08-04,824888,moneyline-v2-plus-runs-v1,Miami Marlins @ Atlanta Braves,Atlanta Braves,Miami Marlins,pass,W,0.6022,35,-2,61,63,3.88,5.31,1.36,1.44,-0.0252,0.0948,0.12,0.4626,0.506,0.263,0.3197,1.59,0.92,0.01,-0.014,-0.024,,,-13,53,40
2026-08-04,822865,moneyline-v2-plus-runs-v1,San Francisco Giants @ Texas Rangers,San Francisco Giants,Texas Rangers,pass,L,0.5365,32,6,67,61,3,4.77,1.08,1.26,-0.027,0.1489,0.1759,0.3478,0.4229,0.2813,0.2947,0.75,1.17,-0.016,-0.023,-0.007,,,14,65,79
2026-08-04,823432,moneyline-v2-plus-runs-v1,Washington Nationals @ Philadelphia Phillies,Philadelphia Phillies,Washington Nationals,pass,W,0.5457,30,7,72,65,3.57,7.31,1.19,1.63,0.1079,0.216,0.1081,0.5963,0.3667,0.3165,0.383,0.84,0.56,0.002,0.031,0.029,,,-20,64,44
2026-08-04,824403,moneyline-v2-plus-runs-v1,New York Mets @ Cleveland Guardians,New York Mets,Cleveland Guardians,pass,W,0.542,25,0,60,60,4.42,3.88,1.34,1.45,0.0023,0.1446,0.1423,0.4389,0.4726,0.3101,0.33,1.28,1.03,-0.04,-0.021,0.019,,,22,47,69
2026-08-09,823751,leo,Minnesota Twins @ Milwaukee Brewers,Milwaukee Brewers,Minnesota Twins,watchlist,W,0.6136,78,32,,,,,,,0.194,,,0.5027,,0.2255,,,,0.044,,,,,-4,,
2026-08-09,824724,leo,Athletics @ Boston Red Sox,Boston Red Sox,Athletics,watchlist,L,0.6891,75,-2,,,,,,,0.0588,,,0.566,,0.2973,,,,0.208,,,,,-23,,
2026-08-09,823835,leo,Los Angeles Angels @ Miami Marlins,Miami Marlins,Los Angeles Angels,watchlist,W,0.5849,74,27,,,,,,,0.0458,,,0.5104,,0.3094,,,,0.075,,,,,13,,
2026-08-09,823190,leo,Detroit Tigers @ San Francisco Giants,Detroit Tigers,San Francisco Giants,watchlist,W,0.5663,67,10,,,,,,,0.0066,,,0.4671,,0.1915,,,,0.197,,,,,34,,
2026-08-09,824078,leo,Chicago Cubs @ Kansas City Royals,Chicago Cubs,Kansas City Royals,pass,W,0.6007,61,0,,,,,,,0.1267,,,0.5034,,0.2961,,,,0.05,,,,,-3,,
2026-08-09,823425,leo,Toronto Blue Jays @ Philadelphia Phillies,Philadelphia Phillies,Toronto Blue Jays,pass,W,0.5361,56,32,,,,,,,0.1665,,,0.594,,0.3095,,,,0.043,,,,,5,,
2026-08-09,823020,leo,Colorado Rockies @ St. Louis Cardinals,St. Louis Cardinals,Colorado Rockies,pass,W,0.5734,54,33,,,,,,,0.0335,,,0.5229,,0.2722,,,,-0.031,,,,,20,,
2026-08-09,823268,leo,Houston Astros @ San Diego Padres,Houston Astros,San Diego Padres,pass,L,0.5134,52,22,,,,,,,-0.0143,,,0.2778,,0.3333,,,,0.022,,,,,8,,
2026-08-09,825050,leo,Los Angeles Dodgers @ Arizona Diamondbacks,Arizona Diamondbacks,Los Angeles Dodgers,pass,W,0.5172,41,-3,,,,,,,-0.0583,,,0.4684,,0.2714,,,,0.05,,,,,7,,
2026-08-09,823345,leo,New York Mets @ Pittsburgh Pirates,New York Mets,Pittsburgh Pirates,pass,W,0.5014,41,-5,,,,,,,-0.061,,,0.4415,,0.3187,,,,0.11,,,,,-4,,
2026-08-09,822862,leo,Baltimore Orioles @ Texas Rangers,Texas Rangers,Baltimore Orioles,pass,L,0.5256,37,3,,,,,,,0.0205,,,0.4771,,0.2922,,,,0.056,,,,,-21,,
2026-08-09,824564,leo,Cleveland Guardians @ Chicago White Sox,Chicago White Sox,Cleveland Guardians,pass,W,0.5889,37,3,,,,,,,-0.005,,,0.4895,,0.3219,,,,-0.017,,,,,-40,,
2026-08-09,822700,leo,Cincinnati Reds @ Washington Nationals,Cincinnati Reds,Washington Nationals,pass,L,0.507,32,-13,,,,,,,-0.0082,,,0.4831,,0.3027,,,,0.015,,,,,3,,
2026-08-09,823513,leo,Atlanta Braves @ New York Yankees,New York Yankees,Atlanta Braves,pass,L,0.5122,29,23,,,,,,,0.1536,,,0.4754,,0.2689,,,,-0.071,,,,,-1,,
2026-08-09,823104,leo,Tampa Bay Rays @ Seattle Mariners,Tampa Bay Rays,Seattle Mariners,pass,W,0.5637,23,-11,,,,,,,0.0341,,,0.3533,,0.2673,,,,-0.051,,,,,-43,,
2026-08-06,824729,leo,Chicago White Sox @ Boston Red Sox,Boston Red Sox,Chicago White Sox,official_pick,W,0.6114,80,18,73,55,3.15,5.06,1.16,1.39,0.0664,0.1883,0.1219,0.4892,0.434,0.3086,0.3043,0.45,1.44,0.135,0.063,-0.072,,,10,45,55
2026-08-06,823754,leo,Pittsburgh Pirates @ Milwaukee Brewers,Milwaukee Brewers,Pittsburgh Pirates,pass,W,0.5975,63,-10,61,71,4.38,3.96,1.28,1.16,-0.0525,0.1547,0.2072,0.4683,0.5238,0.3245,0.303,0.58,1.2,0.167,0.01,-0.157,,,6,66,72
2026-08-06,824885,leo,Miami Marlins @ Atlanta Braves,Atlanta Braves,Miami Marlins,pass,W,0.5772,60,11,69,58,3.24,4.58,1.17,1.33,-0.0252,0.0905,0.1157,0.5411,0.4793,0.237,0.2988,1.02,1.26,0.064,0.003,-0.061,,,-14,53,39
2026-08-06,824664,leo,Toronto Blue Jays @ Chicago Cubs,Chicago Cubs,Toronto Blue Jays,pass,W,0.5672,57,-35,49,84,5.52,2.41,1.48,1.08,-0.1564,0.0993,0.2557,0.5833,0.5029,0.3131,0.2898,0.98,0.53,0.051,0.021,-0.03,,,26,67,93
2026-08-06,823430,leo,Washington Nationals @ Philadelphia Phillies,Philadelphia Phillies,Washington Nationals,pass,W,0.5682,55,31,82,51,2.61,5.67,1.2,1.35,0.1525,0.2239,0.0714,0.6265,0.5115,0.3351,0.2737,0.75,2.17,0.01,-0.006,-0.016,,,-10,77,67
2026-08-06,824080,leo,Minnesota Twins @ Kansas City Royals,Kansas City Royals,Minnesota Twins,pass,L,0.507,47,12,73,61,3.51,4.45,1.16,1.23,0.0231,0.1297,0.1066,0.4425,0.3938,0.2711,0.2644,1.04,1.45,0.052,-0.036,-0.088,,,-7,65,58
2026-08-06,824401,leo,New York Mets @ Cleveland Guardians,New York Mets,Cleveland Guardians,pass,W,0.5327,45,-3,75,78,3.29,3.06,1.12,1.07,0.0332,0.1973,0.1641,0.5682,0.5249,0.2767,0.2579,0.93,1.32,0.061,-0.008,-0.069,,,12,59,71
2026-08-06,825053,leo,San Diego Padres @ Arizona Diamondbacks,Arizona Diamondbacks,San Diego Padres,pass,L,0.5054,44,-2,50,52,4.85,5.18,1.46,1.45,0.0131,0.1186,0.1055,0.2308,0.524,0.2973,0.31,2.08,1.21,0.052,0.094,0.042,,,22,60,82
2026-08-06,823105,leo,Detroit Tigers @ Seattle Mariners,Seattle Mariners,Detroit Tigers,pass,L,0.5038,28,23,81,58,2.8,4.41,0.92,1.39,0.1116,0.2148,0.1032,0.383,0.5859,0.235,0.3043,1.46,0.9,-0.138,-0.009,0.129,,,-9,61,52
2026-08-05,824158,legacy-strength-fallback,Toronto Blue Jays @ Houston Astros,Houston Astros,Toronto Blue Jays,watchlist,L,0.7046,81,14,63,49,3.42,5.92,1.29,1.36,-0.0137,0.1121,0.1258,0.5729,0.3791,0.25,0.25,1.03,2.96,0.129,0.093,-0.036,,,42,52,94
2026-08-05,824482,legacy-strength-fallback,Athletics @ Cincinnati Reds,Cincinnati Reds,Athletics,official_pick,W,0.6576,81,6,47,41,5.42,5.79,1.52,1.67,0.0295,0.0878,0.0583,0.48,0.3379,0.3123,0.3058,1.08,1.54,0.059,-0.01,-0.069,,,5,65,70
2026-08-05,824646,moneyline-v2-plus-runs-v1,Los Angeles Dodgers @ Chicago Cubs,Chicago Cubs,Los Angeles Dodgers,watchlist,W,0.6989,73,13,73,60,3.67,4.5,1.07,1.19,0.1027,0.1765,0.0738,0.4223,0.3582,0.2515,0.2196,1.69,2.05,0.045,0.021,-0.024,,,27,38,65
2026-08-05,823753,moneyline-v2-plus-runs-v1,Pittsburgh Pirates @ Milwaukee Brewers,Milwaukee Brewers,Pittsburgh Pirates,pass,W,0.5869,62,2,74,72,3.01,3.9,1.08,1.11,-0.0047,0.2375,0.2422,0.411,0.4519,0.2913,0.3123,1.08,0.94,0.137,-0.011,-0.148,,,18,63,81
2026-08-05,824402,moneyline-v2-plus-runs-v1,New York Mets @ Cleveland Guardians,New York Mets,Cleveland Guardians,pass,W,0.5585,56,-1,68,69,2.99,3.81,1.24,1.15,0.0709,0.1864,0.1155,0.3866,0.4164,0.2917,0.2513,0.91,1.36,0.066,0.007,-0.059,,,27,43,70
2026-08-05,824728,legacy-strength-fallback,Chicago White Sox @ Boston Red Sox,Boston Red Sox,Chicago White Sox,pass,W,0.5707,55,-1,75,76,2.93,3.04,1.17,1.1,-0.0565,0.1475,0.204,0.5154,0.379,0.2862,0.2862,0.95,0.94,0.146,0.067,-0.079,,,5,51,56
2026-08-05,824082,moneyline-v2-plus-runs-v1,Minnesota Twins @ Kansas City Royals,Kansas City Royals,Minnesota Twins,pass,W,0.5007,49,15,59,44,4.59,6.5,1.34,1.36,-0.0402,0.1363,0.1765,0.4553,0.4697,0.3054,0.2826,1.09,3,0.051,-0.027,-0.078,,,-5,67,62
2026-08-05,825052,moneyline-v2-plus-runs-v1,San Diego Padres @ Arizona Diamondbacks,San Diego Padres,Arizona Diamondbacks,pass,L,0.5476,49,41,80,39,2.7,5.23,0.99,1.84,0.2241,0.1935,-0.0306,0.3609,0.383,0.2707,0.2923,0.52,1.74,0.021,0.095,0.074,,,-20,74,54
2026-08-05,823106,moneyline-v2-plus-runs-v1,Detroit Tigers @ Seattle Mariners,Detroit Tigers,Seattle Mariners,pass,L,0.5127,44,-7,60,67,4.24,4.56,1.3,1.15,0.0025,0.1957,0.1932,0.5135,0.4145,0.3145,0.2973,1.27,0.97,0.147,0.13,-0.017,,,15,49,64
2026-08-05,824322,moneyline-v2-plus-runs-v1,Tampa Bay Rays @ Colorado Rockies,Tampa Bay Rays,Colorado Rockies,pass,W,0.6459,44,18,78,60,2.77,4.47,1.1,1.26,0.0193,0.0986,0.0793,0.3979,0.4417,0.2603,0.2593,1.09,1.84,-0.03,-0.016,0.014,,,-26,85,59
2026-08-05,822866,moneyline-v2-plus-runs-v1,San Francisco Giants @ Texas Rangers,Texas Rangers,San Francisco Giants,pass,W,0.5049,42,18,50,32,,6.63,,1.74,-0.046,,0.046,,0.4474,,0.3091,,1.89,0.019,-0.003,-0.022,,,-15,83,68
2026-08-05,824889,legacy-strength-fallback,Miami Marlins @ Atlanta Braves,Atlanta Braves,Miami Marlins,pass,W,0.5548,39,-6,67,73,3.84,3.44,1.25,1.1,-0.0492,0.121,0.1702,0.4821,0.4255,0.2655,0.248,1.43,1.12,0.024,-0.008,-0.032,,,-13,51,38
2026-08-05,823429,moneyline-v2-plus-runs-v1,Washington Nationals @ Philadelphia Phillies,Philadelphia Phillies,Washington Nationals,pass,L,0.5464,38,-12,39,51,6.72,5.56,1.61,1.32,-0.0417,0.0994,0.1411,0.3699,0.4167,0.3349,0.28,1.9,1.43,0,-0.006,-0.006,,,18,50,68
2026-08-05,824806,moneyline-v2-plus-runs-v1,Los Angeles Angels @ Baltimore Orioles,Baltimore Orioles,Los Angeles Angels,pass,W,0.5612,35,-9,62,71,4.27,4.03,1.28,1.1,-0.0855,0.1231,0.2086,0.412,0.385,0.2961,0.2718,0.82,1.08,-0.013,-0.074,-0.061,,,-3,57,54
2026-08-05,823516,moneyline-v2-plus-runs-v1,St. Louis Cardinals @ New York Yankees,New York Yankees,St. Louis Cardinals,pass,L,0.5804,34,-6,61,67,4.14,3.72,1.36,1.22,0.0495,0.1543,0.1048,0.5071,0.6139,0.316,0.2806,1.24,0.76,-0.039,-0.113,-0.074,,,-7,77,70
2026-08-10,822780,leo,Boston Red Sox @ Toronto Blue Jays,Boston Red Sox,Toronto Blue Jays,official_pick,L,0.6179,82,29,,,,,,,0.0286,,,0.5169,,0.2848,,,,0.138,,,,,1,,
2026-08-10,824969,leo,Tampa Bay Rays @ Athletics,Tampa Bay Rays,Athletics,watchlist,W,0.6494,69,6,,,,,,,0.0479,,,0.4784,,0.3235,,,,0.03,,,,,-35,,
2026-08-10,825048,leo,Colorado Rockies @ Arizona Diamondbacks,Arizona Diamondbacks,Colorado Rockies,pass,W,0.6005,60,13,,,,,,,0.0292,,,0.4437,,0.2933,,,,-0.014,,,,,20,,
2026-08-10,823918,leo,Kansas City Royals @ Los Angeles Dodgers,Los Angeles Dodgers,Kansas City Royals,pass,W,0.6064,56,23,,,,,,,0.1221,,,0.5393,,0.2757,,,,-0.034,,,,,-19,,
2026-08-10,823189,leo,Houston Astros @ San Francisco Giants,Houston Astros,San Francisco Giants,pass,W,0.5417,50,-5,,,,,,,-0.0471,,,0.5417,,0.3235,,,,0.147,,,,,7,,
2026-08-10,823018,leo,Philadelphia Phillies @ St. Louis Cardinals,St. Louis Cardinals,Philadelphia Phillies,pass,L,0.5104,40,20,,,,,,,0.027,,,0.5125,,0.2857,,,,-0.071,,,,,44,,
2026-08-10,823675,leo,Baltimore Orioles @ Minnesota Twins,Baltimore Orioles,Minnesota Twins,pass,L,0.5136,40,15,,,,,,,-0.0206,,,0.4174,,0.2924,,,,-0.011,,,,,18,,
2026-08-10,823998,leo,Texas Rangers @ Los Angeles Angels,Texas Rangers,Los Angeles Angels,pass,W,0.5003,40,-7,,,,,,,-0.0394,,,0.4357,,0.2887,,,,0.053,,,,,-3,,
2026-08-10,824887,leo,New York Mets @ Atlanta Braves,Atlanta Braves,New York Mets,pass,L,0.5436,19,1,,,,,,,-0.0709,,,0.4815,,0.2535,,,,-0.081,,,,,-7,,
2026-08-10,823265,leo,Milwaukee Brewers @ San Diego Padres,Milwaukee Brewers,San Diego Padres,pass,L,0.5081,18,5,,,,,,,0.0945,,,0.369,,0.25,,,,-0.061,,,,,-18,,
2026-08-02,823919,moneyline-v2-plus-runs-v1,Boston Red Sox @ Los Angeles Dodgers,Boston Red Sox,Los Angeles Dodgers,pass,W,0.5335,51,20,79,59,2.74,4.95,0.97,1.25,-0.0527,0.1367,0.1894,0.4861,0.3846,0.254,0.2941,0.69,1.65,0.02,0.012,-0.008,,,24,52,76
2026-08-01,824972,moneyline-v2-plus-runs-v1,Detroit Tigers @ Athletics,Detroit Tigers,Athletics,watchlist,W,0.9552,68,11,58,47,4.53,6.45,1.38,1.36,-0.0718,0.1014,0.1732,0.5761,0.384,0.2977,0.3056,0.95,1.45,0.066,0.068,0.002,,,14,78,92
2026-08-01,823594,moneyline-v2-plus-runs-v1,Miami Marlins @ New York Mets,New York Mets,Miami Marlins,pass,L,0.5844,61,19,79,60,2.43,3.52,0.91,1.36,0.0673,0.1364,0.0691,0.459,0.5222,0.2308,0.2724,0.61,1.07,0.059,0.004,-0.055,,,2,46,48
2026-08-01,824162,moneyline-v2-plus-runs-v1,Texas Rangers @ Houston Astros,Houston Astros,Texas Rangers,pass,W,0.7179,59,-32,42,74,8.1,3.67,1.2,1.07,-0.0959,0.1463,0.2422,0.4118,0.4133,0.1053,0.2857,3.6,1.31,0.032,0.041,0.009,,,27,55,82
2026-08-01,823269,moneyline-v2-plus-runs-v1,San Francisco Giants @ San Diego Padres,San Diego Padres,San Francisco Giants,pass,W,0.8082,54,-1,53,54,5.13,4.96,1.41,1.4,-0.0058,0.1129,0.1187,0.5253,0.5087,0.3039,0.3117,1.17,1.31,0.187,0.145,-0.042,,,-25,86,61
2026-08-01,824808,moneyline-v2-plus-runs-v1,Philadelphia Phillies @ Baltimore Orioles,Baltimore Orioles,Philadelphia Phillies,pass,L,0.8796,51,-19,62,81,3.98,2.73,1.39,1.2,-0.1034,0.1198,0.2232,0.4494,0.632,0.3196,0.3378,0.66,0.78,-0.064,-0.042,0.022,,,17,48,65
2026-08-01,823920,moneyline-v2-plus-runs-v1,Boston Red Sox @ Los Angeles Dodgers,Boston Red Sox,Los Angeles Dodgers,pass,W,0.6925,51,-12,74,86,3.32,2.72,1.11,0.9,0.0083,0.1954,0.1871,0.3764,0.5344,0.2746,0.2257,1.04,0.93,0.086,0.062,-0.024,,,41,59,100
2026-08-01,824649,moneyline-v2-plus-runs-v1,New York Yankees @ Chicago Cubs,Chicago Cubs,New York Yankees,pass,W,0.7023,48,-28,46,74,5.8,3.23,1.52,1.02,-0.0575,0.0864,0.1439,0.5735,0.5109,0.3165,0.2609,0.95,0.13,0.154,0.031,-0.123,,,7,59,66
2026-08-01,824326,moneyline-v2-plus-runs-v1,Kansas City Royals @ Colorado Rockies,Colorado Rockies,Kansas City Royals,pass,W,0.7638,47,-10,47,57,5.73,4.95,1.46,1.57,0.0132,0.0812,0.068,0.5133,0.5669,0.2823,0.328,1.91,0.8,-0.059,-0.076,-0.017,,,15,33,48
2026-08-01,822781,moneyline-v2-plus-runs-v1,St. Louis Cardinals @ Toronto Blue Jays,Toronto Blue Jays,St. Louis Cardinals,pass,W,0.5538,42,12,62,50,4.51,,1.27,,0.1709,0.1709,,0.4473,,0.3104,,1.11,,0.068,-0.044,-0.112,,,32,54,86
2026-08-01,823109,moneyline-v2-plus-runs-v1,Minnesota Twins @ Seattle Mariners,Minnesota Twins,Seattle Mariners,pass,L,0.7349,42,-21,58,79,4.73,3.44,1.3,0.99,-0.0534,0.1603,0.2137,0.4632,0.4034,0.3109,0.2635,1,1.07,-0.072,-0.096,-0.024,,,11,53,64
2026-08-01,824405,moneyline-v2-plus-runs-v1,Arizona Diamondbacks @ Cleveland Guardians,Arizona Diamondbacks,Cleveland Guardians,pass,W,0.6499,42,-35,48,83,5,2.59,1.44,1.04,-0.1234,0.05,0.1734,0.15,0.4979,0.2593,0.257,2,0.79,0.101,0.084,-0.017,,,12,44,56
2026-08-01,824485,moneyline-v2-plus-runs-v1,Pittsburgh Pirates @ Cincinnati Reds,Pittsburgh Pirates,Cincinnati Reds,pass,W,0.6819,40,8,69,61,4.05,,1.19,,,0.2071,,0.5158,,0.3103,,1.18,,-0.111,-0.085,0.026,,,-3,90,87
2026-08-01,824000,moneyline-v2-plus-runs-v1,Milwaukee Brewers @ Los Angeles Angels,Los Angeles Angels,Milwaukee Brewers,pass,L,0.5709,33,26,86,60,4.26,4.71,1.26,1.17,-0.0007,0.1563,0.157,0.5854,0.3644,0.3146,0.2658,1.03,1.73,-0.094,-0.064,0.03,,,-10,87,77
2026-08-01,822944,moneyline-v2-plus-runs-v1,Chicago White Sox @ Tampa Bay Rays,Chicago White Sox,Tampa Bay Rays,pass,L,0.5437,23,-22,57,79,3.19,3.07,1.48,0.93,-0.1096,0.1022,0.2118,0.5556,0.5346,0.2987,0.2517,0.29,0.97,-0.019,-0.043,-0.024,,,9,65,74
2026-08-03,823520,legacy-strength-fallback,St. Louis Cardinals @ New York Yankees,New York Yankees,St. Louis Cardinals,watchlist,L,0.7597,71,19,87,68,2.04,,0.91,,,0.2584,,0.4752,,0.2638,,0.79,,-0.017,-0.126,-0.109,,,17,64,81
2026-08-03,823757,moneyline-v2-plus-runs-v1,Pittsburgh Pirates @ Milwaukee Brewers,Milwaukee Brewers,Pittsburgh Pirates,watchlist,L,0.6842,65,-2,53,55,5.05,4.56,1.39,1.41,0.0478,0.1256,0.0778,0.4756,0.4167,0.2895,0.2736,1.65,0.86,0.123,0.006,-0.117,,,24,68,92
2026-08-03,824160,legacy-strength-fallback,Toronto Blue Jays @ Houston Astros,Houston Astros,Toronto Blue Jays,pass,L,0.6595,63,13,70,57,7.17,5.74,1.83,1.63,0.031,0.0594,0.0284,0.3077,0.6029,0.35,0.2766,1.27,2.01,0.149,0.098,-0.051,,,-10,75,65
2026-08-03,824324,moneyline-v2-plus-runs-v1,Tampa Bay Rays @ Colorado Rockies,Tampa Bay Rays,Colorado Rockies,pass,W,0.5948,46,47,84,37,4.37,6.54,1.12,1.81,0.1123,0.192,0.0797,0.3617,0.5132,0.2567,0.3694,1.38,1.38,0.019,-0.016,-0.035,,,-30,65,35
2026-08-03,824647,moneyline-v2-plus-runs-v1,Los Angeles Dodgers @ Chicago Cubs,Chicago Cubs,Los Angeles Dodgers,pass,W,0.5758,46,-14,69,83,3.41,2.88,1.2,1.02,0.0026,0.1496,0.147,0.5077,0.428,0.2935,0.2523,0.82,0.96,0.036,0.021,-0.015,,,33,47,80
2026-08-03,825095,moneyline-v2-plus-runs-v1,San Diego Padres @ Arizona Diamondbacks,San Diego Padres,Arizona Diamondbacks,pass,L,0.5149,44,10,71,61,3.38,4,1.17,1.29,0.0237,0.1146,0.0909,0.4859,0.5185,0.2538,0.2832,0.93,1,0.071,0.153,0.082,,,-22,93,71
2026-08-03,822867,moneyline-v2-plus-runs-v1,San Francisco Giants @ Texas Rangers,San Francisco Giants,Texas Rangers,pass,W,0.5479,34,15,70,55,3.93,3.84,1.12,1.24,0.0453,0.1296,0.0843,0.6166,0.3817,0.2717,0.264,0.68,1.23,-0.04,-0.034,0.006,,,21,61,82
2026-08-11,824240,leo,Cleveland Guardians @ Detroit Tigers,Detroit Tigers,Cleveland Guardians,official_pick,W,0.6452,90,8,77,69,4.01,3.85,1.29,1.13,0.0546,0.1834,0.1288,0.5,0.4187,0.3099,0.248,1.2,1.5,0.128,0.141,0.013,0.056,0.0096,48,46,94
2026-08-11,824970,leo,Tampa Bay Rays @ Athletics,Tampa Bay Rays,Athletics,official_pick,W,0.6566,87,30,78,48,2.65,5.56,1.1,1.38,-0.0272,0.1021,0.1293,0.4053,0.3387,0.2635,0.2619,1.05,2.12,0.054,-0.025,-0.079,-0.0144,-0.0344,-9,79,70
2026-08-11,823186,leo,Houston Astros @ San Francisco Giants,Houston Astros,San Francisco Giants,watchlist,L,0.5896,82,34,65,31,3.53,7.25,1.24,1.84,0.0784,0.126,0.0476,0.6132,0.4545,0.2429,0.3333,1.07,1.61,0.136,0.053,-0.083,0.0225,-0.0301,55,45,100
2026-08-11,822697,leo,Chicago Cubs @ Washington Nationals,Chicago Cubs,Washington Nationals,watchlist,W,0.5607,66,21,74,53,3.6,5.37,1.09,1.29,0.0458,0.1801,0.1343,0.4115,0.4167,0.26,0.2683,1.7,1.45,0.095,0.025,-0.07,0.0081,-0.0253,6,55,61
2026-08-11,823997,leo,Texas Rangers @ Los Angeles Angels,Texas Rangers,Los Angeles Angels,pass,L,0.5525,63,16,51,35,0,7.11,1.62,1.6,0.0937,0.15,0.0563,0.125,0.422,0.3846,0.2829,0,2.31,0.068,-0.062,-0.13,-0.0255,-0.0542,14,67,81
2026-08-11,822778,leo,Boston Red Sox @ Toronto Blue Jays,Boston Red Sox,Toronto Blue Jays,pass,L,0.5611,56,-30,55,85,3.38,2.28,1.67,1.04,-0.1238,0.1376,0.2614,0.3721,0.5,0.3857,0.2829,1.13,0.5,0.124,0.099,-0.025,0.0392,-0.0097,22,77,99
2026-08-11,825046,leo,Colorado Rockies @ Arizona Diamondbacks,Arizona Diamondbacks,Colorado Rockies,pass,L,0.6018,48,-9,51,60,3.9,4.51,1.52,1.26,-0.053,0.0246,0.0776,0.3448,0.4484,0.2597,0.2596,1.3,1.84,-0.018,0.01,0.028,0.004,0.0089,10,63,73
2026-08-11,823832,leo,Pittsburgh Pirates @ Miami Marlins,Miami Marlins,Pittsburgh Pirates,pass,W,0.5398,46,0,71,71,3.61,3.96,1.13,1.12,-0.0601,0.1767,0.2368,0.4124,0.4491,0.2624,0.3087,1.07,0.9,0.118,0.013,-0.105,0.0075,-0.041,3,59,62
2026-08-11,823019,leo,Philadelphia Phillies @ St. Louis Cardinals,Philadelphia Phillies,St. Louis Cardinals,pass,L,0.5337,44,14,81,67,2.65,3.63,1.22,1.22,0.1195,0.222,0.1025,0.6377,0.6185,0.3367,0.2781,0.78,0.73,0.04,0.038,-0.002,0.0172,-0.0007,-36,97,61
2026-08-11,823917,leo,Kansas City Royals @ Los Angeles Dodgers,Los Angeles Dodgers,Kansas City Royals,pass,W,0.5958,41,-10,63,73,12,3.44,2.67,1.15,0.0453,0.1667,0.1214,0.8,0.4305,0.5455,0.2647,0,1.06,-0.023,-0.04,-0.017,-0.0187,-0.0093,-12,78,66
2026-08-11,823512,leo,Seattle Mariners @ New York Yankees,New York Yankees,Seattle Mariners,pass,W,0.5828,37,0,69,69,3.79,4.31,1.22,1.12,0.0036,0.1948,0.1912,0.5227,0.4073,0.307,0.2914,1.26,0.92,-0.053,-0.088,-0.035,-0.0361,-0.0164,17,54,71
2026-08-11,823673,leo,Baltimore Orioles @ Minnesota Twins,Minnesota Twins,Baltimore Orioles,pass,L,0.5433,36,-4,62,66,4.45,3.43,1.22,1.31,-0.0108,0.1003,0.1111,0.3905,0.467,0.2641,0.2871,1.35,1,0.009,-0.027,-0.036,-0.0092,-0.0151,0,62,62
2026-08-11,824563,leo,Cincinnati Reds @ Chicago White Sox,Chicago White Sox,Cincinnati Reds,pass,L,0.5577,33,24,76,52,3.08,4.6,1.12,1.47,0.1176,0.2,0.0824,0.3728,0.4922,0.2871,0.3077,0.98,1.29,-0.051,-0.052,-0.001,-0.0196,-0.0005,-42,100,58
2026-08-11,823264,leo,Milwaukee Brewers @ San Diego Padres,Milwaukee Brewers,San Diego Padres,pass,L,0.5241,29,25,77,52,2.84,5.07,1.04,1.46,0.1464,0.2521,0.1057,0.4267,0.5185,0.2891,0.3153,1.02,1.16,-0.092,-0.048,0.044,-0.0166,0.02,-3,60,57
2026-08-11,824886,leo,New York Mets @ Atlanta Braves,Atlanta Braves,New York Mets,pass,W,0.5348,17,-4,69,73,3.14,3.51,1.15,1.16,-0.1037,0.0934,0.1971,0.5472,0.5639,0.2327,0.2866,0.99,0.96,-0.084,-0.006,0.078,-0.0034,0.0309,-7,63,56
2026-08-12,824967,leo,Tampa Bay Rays @ Athletics,Tampa Bay Rays,Athletics,watchlist,W,0.6838,94,40,83,43,2.75,7.04,0.91,1.45,0.0479,0.2227,0.1748,0.5127,0.3841,0.2508,0.3202,0.87,1.76,0.079,0.004,-0.075,-0.0024,-0.0324,21,56,77
2026-08-12,824241,leo,Cleveland Guardians @ Detroit Tigers,Detroit Tigers,Cleveland Guardians,watchlist,L,0.6488,72,-15,60,75,4.17,3.31,1.37,1.11,-0.0612,0.1039,0.1651,0.5874,0.5169,0.3031,0.2639,0.85,1.42,0.108,0.13,0.022,0.0535,0.013,25,54,79
2026-08-12,823916,leo,Kansas City Royals @ Los Angeles Dodgers,Los Angeles Dodgers,Kansas City Royals,watchlist,W,0.6087,65,20,56,36,4.89,2.45,1.26,1.01,-0.0472,0.072,0.1192,0.3538,0.5094,0.2364,0.2319,2.15,0.38,-0.005,-0.039,-0.034,-0.0196,-0.0165,-21,84,63
2026-08-12,822779,leo,Boston Red Sox @ Toronto Blue Jays,Boston Red Sox,Toronto Blue Jays,pass,L,0.5768,55,3,72,69,3.32,3.24,1.17,1.26,0.0522,0.184,0.1318,0.4948,0.5932,0.3069,0.2764,0.52,0.85,0.125,0.107,-0.018,0.042,-0.007,28,63,91
2026-08-12,823187,leo,Houston Astros @ San Francisco Giants,Houston Astros,San Francisco Giants,pass,W,0.5612,53,-13,43,56,,4.55,,1.37,,,0.0802,,0.518,,0.2834,,1.39,0.123,0.047,-0.076,0.0202,-0.0279,48,44,92
2026-08-12,823511,leo,Seattle Mariners @ New York Yankees,New York Yankees,Seattle Mariners,pass,W,0.611,50,-18,61,79,4.18,3.08,1.37,0.95,-0.054,0.1552,0.2092,0.5158,0.3974,0.321,0.2386,1.18,1.48,-0.04,-0.091,-0.051,-0.0374,-0.0221,18,48,66
2026-08-12,825047,leo,Colorado Rockies @ Arizona Diamondbacks,Arizona Diamondbacks,Colorado Rockies,pass,L,0.5735,44,6,52,46,4.88,5.71,1.47,1.45,-0.0148,0.0578,0.0726,0.4826,0.5084,0.2853,0.2753,1.73,1.98,0.004,0.027,0.023,0.0108,0.0058,6,55,61
2026-08-12,823017,leo,Philadelphia Phillies @ St. Louis Cardinals,Philadelphia Phillies,St. Louis Cardinals,pass,L,0.5024,43,18,84,66,2.69,3.45,0.98,1.34,0.1074,0.2413,0.1339,0.5132,0.536,0.2588,0.321,1.14,0.96,0.022,0.018,-0.004,0.0105,-0.002,-17,80,63
2026-08-12,822698,leo,Chicago Cubs @ Washington Nationals,Chicago Cubs,Washington Nationals,pass,W,0.5807,41,-1,49,50,5.35,,1.5,,0.0945,0.0945,,0.5885,,0.3182,,0.93,,0.071,0.016,-0.055,0.0038,-0.0199,3,61,64
2026-08-12,823833,leo,Pittsburgh Pirates @ Miami Marlins,Miami Marlins,Pittsburgh Pirates,pass,W,0.5637,40,-7,56,63,4.63,3.51,1.36,1.36,0.0037,0.1114,0.1077,0.48,0.4515,0.3028,0.3087,1.32,0.74,0.093,-0.024,-0.117,-0.0069,-0.0461,6,48,54
2026-08-12,823994,leo,Texas Rangers @ Los Angeles Angels,Texas Rangers,Los Angeles Angels,pass,L,0.5289,40,-1,63,64,3.56,7.27,1.19,2.88,0.1832,0.087,-0.0962,0.3893,0.5,0.2513,0.3571,1.23,1.04,0.035,-0.104,-0.139,-0.0412,-0.0588,47,53,100
2026-08-12,824883,leo,New York Mets @ Atlanta Braves,Atlanta Braves,New York Mets,pass,W,0.575,38,-18,57,75,4.83,2.52,1.36,1.07,0.0402,0.1382,0.098,0.5,0.4458,0.31,0.2477,1.25,0.69,-0.002,0.002,0.004,0.0001,0.0023,-3,55,52
2026-08-12,823263,leo,Milwaukee Brewers @ San Diego Padres,San Diego Padres,Milwaukee Brewers,pass,W,0.5005,35,4,66,62,3.24,4.3,1.33,1.27,-0.064,0.0875,0.1515,0.393,0.4583,0.2651,0.3175,1.13,0.63,0.103,0.071,-0.032,0.031,-0.0104,9,49,58
2026-08-12,823672,leo,Baltimore Orioles @ Minnesota Twins,Minnesota Twins,Baltimore Orioles,pass,W,0.5119,32,-12,54,66,5.23,3.76,1.34,1.32,-0.0045,0.1233,0.1278,0.4943,0.4493,0.2869,0.3116,1.78,0.66,0.013,-0.035,-0.048,-0.012,-0.0198,4,61,65
2026-08-12,824562,leo,Cincinnati Reds @ Chicago White Sox,Chicago White Sox,Cincinnati Reds,pass,W,0.526,19,4,53,49,5.3,5.26,1.41,1.48,0.0408,0.1258,0.085,0.4358,0.4842,0.3097,0.3026,1.48,1.11,-0.049,-0.062,-0.013,-0.0241,-0.0064,-27,91,64
