date,gamePk,model_version,matchup,model_side,status,model_prob,market_prob,lab_score,best_price,result,final_score
2026-07-22,823110,moneyline-v2-plus-runs-v1,Cincinnati Reds @ Seattle Mariners,Seattle Mariners,value_watch,0.6615,0.5835,91,-150,L,5-3
2026-07-22,824735,moneyline-v2-plus-runs-v1,Baltimore Orioles @ Boston Red Sox,Boston Red Sox,official_pick,0.7296,0.5593,81,-135,W,3-6
2026-07-22,825055,moneyline-v2-plus-runs-v1,Athletics @ Arizona Diamondbacks,Athletics,value_watch,0.5191,0.4356,80,129,L,5-15
2026-07-22,822784,moneyline-v2-plus-runs-v1,Tampa Bay Rays @ Toronto Blue Jays,Tampa Bay Rays,value_watch,0.6665,0.5211,77,-110,W,4-2
2026-07-22,824732,moneyline-v2-plus-runs-v1,Baltimore Orioles @ Boston Red Sox,Boston Red Sox,watchlist,0.6053,0.5338,68,-118,L,5-1
2026-07-22,822873,moneyline-v2-plus-runs-v1,Chicago White Sox @ Texas Rangers,Chicago White Sox,pass,0.5843,0.5317,61,-120,W,4-2
2026-07-22,823438,moneyline-v2-plus-runs-v1,Los Angeles Dodgers @ Philadelphia Phillies,Los Angeles Dodgers,pass,0.5853,0.532,60,-120,W,9-5
2026-07-22,823761,moneyline-v2-plus-runs-v1,New York Mets @ Milwaukee Brewers,Milwaukee Brewers,pass,0.6543,0.587,58,-151,W,3-4
2026-07-22,824650,moneyline-v2-plus-runs-v1,Detroit Tigers @ Chicago Cubs,Chicago Cubs,pass,0.5801,0.5273,58,-114,L,5-1
2026-07-22,824166,moneyline-v2-plus-runs-v1,Miami Marlins @ Houston Astros,Houston Astros,pass,0.5507,0.5114,53,-109,W,2-5
2026-07-22,824004,moneyline-v2-plus-runs-v1,St. Louis Cardinals @ Los Angeles Angels,Los Angeles Angels,pass,0.5626,0.5528,47,-128,L,1-0
2026-07-22,824408,moneyline-v2-plus-runs-v1,Minnesota Twins @ Cleveland Guardians,Cleveland Guardians,pass,0.5779,0.5438,46,-127,L,10-6
2026-07-22,823518,moneyline-v2-plus-runs-v1,Pittsburgh Pirates @ New York Yankees,New York Yankees,pass,0.6096,0.6022,34,-160,L,5-3
2026-07-22,823519,moneyline-v2-plus-runs-v1,Pittsburgh Pirates @ New York Yankees,New York Yankees,pass,0.533,0.6245,32,-177,W,0-2
2026-07-22,824327,moneyline-v2-plus-runs-v1,Washington Nationals @ Colorado Rockies,Washington Nationals,pass,0.5644,0.5631,26,-137,W,8-0
2026-07-22,824083,moneyline-v2-plus-runs-v1,San Francisco Giants @ Kansas City Royals,San Francisco Giants,pass,0.5131,0.5444,24,-125,L,4-5
2026-07-22,824896,moneyline-v2-plus-runs-v1,San Diego Padres @ Atlanta Braves,Atlanta Braves,pass,0.5489,0.6645,18,-214,W,6-7
2026-07-23,822785,moneyline-v2-plus-runs-v1,Tampa Bay Rays @ Toronto Blue Jays,Tampa Bay Rays,official_pick,0.7652,0.513,88,-108,L,1-3
2026-07-23,824406,moneyline-v2-plus-runs-v1,Minnesota Twins @ Cleveland Guardians,Cleveland Guardians,pass,0.588,0.5742,37,-140,L,3-1
2026-07-23,823042,moneyline-v2-plus-runs-v1,Arizona Diamondbacks @ St. Louis Cardinals,Arizona Diamondbacks,pass,0.5199,0.4845,37,103,W,10-6
2026-07-23,824247,moneyline-v2-plus-runs-v1,Kansas City Royals @ Detroit Tigers,Detroit Tigers,pass,0.5888,0.6663,30,-215,W,3-4
2026-07-24,823759,moneyline-v2-plus-runs-v1,Colorado Rockies @ Milwaukee Brewers,Milwaukee Brewers,official_pick,0.7972,0.679,85,-230,L,5-2
2026-07-24,823434,moneyline-v2-plus-runs-v1,New York Yankees @ Philadelphia Phillies,New York Yankees,value_watch,0.5721,0.4594,80,116,W,1-0
2026-07-24,824812,moneyline-v2-plus-runs-v1,Atlanta Braves @ Baltimore Orioles,Baltimore Orioles,value_watch,0.626,0.5194,78,-113,L,7-6
2026-07-24,824573,moneyline-v2-plus-runs-v1,Houston Astros @ Chicago White Sox,Chicago White Sox,watchlist,0.6808,0.5558,73,-131,L,9-5
2026-07-24,823843,moneyline-v2-plus-runs-v1,San Diego Padres @ Miami Marlins,Miami Marlins,watchlist,0.6121,0.5537,71,-136,L,4-2
2026-07-24,824733,moneyline-v2-plus-runs-v1,Toronto Blue Jays @ Boston Red Sox,Boston Red Sox,watchlist,0.7451,0.5343,68,-122,W,4-6
2026-07-24,822952,moneyline-v2-plus-runs-v1,Cleveland Guardians @ Tampa Bay Rays,Tampa Bay Rays,pass,0.6037,0.5569,63,-134,W,3-11
2026-07-24,822707,moneyline-v2-plus-runs-v1,Arizona Diamondbacks @ Washington Nationals,Washington Nationals,pass,0.5295,0.4707,54,109,L,3-2
2026-07-24,823680,moneyline-v2-plus-runs-v1,Athletics @ Minnesota Twins,Minnesota Twins,pass,0.5949,0.5664,52,-138,L,2-0
2026-07-24,823352,moneyline-v2-plus-runs-v1,Chicago Cubs @ Pittsburgh Pirates,Chicago Cubs,pass,0.5003,0.4687,51,109,W,3-2
2026-07-24,822872,moneyline-v2-plus-runs-v1,Seattle Mariners @ Texas Rangers,Seattle Mariners,pass,0.505,0.5216,45,-115,L,4-5
2026-07-24,823196,moneyline-v2-plus-runs-v1,Los Angeles Angels @ San Francisco Giants,San Francisco Giants,pass,0.5366,0.609,33,-165,W,6-7
2026-07-24,823031,moneyline-v2-plus-runs-v1,Cincinnati Reds @ St. Louis Cardinals,St. Louis Cardinals,pass,0.5679,0.5992,32,-160,L,4-2
2026-07-24,824248,moneyline-v2-plus-runs-v1,Kansas City Royals @ Detroit Tigers,Detroit Tigers,pass,0.6173,0.7146,31,-275,W,1-2
2026-07-24,823601,moneyline-v2-plus-runs-v1,Los Angeles Dodgers @ New York Mets,Los Angeles Dodgers,pass,0.5718,0.5745,24,-142,W,4-2
2026-07-25,824244,moneyline-v2-plus-runs-v1,Kansas City Royals @ Detroit Tigers,Detroit Tigers,watchlist,0.6689,0.5928,69,-152,L,3-2
2026-07-25,824571,moneyline-v2-plus-runs-v1,Houston Astros @ Chicago White Sox,Chicago White Sox,pass,0.6531,0.5132,61,-108,L,4-1
2026-07-25,823758,moneyline-v2-plus-runs-v1,Colorado Rockies @ Milwaukee Brewers,Milwaukee Brewers,pass,0.7132,0.718,60,-265,W,5-8
2026-07-25,823600,moneyline-v2-plus-runs-v1,Los Angeles Dodgers @ New York Mets,Los Angeles Dodgers,pass,0.6641,0.5787,58,-145,W,4-3
2026-07-25,822948,moneyline-v2-plus-runs-v1,Cleveland Guardians @ Tampa Bay Rays,Tampa Bay Rays,pass,0.6728,0.5521,57,-130,W,0-3
2026-07-25,823841,moneyline-v2-plus-runs-v1,San Diego Padres @ Miami Marlins,Miami Marlins,pass,0.5068,0.5386,56,-125,L,7-2
2026-07-25,823197,moneyline-v2-plus-runs-v1,Los Angeles Angels @ San Francisco Giants,Los Angeles Angels,pass,0.5003,0.4568,51,115,L,2-9
2026-07-25,823435,moneyline-v2-plus-runs-v1,New York Yankees @ Philadelphia Phillies,New York Yankees,pass,0.6098,0.4068,51,140,W,3-1
2026-07-25,823027,moneyline-v2-plus-runs-v1,Cincinnati Reds @ St. Louis Cardinals,Cincinnati Reds,pass,0.5491,0.4507,49,118,L,0-7
2026-07-25,824734,moneyline-v2-plus-runs-v1,Toronto Blue Jays @ Boston Red Sox,Boston Red Sox,pass,0.6924,0.5545,47,-136,L,6-0
2026-07-25,824811,moneyline-v2-plus-runs-v1,Atlanta Braves @ Baltimore Orioles,Baltimore Orioles,pass,0.5787,0.5083,45,-109,W,2-3
2026-07-25,823355,moneyline-v2-plus-runs-v1,Chicago Cubs @ Pittsburgh Pirates,Pittsburgh Pirates,pass,0.5685,0.5303,41,-120,L,11-0
2026-07-25,822869,moneyline-v2-plus-runs-v1,Seattle Mariners @ Texas Rangers,Seattle Mariners,pass,0.5379,0.4963,38,-102,L,1-7
2026-07-25,822704,moneyline-v2-plus-runs-v1,Arizona Diamondbacks @ Washington Nationals,Washington Nationals,pass,0.5062,0.4702,37,110,W,3-5
2026-07-26,823755,moneyline-v2-plus-runs-v1,Colorado Rockies @ Milwaukee Brewers,Milwaukee Brewers,watchlist,0.7735,0.7496,81,-335,W,2-11
2026-07-26,824730,moneyline-v2-plus-runs-v1,Toronto Blue Jays @ Boston Red Sox,Boston Red Sox,watchlist,0.7103,0.5675,68,-139,W,1-6
2026-07-26,822706,moneyline-v2-plus-runs-v1,Arizona Diamondbacks @ Washington Nationals,Arizona Diamondbacks,pass,0.5646,0.5133,61,-110,L,7-10
2026-07-26,823678,moneyline-v2-plus-runs-v1,Athletics @ Minnesota Twins,Minnesota Twins,pass,0.6823,0.5885,56,-150,W,8-11
2026-07-26,823599,moneyline-v2-plus-runs-v1,Los Angeles Dodgers @ New York Mets,Los Angeles Dodgers,pass,0.6747,0.5749,54,-141,L,3-8
2026-07-26,823354,moneyline-v2-plus-runs-v1,Chicago Cubs @ Pittsburgh Pirates,Chicago Cubs,pass,0.5175,0.4587,53,112,L,7-8
2026-07-26,822950,moneyline-v2-plus-runs-v1,Cleveland Guardians @ Tampa Bay Rays,Tampa Bay Rays,pass,0.6243,0.532,51,-118,W,0-1
2026-07-26,822870,moneyline-v2-plus-runs-v1,Seattle Mariners @ Texas Rangers,Texas Rangers,pass,0.5464,0.5046,48,-105,L,6-4
2026-07-26,823194,moneyline-v2-plus-runs-v1,Los Angeles Angels @ San Francisco Giants,San Francisco Giants,pass,0.5771,0.4948,45,-102,L,4-3
2026-07-26,824810,moneyline-v2-plus-runs-v1,Atlanta Braves @ Baltimore Orioles,Baltimore Orioles,pass,0.5622,0.4933,38,100,L,3-2
2026-07-26,824246,moneyline-v2-plus-runs-v1,Kansas City Royals @ Detroit Tigers,Detroit Tigers,pass,0.5731,0.6282,38,-179,L,5-4
2026-07-26,823840,moneyline-v2-plus-runs-v1,San Diego Padres @ Miami Marlins,San Diego Padres,pass,0.5941,0.4676,35,110,W,5-3
2026-07-26,823028,moneyline-v2-plus-runs-v1,Cincinnati Reds @ St. Louis Cardinals,St. Louis Cardinals,pass,0.5161,0.5503,34,-129,L,5-3
2026-07-26,824572,moneyline-v2-plus-runs-v1,Houston Astros @ Chicago White Sox,Chicago White Sox,pass,0.5024,0.5082,27,-108,W,3-12
2026-07-26,823433,moneyline-v2-plus-runs-v1,New York Yankees @ Philadelphia Phillies,New York Yankees,pass,0.5498,0.3586,25,175,L,4-11
2026-07-27,822705,moneyline-v2-plus-runs-v1,Toronto Blue Jays @ Washington Nationals,Washington Nationals,watchlist,0.825,0.5603,72,-133,L,3-2
2026-07-27,824977,moneyline-v2-plus-runs-v1,Boston Red Sox @ Athletics,Boston Red Sox,pass,0.6989,0.5779,63,-144,W,4-2
2026-07-27,823839,moneyline-v2-plus-runs-v1,Philadelphia Phillies @ Miami Marlins,Philadelphia Phillies,pass,0.6564,0.5,62,-105,L,7-8
2026-07-27,824570,moneyline-v2-plus-runs-v1,New York Yankees @ Chicago White Sox,New York Yankees,pass,0.5785,0.5597,56,-134,W,9-5
2026-07-27,822868,moneyline-v2-plus-runs-v1,Seattle Mariners @ Texas Rangers,Seattle Mariners,pass,0.5841,0.5425,52,-124,L,3-7
2026-07-27,823025,moneyline-v2-plus-runs-v1,Chicago Cubs @ St. Louis Cardinals,Chicago Cubs,pass,0.704,0.5288,50,-118,W,7-3
2026-07-27,824001,moneyline-v2-plus-runs-v1,Houston Astros @ Los Angeles Angels,Los Angeles Angels,pass,0.5222,0.4979,49,-103,L,6-4
2026-07-27,823195,moneyline-v2-plus-runs-v1,Milwaukee Brewers @ San Francisco Giants,Milwaukee Brewers,pass,0.6299,0.5566,49,-130,L,0-3
2026-07-27,823353,moneyline-v2-plus-runs-v1,Arizona Diamondbacks @ Pittsburgh Pirates,Pittsburgh Pirates,pass,0.5696,0.5119,43,-110,W,2-3
2026-07-27,823597,moneyline-v2-plus-runs-v1,Atlanta Braves @ New York Mets,Atlanta Braves,pass,0.5709,0.5886,40,-150,L,3-14
2026-07-27,824245,moneyline-v2-plus-runs-v1,Baltimore Orioles @ Detroit Tigers,Detroit Tigers,pass,0.5487,0.5593,37,-130,L,8-5
2026-07-28,823923,moneyline-v2-plus-runs-v1,Seattle Mariners @ Los Angeles Dodgers,Los Angeles Dodgers,watchlist,0.6855,0.5737,69,-148,L,7-6
2026-07-28,823275,moneyline-v2-plus-runs-v1,Colorado Rockies @ San Diego Padres,San Diego Padres,watchlist,0.6444,0.5631,68,-141,W,7-8
2026-07-28,824490,moneyline-v2-plus-runs-v1,Cleveland Guardians @ Cincinnati Reds,Cincinnati Reds,watchlist,0.6252,0.4598,66,112,L,6-5
2026-07-28,822703,moneyline-v2-plus-runs-v1,Toronto Blue Jays @ Washington Nationals,Washington Nationals,pass,0.7722,0.4756,63,106,W,6-8
2026-07-28,824976,moneyline-v2-plus-runs-v1,Boston Red Sox @ Athletics,Boston Red Sox,pass,0.6867,0.5762,61,-142,L,3-4
2026-07-28,823026,moneyline-v2-plus-runs-v1,Chicago Cubs @ St. Louis Cardinals,Chicago Cubs,pass,0.6307,0.5089,53,-112,W,10-2
2026-07-28,824243,moneyline-v2-plus-runs-v1,Baltimore Orioles @ Detroit Tigers,Detroit Tigers,pass,0.5343,0.605,50,-160,W,0-14
2026-07-28,823838,moneyline-v2-plus-runs-v1,Philadelphia Phillies @ Miami Marlins,Miami Marlins,pass,0.5408,0.4069,49,136,W,0-1
2026-07-28,822949,moneyline-v2-plus-runs-v1,Texas Rangers @ Tampa Bay Rays,Tampa Bay Rays,pass,0.6217,0.5528,47,-134,L,4-1
2026-07-28,824489,moneyline-v2-plus-runs-v1,Cleveland Guardians @ Cincinnati Reds,Cincinnati Reds,pass,0.5186,0.4527,42,116,W,0-2
2026-07-28,823193,moneyline-v2-plus-runs-v1,Milwaukee Brewers @ San Francisco Giants,Milwaukee Brewers,pass,0.5985,0.5191,42,-112,W,8-2
2026-07-28,823676,moneyline-v2-plus-runs-v1,Kansas City Royals @ Minnesota Twins,Minnesota Twins,pass,0.512,0.6204,40,-181,W,2-3
2026-07-28,824569,moneyline-v2-plus-runs-v1,New York Yankees @ Chicago White Sox,New York Yankees,pass,0.5237,0.5669,40,-138,W,3-2
2026-07-28,824003,moneyline-v2-plus-runs-v1,Houston Astros @ Los Angeles Angels,Houston Astros,pass,0.5324,0.5364,39,-126,W,3-2
2026-07-28,823350,moneyline-v2-plus-runs-v1,Arizona Diamondbacks @ Pittsburgh Pirates,Arizona Diamondbacks,pass,0.5366,0.4479,34,118,W,8-7
2026-07-29,824242,moneyline-v2-plus-runs-v1,Baltimore Orioles @ Detroit Tigers,Detroit Tigers,value_watch,0.6665,0.6297,78,-182,L,10-9
2026-07-29,823022,moneyline-v2-plus-runs-v1,Chicago Cubs @ St. Louis Cardinals,Chicago Cubs,watchlist,0.7021,0.5016,73,-105,L,2-3
2026-07-29,824973,moneyline-v2-plus-runs-v1,Boston Red Sox @ Athletics,Boston Red Sox,watchlist,0.9858,0.5809,73,-145,W,4-2
2026-07-29,823924,moneyline-v2-plus-runs-v1,Seattle Mariners @ Los Angeles Dodgers,Seattle Mariners,watchlist,0.8737,0.4013,72,145,L,2-4
2026-07-29,822702,moneyline-v2-plus-runs-v1,Toronto Blue Jays @ Washington Nationals,Washington Nationals,pass,0.6858,0.4775,64,106,L,5-2
2026-07-29,823598,moneyline-v2-plus-runs-v1,Atlanta Braves @ New York Mets,Atlanta Braves,pass,0.5383,0.5816,50,-145,W,1-0
2026-07-29,823837,moneyline-v2-plus-runs-v1,Philadelphia Phillies @ Miami Marlins,Philadelphia Phillies,pass,0.5972,,49,,L,6-8
2026-07-29,824002,moneyline-v2-plus-runs-v1,Houston Astros @ Los Angeles Angels,Houston Astros,pass,0.5439,0.5483,49,-127,W,7-4
2026-07-29,823596,moneyline-v2-plus-runs-v1,Atlanta Braves @ New York Mets,New York Mets,pass,0.5363,0.4184,48,138,W,2-3
2026-07-29,823677,moneyline-v2-plus-runs-v1,Kansas City Royals @ Minnesota Twins,Minnesota Twins,pass,0.592,0.64,45,-191,L,4-0
2026-07-29,823351,moneyline-v2-plus-runs-v1,Arizona Diamondbacks @ Pittsburgh Pirates,Arizona Diamondbacks,pass,0.5198,0.4502,43,118,W,3-0
2026-07-29,823192,moneyline-v2-plus-runs-v1,Milwaukee Brewers @ San Francisco Giants,Milwaukee Brewers,pass,0.6245,0.5061,41,-104,L,3-16
2026-07-29,823273,moneyline-v2-plus-runs-v1,Colorado Rockies @ San Diego Padres,San Diego Padres,pass,0.6094,0.5943,41,-156,W,1-3
2026-07-29,824487,moneyline-v2-plus-runs-v1,Cleveland Guardians @ Cincinnati Reds,Cleveland Guardians,pass,0.542,0.5535,38,-130,W,6-1
2026-07-29,824567,moneyline-v2-plus-runs-v1,New York Yankees @ Chicago White Sox,New York Yankees,pass,0.5073,0.5724,34,-142,L,5-6
2026-07-29,822947,moneyline-v2-plus-runs-v1,Texas Rangers @ Tampa Bay Rays,Tampa Bay Rays,pass,0.5506,0.5696,27,-141,W,0-3
2026-07-30,824974,moneyline-v2-plus-runs-v1,Boston Red Sox @ Athletics,Boston Red Sox,watchlist,0.9597,0.6212,73,-177,W,5-4
2026-07-30,823023,moneyline-v2-plus-runs-v1,Chicago Cubs @ St. Louis Cardinals,Chicago Cubs,watchlist,0.8816,0.4906,65,100,W,4-2
2026-07-30,824488,moneyline-v2-plus-runs-v1,Pittsburgh Pirates @ Cincinnati Reds,Pittsburgh Pirates,pass,0.8564,0.5128,64,-111,L,2-3
2026-07-30,823595,moneyline-v2-plus-runs-v1,Miami Marlins @ New York Mets,New York Mets,pass,0.6397,0.542,63,-122,W,2-4
2026-07-30,823271,moneyline-v2-plus-runs-v1,San Francisco Giants @ San Diego Padres,San Diego Padres,pass,0.7789,0.5867,61,-151,L,4-1
2026-07-30,824894,moneyline-v2-plus-runs-v1,Washington Nationals @ Atlanta Braves,Washington Nationals,pass,0.7705,0.4182,54,133,L,4-5
2026-07-30,823921,moneyline-v2-plus-runs-v1,Seattle Mariners @ Los Angeles Dodgers,Seattle Mariners,pass,0.6781,0.411,48,138,L,2-6
2026-07-30,824568,moneyline-v2-plus-runs-v1,New York Yankees @ Chicago White Sox,Chicago White Sox,pass,0.5495,0.5122,36,-110,W,1-2
2026-07-31,824651,moneyline-v2-plus-runs-v1,New York Yankees @ Chicago Cubs,Chicago Cubs,pass,0.7993,0.5907,60,-148,L,2-0
2026-07-31,823272,moneyline-v2-plus-runs-v1,San Francisco Giants @ San Diego Padres,San Diego Padres,watchlist,0.8331,0.5723,71,-138,W,0-7
2026-07-31,823593,moneyline-v2-plus-runs-v1,Miami Marlins @ New York Mets,New York Mets,watchlist,0.595,0.5438,65,-122,L,5-2
2026-07-31,823922,moneyline-v2-plus-runs-v1,Boston Red Sox @ Los Angeles Dodgers,Boston Red Sox,watchlist,0.7341,0.4539,65,118,W,9-4
2026-07-31,824407,moneyline-v2-plus-runs-v1,Arizona Diamondbacks @ Cleveland Guardians,Cleveland Guardians,pass,0.8164,0.5684,64,-132,L,4-1
2026-07-31,822782,moneyline-v2-plus-runs-v1,St. Louis Cardinals @ Toronto Blue Jays,Toronto Blue Jays,pass,0.6098,0.6284,59,-180,W,1-3
2026-07-31,824164,moneyline-v2-plus-runs-v1,Texas Rangers @ Houston Astros,Houston Astros,pass,0.618,0.5423,55,-122,W,2-11
2026-07-31,824975,moneyline-v2-plus-runs-v1,Detroit Tigers @ Athletics,Detroit Tigers,pass,0.735,0.5644,50,-132,W,13-1
2026-07-31,824325,moneyline-v2-plus-runs-v1,Kansas City Royals @ Colorado Rockies,Colorado Rockies,pass,0.663,0.4977,46,-102,W,1-3
2026-07-31,824809,moneyline-v2-plus-runs-v1,Philadelphia Phillies @ Baltimore Orioles,Baltimore Orioles,pass,0.6651,0.5146,45,-110,W,4-6
2026-07-31,823111,moneyline-v2-plus-runs-v1,Minnesota Twins @ Seattle Mariners,Minnesota Twins,pass,0.5462,0.3941,42,150,W,5-3
2026-07-31,824486,moneyline-v2-plus-runs-v1,Pittsburgh Pirates @ Cincinnati Reds,Pittsburgh Pirates,pass,0.6858,0.5359,38,-118,L,7-8
2026-07-31,822945,moneyline-v2-plus-runs-v1,Chicago White Sox @ Tampa Bay Rays,Tampa Bay Rays,pass,0.566,0.5633,38,-132,L,6-1
2026-07-31,823999,moneyline-v2-plus-runs-v1,Milwaukee Brewers @ Los Angeles Angels,Los Angeles Angels,pass,0.5522,0.4013,31,147,L,6-2
2026-07-31,824892,moneyline-v2-plus-runs-v1,Washington Nationals @ Atlanta Braves,Atlanta Braves,pass,0.5184,0.5191,30,-110,W,2-6
2026-08-01,824972,moneyline-v2-plus-runs-v1,Detroit Tigers @ Athletics,Detroit Tigers,watchlist,0.9552,0.5083,68,-106,W,8-6
2026-08-01,823594,moneyline-v2-plus-runs-v1,Miami Marlins @ New York Mets,New York Mets,pass,0.5844,,61,,L,6-2
2026-08-01,824162,moneyline-v2-plus-runs-v1,Texas Rangers @ Houston Astros,Houston Astros,pass,0.7179,0.5358,59,-120,W,4-5
2026-08-01,823269,moneyline-v2-plus-runs-v1,San Francisco Giants @ San Diego Padres,San Diego Padres,pass,0.8082,0.5673,54,-138,W,5-6
2026-08-01,824808,moneyline-v2-plus-runs-v1,Philadelphia Phillies @ Baltimore Orioles,Baltimore Orioles,pass,0.8796,0.4515,51,120,L,5-0
2026-08-01,823920,moneyline-v2-plus-runs-v1,Boston Red Sox @ Los Angeles Dodgers,Boston Red Sox,pass,0.6925,0.4145,51,142,W,3-2
2026-08-01,824649,moneyline-v2-plus-runs-v1,New York Yankees @ Chicago Cubs,Chicago Cubs,pass,0.7023,0.4622,48,116,W,2-5
2026-08-01,824326,moneyline-v2-plus-runs-v1,Kansas City Royals @ Colorado Rockies,Colorado Rockies,pass,0.7638,0.5045,47,-105,W,6-12
2026-08-01,822781,moneyline-v2-plus-runs-v1,St. Louis Cardinals @ Toronto Blue Jays,Toronto Blue Jays,pass,0.5538,,42,,W,1-5
2026-08-01,823109,moneyline-v2-plus-runs-v1,Minnesota Twins @ Seattle Mariners,Minnesota Twins,pass,0.7349,,42,,L,3-4
2026-08-01,824405,moneyline-v2-plus-runs-v1,Arizona Diamondbacks @ Cleveland Guardians,Arizona Diamondbacks,pass,0.6499,0.4358,42,128,W,12-8
2026-08-01,824485,moneyline-v2-plus-runs-v1,Pittsburgh Pirates @ Cincinnati Reds,Pittsburgh Pirates,pass,0.6819,0.4229,40,134,W,4-1
2026-08-01,824000,moneyline-v2-plus-runs-v1,Milwaukee Brewers @ Los Angeles Angels,Los Angeles Angels,pass,0.5709,0.3296,33,201,L,3-1
2026-08-01,822944,moneyline-v2-plus-runs-v1,Chicago White Sox @ Tampa Bay Rays,Chicago White Sox,pass,0.5437,,23,,L,0-1
2026-08-02,822943,moneyline-v2-plus-runs-v1,Chicago White Sox @ Tampa Bay Rays,Tampa Bay Rays,watchlist,0.634,0.5739,66,-142,L,9-1
2026-08-02,822783,legacy-strength-fallback,St. Louis Cardinals @ Toronto Blue Jays,Toronto Blue Jays,pass,0.6788,0.5489,56,-126,L,5-1
2026-08-02,824891,moneyline-v2-plus-runs-v1,Washington Nationals @ Atlanta Braves,Washington Nationals,pass,0.6771,0.4703,55,110,L,2-4
2026-08-02,823592,moneyline-v2-plus-runs-v1,Miami Marlins @ New York Mets,Miami Marlins,pass,0.5599,0.5237,37,-114,W,2-0
