date,gamePk,lab_version,status,pick_team,pitcher_edge_team,pitcher_gap,pick_bullpen_risk_index,opp_bullpen_risk_index,pick_bullpen_innings,pick_woba_15d,opp_woba_15d,pick_woba_30d,opp_woba_30d,lab_score,model_prob,result,conviction_points,pitching_plan_points,bullpen_points,offense_points
2026-08-13,822776,lab-rating-v3-measured-components,pass,Boston Red Sox,Boston Red Sox,39,68,80,3.4,0.3577,0.2973,0.346,0.2872,62,0.5435,W,5.18,20,12.25,24.92
2026-08-13,824238,lab-rating-v3-measured-components,pass,Detroit Tigers,Cleveland Guardians,7,49,78,3.3,0.3523,0.3336,0.3438,0.315,59,0.6181,W,26.06,0,15.34,17.45
2026-08-13,823508,lab-rating-v3-measured-components,pass,New York Yankees,No clear SP edge,0,67,71,3.2,0.2979,0.2806,0.2881,0.2912,54,0.6298,L,29.35,0,10.71,13.98
2026-08-13,823829,lab-rating-v3-measured-components,pass,Miami Marlins,Pittsburgh Pirates,9,46,64,4.5,0.3252,0.2709,0.3092,0.2846,53,0.5891,L,17.96,0,14,20.72
2026-08-13,822696,lab-rating-v3-measured-components,pass,Chicago Cubs,No clear SP edge,3,56,80,3.4,0.3431,0.3174,0.3548,0.3528,49,0.5924,L,18.88,0,14.54,15.39
2026-08-13,823669,lab-rating-v3-measured-components,pass,Minnesota Twins,Minnesota Twins,16,58,68,3.3,0.309,0.3277,0.3001,0.3188,41,0.5397,L,4.12,16,11.82,8.6
2026-08-13,824561,lab-rating-v3-measured-components,pass,Chicago White Sox,No clear SP edge,2,74,62,3.7,0.3051,0.2975,0.3051,0.3036,36,0.5777,L,14.75,0,7.57,13.45
2026-08-13,823995,lab-rating-v3-measured-components,pass,Texas Rangers,No clear SP edge,3,55,88,3.6,0.2729,0.2531,0.3051,0.2714,35,0.5055,L,0,0,16.61,18.07
2026-08-13,823915,lab-rating-v3-measured-components,pass,Milwaukee Brewers,Milwaukee Brewers,4,56,70,3.7,0.3004,0.3162,0.3167,0.3187,28,0.5196,W,0,4,12.91,10.65
