date,gamePk,matchup,pick_team,opp_team,status,result,lab_score_published,model_prob,strength_prob_pick,run_prob_pick,pick_pitcher_score,opp_pitcher_score,pick_bullpen_risk,opp_bullpen_risk,assigned_bullpen_innings,pick_woba_15d,opp_woba_15d,pick_woba_30d,opp_woba_30d,pitch_gap,pitch_edge_supports
8/22/2026,825044,Cincinnati Reds @ Arizona Diamondbacks,Arizona Diamondbacks,Cincinnati Reds,official_pick,,93,0.7419,0.9839,0.89,76,50,64,81,3.6,0.3492,0.2552,0.3351,0.2846,26,TRUE
8/22/2026,823261,Minnesota Twins @ San Diego Padres,San Diego Padres,Minnesota Twins,official_pick,,81,0.7419,0.9839,0.8691,75,56,39,57,3.6,0.3444,0.3254,0.3356,0.3019,19,TRUE
8/22/2026,823831,Washington Nationals @ Miami Marlins,Miami Marlins,Washington Nationals,value_watch,,78,0.7424,0.9849,0.649,74,48,67,81,3.5,0.3331,0.3041,0.3191,0.3143,26,TRUE
8/22/2026,823910,Pittsburgh Pirates @ Los Angeles Dodgers,Los Angeles Dodgers,Pittsburgh Pirates,watchlist,,72,0.7446,0.9892,0.6169,82,61,68,70,3,0.3077,0.3179,0.3178,0.296,21,TRUE
8/22/2026,823509,Toronto Blue Jays @ New York Yankees,Toronto Blue Jays,New York Yankees,watchlist,,71,0.6951,0.8902,,82,70,70,60,3.1,0.3281,0.2909,0.3123,0.2824,12,TRUE
8/22/2026,823743,Atlanta Braves @ Milwaukee Brewers,Milwaukee Brewers,Atlanta Braves,watchlist,,69,0.7137,0.9274,0.7169,80,70,76,51,3.9,0.3232,0.2654,0.3254,0.2974,10,TRUE
8/22/2026,824316,Cleveland Guardians @ Colorado Rockies,Cleveland Guardians,Colorado Rockies,watchlist,,68,0.7437,0.9874,0.6158,67,41,65,67,3.2,0.3168,0.3105,0.2957,0.315,26,TRUE
8/22/2026,824560,New York Mets @ Chicago White Sox,New York Mets,Chicago White Sox,watchlist,,65,0.7009,0.9018,0.5837,68,56,44,75,4.3,0.3183,0.3425,0.3196,0.3209,12,TRUE
8/22/2026,822858,Los Angeles Angels @ Texas Rangers,Texas Rangers,Los Angeles Angels,pass,,64,0.7383,0.9765,,62,38,68,36,3.9,0.2697,0.2766,0.2895,0.2745,24,TRUE
8/22/2026,824151,Athletics @ Houston Astros,Houston Astros,Athletics,pass,,64,0.7231,0.9462,0.6726,63,48,75,75,3.7,0.2778,0.3104,0.3199,0.2918,15,TRUE
8/22/2026,824798,Tampa Bay Rays @ Baltimore Orioles,Tampa Bay Rays,Baltimore Orioles,pass,,58,0.67,0.84,0.8007,73,65,61,51,4.1,0.3354,0.3324,0.3172,0.3092,8,TRUE
8/22/2026,823422,St. Louis Cardinals @ Philadelphia Phillies,St. Louis Cardinals,Philadelphia Phillies,pass,,58,0.7225,0.9451,0.8788,57,41,73,55,4.5,0.3314,0.3364,0.3118,0.3311,16,TRUE
8/22/2026,824073,Detroit Tigers @ Kansas City Royals,Kansas City Royals,Detroit Tigers,pass,,47,0.6317,0.7634,0.4388,70,64,82,50,2.8,0.3253,0.2972,0.308,0.34,6,TRUE
8/22/2026,824718,San Francisco Giants @ Boston Red Sox,San Francisco Giants,Boston Red Sox,pass,,42,0.7156,0.9312,0.8101,58,44,66,57,4,0.2685,0.3532,0.2939,0.3559,14,TRUE
8/22/2026,823100,Chicago Cubs @ Seattle Mariners,Seattle Mariners,Chicago Cubs,pass,,12,0.5086,0.5172,0.0491,50,49,84,63,4.5,0.2988,0.3411,0.3,0.3399,1,FALSE
8/23/2026,824720,San Francisco Giants @ Boston Red Sox,Boston Red Sox,San Francisco Giants,watchlist,,78,0.7003,0.9007,,72,63,53,61,3.2,0.3449,0.2715,0.3556,0.2938,9,TRUE
8/23/2026,823421,St. Louis Cardinals @ Philadelphia Phillies,Philadelphia Phillies,St. Louis Cardinals,pass,,64,0.6954,0.8908,0.9412,78,70,48,69,2.8,0.3481,0.3269,0.336,0.3079,8,TRUE
8/23/2026,824315,Cleveland Guardians @ Colorado Rockies,Cleveland Guardians,Colorado Rockies,pass,,63,0.7418,0.9836,0.4875,74,56,58,64,3.3,0.3135,0.3059,0.3015,0.3117,18,TRUE
8/23/2026,823745,Atlanta Braves @ Milwaukee Brewers,Milwaukee Brewers,Atlanta Braves,pass,,63,0.6785,0.857,0.7834,66,60,66,56,3.7,0.3214,0.2685,0.3253,0.2955,6,TRUE
8/23/2026,823099,Chicago Cubs @ Seattle Mariners,Chicago Cubs,Seattle Mariners,pass,,60,0.5326,0.5652,0.1963,71,70,65,83,3.4,0.3599,0.304,0.3486,0.2998,1,FALSE
8/23/2026,824799,Tampa Bay Rays @ Baltimore Orioles,Tampa Bay Rays,Baltimore Orioles,pass,,56,0.694,0.8881,0.8445,74,64,73,66,3.2,0.3287,0.3218,0.3209,0.3021,10,TRUE
8/23/2026,824150,Athletics @ Houston Astros,Houston Astros,Athletics,pass,,51,0.7356,0.9713,0.6378,61,42,84,74,5.3,0.2643,0.3306,0.3162,0.2982,19,TRUE
8/23/2026,823909,Pittsburgh Pirates @ Los Angeles Dodgers,Los Angeles Dodgers,Pittsburgh Pirates,pass,,49,0.6128,0.7256,0.6185,73,71,64,80,4.1,0.3053,0.2969,0.3153,0.2891,2,FALSE
8/23/2026,823827,Washington Nationals @ Miami Marlins,Washington Nationals,Miami Marlins,pass,,44,0.6455,0.7911,0.4295,68,61,60,88,5.1,0.291,0.3266,0.3082,0.3171,7,TRUE
8/23/2026,824071,Detroit Tigers @ Kansas City Royals,Detroit Tigers,Kansas City Royals,pass,,43,0.5904,0.6809,0.4357,75,70,48,65,7.7,0.295,0.3337,0.336,0.3109,5,TRUE
8/23/2026,822856,Los Angeles Angels @ Texas Rangers,Los Angeles Angels,Texas Rangers,pass,,42,0.5223,0.5446,,71,71,39,72,5,0.2821,0.2736,0.2782,0.2879,0,FALSE
8/23/2026,825043,Cincinnati Reds @ Arizona Diamondbacks,Cincinnati Reds,Arizona Diamondbacks,pass,,36,0.7154,0.9308,0.6378,60,47,69,84,3.7,0.2744,0.3492,0.2958,0.3315,13,TRUE
8/23/2026,824558,New York Mets @ Chicago White Sox,Chicago White Sox,New York Mets,pass,,32,0.5908,0.6816,0.5946,76,73,82,49,6.9,0.3434,0.3283,0.3216,0.3253,3,FALSE
8/23/2026,823507,Toronto Blue Jays @ New York Yankees,New York Yankees,Toronto Blue Jays,pass,,27,0.5361,0.5722,0.3366,68,68,62,62,4.1,0.3017,0.3189,0.2878,0.3099,0,FALSE
8/23/2026,823258,Minnesota Twins @ San Diego Padres,Minnesota Twins,San Diego Padres,pass,,25,0.5629,0.6258,0.8358,61,57,54,54,3.6,0.3164,0.3539,0.3094,0.3426,4,TRUE
8/24/2026,823992,Cleveland Guardians @ Los Angeles Angels,Cleveland Guardians,Los Angeles Angels,official_pick,,72,0.7284,0.9569,,81,49,51,37,3,0.3092,0.2881,0.3027,0.2758,32,TRUE
8/24/2026,824235,Tampa Bay Rays @ Detroit Tigers,Tampa Bay Rays,Detroit Tigers,watchlist,,71,0.7286,0.9571,0.6721,80,58,75,75,3.4,0.3348,0.2815,0.3159,0.3342,22,TRUE
8/24/2026,823097,Philadelphia Phillies @ Seattle Mariners,Philadelphia Phillies,Seattle Mariners,watchlist,,68,0.5905,0.6809,0.0272,80,76,44,96,3.3,0.3522,0.3034,0.3419,0.3001,4,TRUE
8/24/2026,822695,Colorado Rockies @ Washington Nationals,Washington Nationals,Colorado Rockies,watchlist,,67,0.7186,0.9372,0.4691,73,42,59,80,3.7,0.2928,0.2991,0.3123,0.3115,31,TRUE
8/24/2026,823183,Cincinnati Reds @ San Francisco Giants,Cincinnati Reds,San Francisco Giants,pass,,64,0.7347,0.9694,,79,26,62,62,3.3,0.2778,0.2829,0.2939,0.2917,53,TRUE
8/24/2026,825041,Chicago Cubs @ Arizona Diamondbacks,Chicago Cubs,Arizona Diamondbacks,pass,,63,0.6933,0.8866,0.157,61,47,86,87,3.5,0.3651,0.3535,0.353,0.3328,14,TRUE
8/24/2026,824964,Minnesota Twins @ Athletics,Minnesota Twins,Athletics,pass,,60,0.6994,0.8988,0.4022,55,45,59,100,3.3,0.3181,0.3288,0.3119,0.3007,10,TRUE
8/24/2026,823828,Boston Red Sox @ Miami Marlins,Boston Red Sox,Miami Marlins,pass,,55,0.5172,0.5345,,71,70,43,90,3.9,0.3432,0.3254,0.3508,0.3177,1,FALSE
8/24/2026,824557,Texas Rangers @ Chicago White Sox,Texas Rangers,Chicago White Sox,pass,,48,0.7214,0.9428,0.8624,57,33,73,94,4.2,0.2814,0.3467,0.2895,0.3232,24,TRUE
8/24/2026,823260,Pittsburgh Pirates @ San Diego Padres,Pittsburgh Pirates,San Diego Padres,pass,,10,0.5602,0.6204,0.7745,73,67,90,49,3,0.2819,0.3605,0.2911,0.3443,6,TRUE
8/25/2026,823826,Boston Red Sox @ Miami Marlins,Boston Red Sox,Miami Marlins,official_pick,,80,0.6995,0.8989,,78,63,56,82,3.4,0.351,0.3078,0.3572,0.3171,15,TRUE
8/25/2026,824962,Minnesota Twins @ Athletics,Minnesota Twins,Athletics,pass,,64,0.7195,0.9389,0.5492,65,52,64,100,3.4,0.3349,0.334,0.3197,0.3072,13,TRUE
8/25/2026,824881,Los Angeles Dodgers @ Atlanta Braves,Los Angeles Dodgers,Atlanta Braves,pass,,59,0.638,0.7761,0.3847,74,65,48,51,4,0.3168,0.2819,0.3142,0.2991,9,TRUE
8/25/2026,823259,Pittsburgh Pirates @ San Diego Padres,San Diego Padres,Pittsburgh Pirates,pass,,53,0.5284,0.5568,0.8324,70,70,68,85,3.3,0.3437,0.286,0.3391,0.2934,0,FALSE
8/25/2026,823016,Baltimore Orioles @ St. Louis Cardinals,St. Louis Cardinals,Baltimore Orioles,pass,,46,0.6218,0.7436,0.217,54,46,74,48,4,0.3151,0.3074,0.311,0.3022,8,TRUE
8/25/2026,823989,Cleveland Guardians @ Los Angeles Angels,Cleveland Guardians,Los Angeles Angels,pass,,45,0.5702,0.6404,,73,71,46,55,3.1,0.3127,0.284,0.3068,0.2719,2,FALSE
8/25/2026,825042,Chicago Cubs @ Arizona Diamondbacks,Chicago Cubs,Arizona Diamondbacks,pass,,45,0.5733,0.6465,0.2017,75,71,73,83,3.3,0.3589,0.3457,0.3509,0.3309,4,TRUE
8/25/2026,823585,Milwaukee Brewers @ New York Mets,Milwaukee Brewers,New York Mets,pass,,43,0.6339,0.7678,0.5274,79,71,67,60,4.2,0.3237,0.3283,0.3235,0.3315,8,TRUE
8/25/2026,823181,Cincinnati Reds @ San Francisco Giants,San Francisco Giants,Cincinnati Reds,pass,,42,0.5669,0.6339,0.5369,62,56,68,61,4.2,0.2963,0.2784,0.2899,0.2946,6,TRUE
8/25/2026,824556,Texas Rangers @ Chicago White Sox,Texas Rangers,Chicago White Sox,pass,,36,0.644,0.788,0.6725,72,63,61,93,3.7,0.2917,0.3317,0.2908,0.3233,9,TRUE
8/25/2026,824233,Tampa Bay Rays @ Detroit Tigers,Tampa Bay Rays,Detroit Tigers,pass,,36,0.5467,0.5934,0.6303,53,52,66,69,7.3,0.3316,0.2862,0.3153,0.3334,1,FALSE
8/25/2026,822773,Kansas City Royals @ Toronto Blue Jays,Toronto Blue Jays,Kansas City Royals,official_pick,,73,0.7289,0.9578,0.2943,60,56,63,53,3.4,0.3342,0.3239,0.3186,0.3059,23,TRUE
8/25/2026,823505,Houston Astros @ New York Yankees,New York Yankees,Houston Astros,pass,,31,0.5267,0.5535,0.5,59,60,53,77,4.1,0.2993,0.2809,0.2902,0.3182,1,FALSE
8/25/2026,822693,Colorado Rockies @ Washington Nationals,Colorado Rockies,Washington Nationals,pass,,30,0.5534,0.6068,0.3559,65,64,70,54,6,0.2963,0.292,0.3148,0.3105,1,FALSE
8/25/2026,823098,Philadelphia Phillies @ Seattle Mariners,Seattle Mariners,Philadelphia Phillies,pass,,30,0.6102,0.7204,0.0752,62,55,89,49,3.2,0.3237,0.3444,0.3114,0.3409,7,TRUE
2026-08-26,823825,Boston Red Sox @ Miami Marlins,Boston Red Sox,Miami Marlins,official_pick,,84,0.7071,0.9142,0.1478,75,59,68,99,3.2,0.3566,0.3084,0.3571,0.319,16,TRUE
2026-08-26,823988,Cleveland Guardians @ Los Angeles Angels,Cleveland Guardians,Los Angeles Angels,official_pick,,80,0.7306,0.9613,0.1919,62,40,91,76,4.2,0.3174,0.2969,0.3156,0.2754,22,TRUE
2026-08-26,823180,Cincinnati Reds @ San Francisco Giants,San Francisco Giants,Cincinnati Reds,official_pick,,72,0.7184,0.9367,,70,49,90,61,2.8,0.3026,0.2743,0.2922,0.291,21,TRUE
2026-08-26,824555,Texas Rangers @ Chicago White Sox,Chicago White Sox,Texas Rangers,official_pick,,72,0.6664,0.8327,0.8657,75,65,85,72,3.5,0.3403,0.3037,0.321,0.2978,10,TRUE
2026-08-26,824234,Tampa Bay Rays @ Detroit Tigers,Detroit Tigers,Tampa Bay Rays,watchlist,,65,0.7231,0.9463,0.7458,79,51,76,68,3,0.2886,0.3208,0.3335,0.3152,28,TRUE
2026-08-26,824878,Los Angeles Dodgers @ Atlanta Braves,Los Angeles Dodgers,Atlanta Braves,pass,,61,0.7209,0.9417,0.5741,61,34,43,44,3.7,0.3098,0.2726,0.3136,0.2965,27,TRUE
2026-08-26,822772,Kansas City Royals @ Toronto Blue Jays,Toronto Blue Jays,Kansas City Royals,pass,,60,0.6705,0.8409,0.4446,77,65,54,63,6,0.3279,0.3345,0.3083,0.3195,12,TRUE
2026-08-26,823506,Houston Astros @ New York Yankees,Houston Astros,New York Yankees,pass,,58,0.7177,0.9353,0.3461,68,39,78,61,3.4,0.2938,0.3079,0.3217,0.294,29,TRUE
2026-08-26,823255,Pittsburgh Pirates @ San Diego Padres,San Diego Padres,Pittsburgh Pirates,pass,,53,0.5724,0.6448,0.8252,61,58,66,92,3.9,0.3339,0.2852,0.3315,0.2874,3,FALSE
2026-08-26,824963,Minnesota Twins @ Athletics,Athletics,Minnesota Twins,pass,,53,0.6671,0.8343,0.5996,67,52,86,59,3.6,0.3313,0.3124,0.3069,0.3118,15,TRUE
2026-08-26,823096,Philadelphia Phillies @ Seattle Mariners,Philadelphia Phillies,Seattle Mariners,pass,,49,0.5821,0.6642,,75,70,45,65,3,0.3349,0.3215,0.332,0.306,5,TRUE
2026-08-26,823584,Milwaukee Brewers @ New York Mets,Milwaukee Brewers,New York Mets,pass,,45,0.7235,0.947,0.559,60,40,67,58,3.8,0.3234,0.3197,0.315,0.3305,20,TRUE
2026-08-26,825039,Chicago Cubs @ Arizona Diamondbacks,Arizona Diamondbacks,Chicago Cubs,pass,,44,0.6716,0.8431,0.5136,74,63,65,65,3,0.335,0.3548,0.3257,0.3484,11,TRUE
2026-08-26,822692,Colorado Rockies @ Washington Nationals,Colorado Rockies,Washington Nationals,pass,,43,0.7092,0.9183,0.3379,48,34,71,64,4.3,0.2983,0.2887,0.3164,0.2999,14,TRUE
2026-08-26,823015,Baltimore Orioles @ St. Louis Cardinals,St. Louis Cardinals,Baltimore Orioles,pass,,42,0.5541,0.6081,0.0888,68,63,81,41,3.5,0.312,0.3235,0.311,0.3126,5,TRUE
2026-08-27,823581,Milwaukee Brewers @ New York Mets,Milwaukee Brewers,New York Mets,watchlist,,71,0.7264,0.9529,,86,62,78,70,3,0.3328,0.3247,0.3225,0.3164,24,TRUE
2026-08-27,823503,Houston Astros @ New York Yankees,New York Yankees,Houston Astros,watchlist,,69,0.7301,0.9602,0.5554,77,59,54,83,3.2,0.3193,0.2951,0.2992,0.3205,18,TRUE
2026-08-27,822771,Kansas City Royals @ Toronto Blue Jays,Kansas City Royals,Toronto Blue Jays,pass,,61,0.678,0.856,0.3715,66,56,52,96,3.3,0.3351,0.3206,0.3149,0.3064,10,TRUE
2026-08-27,824879,Los Angeles Dodgers @ Atlanta Braves,Atlanta Braves,Los Angeles Dodgers,pass,,53,0.5753,0.6505,0.613,83,81,69,68,3.1,0.2881,0.3159,0.3055,0.3162,2,FALSE
2026-08-27,823014,Baltimore Orioles @ St. Louis Cardinals,St. Louis Cardinals,Baltimore Orioles,pass,,43,0.5058,0.5116,0.0964,68,65,78,43,4.5,0.3192,0.3257,0.3139,0.3119,3,FALSE
2026-08-27,823179,Arizona Diamondbacks @ San Francisco Giants,San Francisco Giants,Arizona Diamondbacks,pass,,34,0.7041,0.9081,0.5281,60,42,83,55,3.6,0.3139,0.3343,0.2989,0.3289,18,TRUE
2026-08-27,822694,Colorado Rockies @ Washington Nationals,Washington Nationals,Colorado Rockies,pass,,13,0.5703,0.6406,0.2542,49,42,96,62,4.2,0.2791,0.3201,0.2983,0.3262,7,TRUE
2026-08-28,823744,Texas Rangers @ Milwaukee Brewers,Milwaukee Brewers,Texas Rangers,official_pick,,81,0.7329,0.9659,,81,63,66,71,3.7,0.3439,0.3173,0.3213,0.2948,18,TRUE
2026-08-28,822691,Miami Marlins @ Washington Nationals,Miami Marlins,Washington Nationals,official_pick,,72,0.7326,0.9652,0.2693,74,25,76,100,3.4,0.3023,0.2843,0.3136,0.3013,49,TRUE
2026-08-28,824231,Los Angeles Dodgers @ Detroit Tigers,Los Angeles Dodgers,Detroit Tigers,watchlist,,71,0.7216,0.9431,0.2865,82,64,61,57,3,0.2992,0.2772,0.3077,0.3162,18,TRUE
2026-08-28,822769,Seattle Mariners @ Toronto Blue Jays,Toronto Blue Jays,Seattle Mariners,pass,,64,0.6135,0.727,0.5354,82,73,100,70,3,0.3177,0.3107,0.3069,0.2962,9,TRUE
2026-08-28,824396,Kansas City Royals @ Cleveland Guardians,Kansas City Royals,Cleveland Guardians,pass,,64,0.5546,0.6092,0.5758,71,67,49,70,2.7,0.3597,0.3101,0.3272,0.3218,4,TRUE
2026-08-28,824960,Baltimore Orioles @ Athletics,Baltimore Orioles,Athletics,pass,,52,0.7144,0.9288,0.1992,65,52,40,67,3.4,0.322,0.3434,0.3161,0.3113,13,TRUE
2026-08-28,823504,Boston Red Sox @ New York Yankees,New York Yankees,Boston Red Sox,pass,,46,0.7336,0.9672,,84,46,53,54,3.1,0.2977,0.3505,0.2978,0.3543,38,TRUE
2026-08-28,823583,Houston Astros @ New York Mets,New York Mets,Houston Astros,pass,,46,0.54,0.5801,0.5277,66,63,64,71,4.3,0.3112,0.3065,0.311,0.3206,3,FALSE
2026-08-28,822935,San Diego Padres @ Tampa Bay Rays,Tampa Bay Rays,San Diego Padres,pass,,46,0.5373,0.5746,,74,73,51,51,4.1,0.294,0.3226,0.3176,0.3266,1,FALSE
2026-08-28,823178,Arizona Diamondbacks @ San Francisco Giants,San Francisco Giants,Arizona Diamondbacks,pass,,46,0.719,0.938,0.4864,65,43,83,57,3.8,0.3216,0.3202,0.3009,0.3258,22,TRUE
2026-08-28,824638,Cincinnati Reds @ Chicago Cubs,Chicago Cubs,Cincinnati Reds,pass,,45,0.5212,0.5423,0.6847,51,51,52,61,3.9,0.3264,0.3009,0.3352,0.2993,0,FALSE
2026-08-28,823013,Pittsburgh Pirates @ St. Louis Cardinals,Pittsburgh Pirates,St. Louis Cardinals,pass,,40,0.7337,0.9674,0.5284,60,31,66,100,4.5,0.2932,0.3211,0.2818,0.3178,29,TRUE
2026-08-28,824877,Colorado Rockies @ Atlanta Braves,Atlanta Braves,Colorado Rockies,pass,,37,0.6632,0.8264,0.6834,64,56,50,60,4,0.2691,0.315,0.3024,0.3228,8,TRUE
2026-08-28,823985,Philadelphia Phillies @ Los Angeles Angels,Los Angeles Angels,Philadelphia Phillies,pass,,36,0.7139,0.9278,,74,46,66,39,3.3,0.2953,0.3489,0.2749,0.3375,28,TRUE
2026-08-28,823666,Chicago White Sox @ Minnesota Twins,Minnesota Twins,Chicago White Sox,pass,,26,0.538,0.576,0.2294,57,54,63,78,3.7,0.3128,0.3521,0.3107,0.3295,3,FALSE
2026-08-29,823986,Philadelphia Phillies @ Los Angeles Angels,Philadelphia Phillies,Los Angeles Angels,official_pick,,93,0.7347,0.9694,,77,45,38,65,2.8,0.3423,0.2794,0.3375,0.2696,32,TRUE
2026-08-29,823501,Boston Red Sox @ New York Yankees,Boston Red Sox,New York Yankees,value_watch,,90,0.6824,0.8647,,92,78,46,52,7.7,0.3423,0.2903,0.349,0.2924,14,TRUE
2026-08-29,823539,Boston Red Sox @ New York Yankees,Boston Red Sox,New York Yankees,watchlist,,73,0.5287,0.5574,,72,68,46,52,3.2,0.3449,0.3011,0.3504,0.2978,4,TRUE
2026-08-29,824392,Kansas City Royals @ Cleveland Guardians,Kansas City Royals,Cleveland Guardians,watchlist,,71,0.5213,0.5427,0.5656,76,74,37,63,6,0.3581,0.3125,0.3254,0.3142,2,FALSE
2026-08-29,824230,Los Angeles Dodgers @ Detroit Tigers,Los Angeles Dodgers,Detroit Tigers,pass,,63,0.5375,0.5749,0.3379,76,75,51,59,3.8,0.3092,0.2718,0.3082,0.314,1,FALSE
2026-08-29,824637,Cincinnati Reds @ Chicago Cubs,Chicago Cubs,Cincinnati Reds,pass,,63,0.6187,0.7374,0.7643,64,58,63,64,3.4,0.3471,0.3049,0.3421,0.3078,6,TRUE
2026-08-29,823582,Houston Astros @ New York Mets,New York Mets,Houston Astros,pass,,63,0.7208,0.9415,0.5722,73,33,58,70,3.3,0.3017,0.2995,0.3142,0.3149,40,TRUE
2026-08-29,822936,San Diego Padres @ Tampa Bay Rays,Tampa Bay Rays,San Diego Padres,pass,,60,0.7191,0.9382,0.2808,75,58,47,49,3.1,0.2997,0.3134,0.3218,0.3247,17,TRUE
2026-08-29,822770,Seattle Mariners @ Toronto Blue Jays,Toronto Blue Jays,Seattle Mariners,pass,,59,0.6646,0.8292,0.6062,67,55,89,68,3.4,0.3398,0.3116,0.3102,0.297,12,TRUE
2026-08-29,823177,Arizona Diamondbacks @ San Francisco Giants,San Francisco Giants,Arizona Diamondbacks,pass,,51,0.7201,0.9403,0.6038,73,47,78,69,6.2,0.3194,0.3267,0.292,0.3312,26,TRUE
2026-08-29,824961,Baltimore Orioles @ Athletics,Baltimore Orioles,Athletics,pass,,50,0.735,0.9701,0.1909,62,43,39,68,3.2,0.3151,0.3381,0.316,0.3103,19,TRUE
2026-08-29,824874,Colorado Rockies @ Atlanta Braves,Atlanta Braves,Colorado Rockies,pass,,49,0.735,0.9701,0.5554,69,47,51,64,4,0.2812,0.3167,0.3107,0.3272,22,TRUE
2026-08-29,823011,Pittsburgh Pirates @ St. Louis Cardinals,Pittsburgh Pirates,St. Louis Cardinals,pass,,48,0.647,0.794,0.649,77,70,59,100,6.7,0.2675,0.3186,0.2829,0.3186,7,TRUE
2026-08-29,822690,Miami Marlins @ Washington Nationals,Washington Nationals,Miami Marlins,pass,,47,0.5371,0.5741,,73,70,83,76,3.7,0.2885,0.3079,0.3051,0.3088,3,FALSE
2026-08-29,823741,Texas Rangers @ Milwaukee Brewers,Texas Rangers,Milwaukee Brewers,pass,,38,0.5464,0.5928,0.8481,73,66,69,58,4,0.3161,0.3489,0.2932,0.3248,7,TRUE
2026-08-29,823665,Chicago White Sox @ Minnesota Twins,Minnesota Twins,Chicago White Sox,pass,,32,0.5149,0.5297,0.2969,61,59,70,76,3.6,0.3214,0.3523,0.3192,0.333,2,FALSE
2026-08-29,823176,Arizona Diamondbacks @ San Francisco Giants,San Francisco Giants,Arizona Diamondbacks,pass,,18,0.5107,0.5215,0.4321,50,47,78,69,4.5,0.3125,0.3247,0.2892,0.33,3,FALSE
2026-08-30,823987,Philadelphia Phillies @ Los Angeles Angels,Philadelphia Phillies,Los Angeles Angels,official_pick,,92,0.7365,0.973,,75,40,44,77,3.3,0.3378,0.2675,0.3355,0.2663,35,TRUE
2026-08-30,823502,Boston Red Sox @ New York Yankees,Boston Red Sox,New York Yankees,official_pick,,76,0.6606,0.8212,,71,59,79,81,3.9,0.3416,0.2986,0.3469,0.2972,12,TRUE
2026-08-30,823662,Chicago White Sox @ Minnesota Twins,Chicago White Sox,Minnesota Twins,value_watch,,76,0.7321,0.9642,0.1883,84,58,75,70,8,0.3317,0.3123,0.3335,0.3184,26,TRUE
2026-08-30,824232,Los Angeles Dodgers @ Detroit Tigers,Los Angeles Dodgers,Detroit Tigers,official_pick,,72,0.7261,0.9523,0.3419,77,58,58,65,3.4,0.3016,0.267,0.3039,0.3134,19,TRUE
2026-08-30,823580,Houston Astros @ New York Mets,New York Mets,Houston Astros,watchlist,,69,0.7226,0.9452,0.6558,72,23,57,87,3.4,0.3052,0.2883,0.3194,0.3117,49,TRUE
2026-08-30,822933,San Diego Padres @ Tampa Bay Rays,Tampa Bay Rays,San Diego Padres,watchlist,,67,0.7,0.9,0.514,80,67,54,47,3.4,0.3068,0.3032,0.323,0.3274,13,TRUE
2026-08-30,823740,Texas Rangers @ Milwaukee Brewers,Milwaukee Brewers,Texas Rangers,pass,,58,0.6269,0.7538,,61,58,57,65,4,0.3543,0.3232,0.3245,0.2983,3,FALSE
2026-08-30,822766,Seattle Mariners @ Toronto Blue Jays,Seattle Mariners,Toronto Blue Jays,pass,,56,0.7299,0.9598,0.5567,76,33,69,77,3,0.3027,0.336,0.2954,0.3088,43,TRUE
2026-08-30,824393,Kansas City Royals @ Cleveland Guardians,Cleveland Guardians,Kansas City Royals,pass,,53,0.7271,0.9542,0.4587,81,57,65,48,3,0.3035,0.3573,0.3113,0.3275,24,TRUE
2026-08-30,822688,Miami Marlins @ Washington Nationals,Miami Marlins,Washington Nationals,pass,,50,0.5035,0.5071,0.3724,62,63,71,89,3.9,0.3153,0.2916,0.3066,0.3014,1,FALSE
2026-08-30,823010,Pittsburgh Pirates @ St. Louis Cardinals,Pittsburgh Pirates,St. Louis Cardinals,pass,,48,0.7331,0.9663,0.4716,74,51,79,100,3,0.2686,0.3204,0.2868,0.3146,23,TRUE
2026-08-30,824876,Colorado Rockies @ Atlanta Braves,Atlanta Braves,Colorado Rockies,pass,,37,0.5589,0.6178,0.5271,61,62,50,77,3.6,0.2921,0.3137,0.3109,0.3255,1,FALSE
2026-08-30,824636,Cincinnati Reds @ Chicago Cubs,Cincinnati Reds,Chicago Cubs,pass,,32,0.5803,0.6606,0.7661,77,71,85,58,3.4,0.308,0.3753,0.3052,0.3544,6,TRUE
2026-08-30,824959,Baltimore Orioles @ Athletics,Baltimore Orioles,Athletics,pass,,31,0.6545,0.8091,0.1503,50,44,73,72,4.1,0.3078,0.3317,0.3153,0.3119,6,TRUE
2026-08-31,824719,Seattle Mariners @ Boston Red Sox,Boston Red Sox,Seattle Mariners,official_pick,,83,0.6948,0.8896,0.8185,77,64,87,53,3.3,0.334,0.2812,0.3427,0.2906,13,TRUE
2026-08-31,823663,Detroit Tigers @ Minnesota Twins,Minnesota Twins,Detroit Tigers,pass,,64,0.6212,0.7425,0.6748,65,56,50,51,3.3,0.3135,0.2564,0.3188,0.2999,9,TRUE
2026-08-31,824473,San Diego Padres @ Cincinnati Reds,San Diego Padres,Cincinnati Reds,pass,,60,0.7167,0.9333,0.2073,71,56,76,79,3.2,0.3046,0.3172,0.3185,0.3036,15,TRUE
2026-08-31,822932,New York Mets @ Tampa Bay Rays,Tampa Bay Rays,New York Mets,pass,,58,0.7314,0.9629,0.6871,68,27,63,57,4.3,0.3034,0.2995,0.3246,0.3209,41,TRUE
2026-08-31,824635,Milwaukee Brewers @ Chicago Cubs,Milwaukee Brewers,Chicago Cubs,pass,,49,0.5529,0.6057,0.6601,79,76,58,65,4.1,0.358,0.3751,0.3216,0.3584,3,FALSE
2026-08-31,822855,Athletics @ Texas Rangers,Texas Rangers,Athletics,pass,,49,0.6818,0.8636,0.3831,68,55,77,67,3.8,0.3258,0.3328,0.3022,0.3169,13,TRUE
2026-08-31,824911,San Francisco Giants @ Atlanta Braves,San Francisco Giants,Atlanta Braves,pass,,47,0.5018,0.5037,0.5679,70,65,72,48,4.5,0.3104,0.2996,0.2944,0.3074,5,TRUE
2026-08-31,822689,Miami Marlins @ Washington Nationals,Washington Nationals,Miami Marlins,pass,,47,0.618,0.736,0.3318,69,61,88,75,4.5,0.2878,0.2987,0.299,0.3048,8,TRUE
2026-08-31,825040,Philadelphia Phillies @ Arizona Diamondbacks,Arizona Diamondbacks,Philadelphia Phillies,pass,,47,0.6976,0.8953,0.2891,70,56,75,43,3,0.3073,0.3347,0.3308,0.339,14,TRUE
2026-08-31,824149,Chicago White Sox @ Houston Astros,Houston Astros,Chicago White Sox,pass,,39,0.5939,0.6878,0.2739,67,61,77,90,3.4,0.2899,0.3223,0.3024,0.3268,6,TRUE
2026-08-31,823982,New York Yankees @ Los Angeles Angels,Los Angeles Angels,New York Yankees,pass,,36,0.7126,0.9252,,69,46,71,75,3.8,0.271,0.3322,0.2699,0.3122,23,TRUE
2026-08-31,824314,Baltimore Orioles @ Colorado Rockies,Baltimore Orioles,Colorado Rockies,pass,,32,0.5892,0.6784,0.2844,53,52,65,72,4.5,0.3111,0.3167,0.3145,0.3264,1,FALSE
2026-09-01,823984,New York Yankees @ Los Angeles Angels,New York Yankees,Los Angeles Angels,official_pick,,79,0.7343,0.9687,,77,43,75,63,3.2,0.3286,0.2942,0.3099,0.2783,34,TRUE
2026-09-01,824148,Chicago White Sox @ Houston Astros,Chicago White Sox,Houston Astros,official_pick,,75,0.728,0.9561,0.1034,73,35,74,88,3.6,0.3168,0.2907,0.3312,0.3007,38,TRUE
2026-09-01,824070,Miami Marlins @ Kansas City Royals,Kansas City Royals,Miami Marlins,watchlist,,72,0.6042,0.7083,0.8218,67,63,44,71,3.8,0.3696,0.2963,0.3226,0.3026,4,TRUE
2026-09-01,824633,Milwaukee Brewers @ Chicago Cubs,Chicago Cubs,Milwaukee Brewers,watchlist,,69,0.6078,0.7155,0.682,65,60,65,66,3.3,0.4083,0.359,0.3738,0.324,5,TRUE
2026-09-01,825038,Philadelphia Phillies @ Arizona Diamondbacks,Philadelphia Phillies,Arizona Diamondbacks,pass,,63,0.5113,0.5226,0.1272,76,75,70,61,3,0.3289,0.3082,0.337,0.3221,1,FALSE
2026-09-01,824391,Toronto Blue Jays @ Cleveland Guardians,Toronto Blue Jays,Cleveland Guardians,pass,,61,0.5648,0.6296,0.6552,76,71,57,57,6,0.35,0.3211,0.31,0.3167,5,TRUE
2026-09-01,824472,San Diego Padres @ Cincinnati Reds,San Diego Padres,Cincinnati Reds,pass,,52,0.718,0.9361,0.1331,63,48,68,81,3.9,0.2986,0.3164,0.3185,0.305,15,TRUE
2026-09-01,824313,Baltimore Orioles @ Colorado Rockies,Baltimore Orioles,Colorado Rockies,pass,,49,0.7365,0.9731,0.2201,60,40,60,62,3.5,0.3033,0.3065,0.3177,0.3175,20,TRUE
2026-09-01,822854,Athletics @ Texas Rangers,Texas Rangers,Athletics,pass,,46,0.5439,0.5878,0.2091,63,60,70,56,3.7,0.3318,0.3097,0.3039,0.3069,3,FALSE
2026-09-01,823661,Detroit Tigers @ Minnesota Twins,Detroit Tigers,Minnesota Twins,pass,,45,0.7305,0.961,,80,49,56,35,2.9,0.2507,0.3249,0.2925,0.3248,31,TRUE
2026-09-01,823908,St. Louis Cardinals @ Los Angeles Dodgers,St. Louis Cardinals,Los Angeles Dodgers,pass,,42,0.5664,0.6328,0.3973,65,58,77,52,3.5,0.2981,0.3155,0.3162,0.3041,7,TRUE
2026-09-01,823340,San Francisco Giants @ Pittsburgh Pirates,Pittsburgh Pirates,San Francisco Giants,pass,,41,0.5445,0.589,,72,70,69,70,3.6,0.2717,0.3136,0.2863,0.2955,2,FALSE
2026-09-01,822929,New York Mets @ Tampa Bay Rays,New York Mets,Tampa Bay Rays,pass,,39,0.5766,0.6533,0.6396,60,54,64,63,3.3,0.2929,0.3009,0.3235,0.3262,6,TRUE
2026-09-01,822687,Atlanta Braves @ Washington Nationals,Washington Nationals,Atlanta Braves,pass,,34,0.6802,0.8605,0.2022,49,36,91,56,4.2,0.3,0.2975,0.3059,0.3017,13,TRUE
2026-09-01,824716,Seattle Mariners @ Boston Red Sox,Seattle Mariners,Boston Red Sox,pass,,33,0.7208,0.9415,0.7012,68,22,78,85,3.3,0.2829,0.3466,0.2948,0.3489,46,TRUE
2026-09-02,823983,New York Yankees @ Los Angeles Angels,New York Yankees,Los Angeles Angels,official_pick,,84,0.6903,0.8806,,84,74,64,70,3.2,0.3349,0.2933,0.3186,0.2806,10,TRUE
2026-09-02,824390,Toronto Blue Jays @ Cleveland Guardians,Toronto Blue Jays,Cleveland Guardians,watchlist,,66,0.7178,0.9356,0.6452,82,62,76,47,3,0.3353,0.3256,0.3082,0.3184,20,TRUE
2026-09-02,823906,St. Louis Cardinals @ Los Angeles Dodgers,Los Angeles Dodgers,St. Louis Cardinals,pass,,64,0.7326,0.9652,0.5,82,32,65,71,2.4,0.3033,0.3116,0.3059,0.3258,50,TRUE
2026-09-02,824470,San Diego Padres @ Cincinnati Reds,San Diego Padres,Cincinnati Reds,pass,,63,0.7326,0.9651,,71,36,63,75,,0.3069,0.32,0.3208,0.2998,35,TRUE
2026-09-02,825037,Philadelphia Phillies @ Arizona Diamondbacks,Arizona Diamondbacks,Philadelphia Phillies,pass,,60,0.7258,0.9516,0.2448,77,47,64,52,4.5,0.3127,0.3271,0.3247,0.3337,30,TRUE
2026-09-02,822931,New York Mets @ Tampa Bay Rays,Tampa Bay Rays,New York Mets,pass,,60,0.7307,0.9613,0.676,69,50,61,56,4.4,0.298,0.2924,0.3294,0.3224,19,TRUE
2026-09-02,824634,Milwaukee Brewers @ Chicago Cubs,Milwaukee Brewers,Chicago Cubs,pass,,53,0.7222,0.9443,0.5349,86,51,72,66,3,0.3653,0.3935,0.3315,0.3743,35,TRUE
2026-09-02,822686,Atlanta Braves @ Washington Nationals,Washington Nationals,Atlanta Braves,pass,,47,0.5545,0.609,,67,64,91,60,,0.304,0.2991,0.3108,0.2997,3,FALSE
2026-09-02,824312,Baltimore Orioles @ Colorado Rockies,Baltimore Orioles,Colorado Rockies,pass,,46,0.6917,0.8833,0.0808,63,53,55,75,3.5,0.2919,0.3187,0.3184,0.3185,10,TRUE
2026-09-02,823339,San Francisco Giants @ Pittsburgh Pirates,San Francisco Giants,Pittsburgh Pirates,pass,,46,0.5207,0.5414,0.5,61,59,100,76,3.6,0.3269,0.2947,0.303,0.2985,2,FALSE
2026-09-02,822851,Athletics @ Texas Rangers,Texas Rangers,Athletics,pass,,43,0.5525,0.6051,,57,54,71,77,,0.3363,0.3102,0.3092,0.3124,3,FALSE
2026-09-02,824717,Seattle Mariners @ Boston Red Sox,Seattle Mariners,Boston Red Sox,pass,,41,0.7204,0.9408,0.8412,69,50,82,96,3.4,0.2982,0.3363,0.2979,0.3468,19,TRUE
2026-09-02,824068,Miami Marlins @ Kansas City Royals,Miami Marlins,Kansas City Royals,pass,,33,0.5835,0.6669,0.7331,72,66,76,39,3.6,0.2906,0.3571,0.3075,0.3248,6,TRUE
2026-09-02,823660,Detroit Tigers @ Minnesota Twins,Detroit Tigers,Minnesota Twins,pass,,25,0.6769,0.8538,0.8808,64,53,68,61,4.8,0.2349,0.3384,0.2852,0.33,11,TRUE
2026-09-02,824147,Chicago White Sox @ Houston Astros,Houston Astros,Chicago White Sox,pass,,25,0.5093,0.5185,,63,61,88,63,3.6,0.2866,0.3197,0.29,0.3302,2,FALSE
2026-09-03,824069,Miami Marlins @ Kansas City Royals,Kansas City Royals,Miami Marlins,watchlist,,71,0.5822,0.6644,0.5395,73,69,48,80,2.7,0.3607,0.306,0.3277,0.3129,4,TRUE
2026-09-03,824796,Boston Red Sox @ Baltimore Orioles,Boston Red Sox,Baltimore Orioles,watchlist,,71,0.6369,0.7737,0.5698,75,66,96,67,3.1,0.33,0.2936,0.348,0.3152,9,TRUE
2026-09-03,823907,St. Louis Cardinals @ Los Angeles Dodgers,Los Angeles Dodgers,St. Louis Cardinals,watchlist,,70,0.7324,0.9649,0.5,82,47,59,100,3,0.3097,0.3149,0.3096,0.3168,35,TRUE
2026-09-03,822853,Tampa Bay Rays @ Texas Rangers,Texas Rangers,Tampa Bay Rays,pass,,60,0.5116,0.5231,0.4453,74,73,73,74,3.9,0.3315,0.2937,0.3105,0.3219,1,FALSE
2026-09-03,824632,Milwaukee Brewers @ Chicago Cubs,Milwaukee Brewers,Chicago Cubs,pass,,53,0.7221,0.9441,0.5698,82,62,99,87,3.5,0.3517,0.3898,0.3374,0.3673,20,TRUE
2026-09-03,823337,San Francisco Giants @ Pittsburgh Pirates,Pittsburgh Pirates,San Francisco Giants,pass,,52,0.6857,0.8714,,70,58,80,99,,0.2931,0.3221,0.298,0.3006,12,TRUE
2026-09-03,824388,Toronto Blue Jays @ Cleveland Guardians,Cleveland Guardians,Toronto Blue Jays,pass,,47,0.5389,0.5778,,68,67,53,72,,0.3125,0.3271,0.3146,0.314,1,FALSE
2026-09-03,824144,Chicago White Sox @ Houston Astros,Houston Astros,Chicago White Sox,pass,,41,0.6918,0.8837,,66,52,65,54,,0.2922,0.31,0.2892,0.3259,14,TRUE
2026-09-03,823095,Athletics @ Seattle Mariners,Seattle Mariners,Athletics,pass,,24,0.6237,0.7473,0.1967,53,44,91,67,4,0.3074,0.334,0.3003,0.3214,9,TRUE
2026-09-04,824387,Detroit Tigers @ Cleveland Guardians,Cleveland Guardians,Detroit Tigers,value_watch,,85,0.7275,0.955,0.837,74,40,67,87,3.3,0.3218,0.2566,0.3149,0.2836,34,TRUE
2026-09-04,824424,Detroit Tigers @ Cleveland Guardians,Cleveland Guardians,Detroit Tigers,watchlist,,79,0.5255,0.5509,0.8791,76,75,67,87,6,0.3183,0.2505,0.313,0.282,1,FALSE
2026-09-04,823824,Chicago Cubs @ Miami Marlins,Chicago Cubs,Miami Marlins,official_pick,,77,0.6165,0.733,0.3001,69,62,79,76,3.4,0.3934,0.3104,0.3626,0.3133,7,TRUE
2026-09-04,823256,New York Yankees @ San Diego Padres,New York Yankees,San Diego Padres,official_pick,,75,0.7298,0.9596,0.4433,78,57,51,67,3.4,0.337,0.299,0.3138,0.32,21,TRUE
2026-09-04,824067,Toronto Blue Jays @ Kansas City Royals,Kansas City Royals,Toronto Blue Jays,watchlist,,72,0.7261,0.9522,0.7261,76,50,61,58,6,0.3589,0.3325,0.3291,0.3192,26,TRUE
2026-09-04,823905,Washington Nationals @ Los Angeles Dodgers,Los Angeles Dodgers,Washington Nationals,watchlist,,70,0.7315,0.963,0.6666,77,35,63,85,3.8,0.3074,0.2994,0.3126,0.3115,42,TRUE
2026-09-04,823579,San Francisco Giants @ New York Mets,New York Mets,San Francisco Giants,watchlist,,67,0.7034,0.9068,0.7531,75,59,59,100,3.2,0.304,0.3252,0.3245,0.2994,16,TRUE
2026-09-04,824797,Boston Red Sox @ Baltimore Orioles,Boston Red Sox,Baltimore Orioles,pass,,62,0.5993,0.6986,0.653,68,62,84,73,3.8,0.3328,0.2946,0.3417,0.3175,6,TRUE
2026-09-04,824471,Milwaukee Brewers @ Cincinnati Reds,Milwaukee Brewers,Cincinnati Reds,pass,,61,0.7062,0.9124,0.2399,66,52,79,71,3.8,0.3463,0.3381,0.332,0.3026,14,TRUE
2026-09-04,823418,Atlanta Braves @ Philadelphia Phillies,Atlanta Braves,Philadelphia Phillies,pass,,56,0.5562,0.6125,0.8333,84,79,61,44,3,0.3203,0.3137,0.3051,0.3271,5,TRUE
2026-09-04,824311,St. Louis Cardinals @ Colorado Rockies,St. Louis Cardinals,Colorado Rockies,pass,,54,0.7316,0.9632,0.2723,67,44,100,72,3.3,0.3127,0.3172,0.3205,0.312,23,TRUE
2026-09-04,823093,Athletics @ Seattle Mariners,Seattle Mariners,Athletics,pass,,51,0.7206,0.9412,0.3027,75,27,86,79,3.1,0.3072,0.3433,0.3056,0.3277,48,TRUE
2026-09-04,822852,Tampa Bay Rays @ Texas Rangers,Tampa Bay Rays,Texas Rangers,pass,,51,0.7098,0.9196,0.3532,75,59,65,63,3.1,0.2823,0.3457,0.3162,0.3118,16,TRUE
2026-09-04,823338,Los Angeles Angels @ Pittsburgh Pirates,Pittsburgh Pirates,Los Angeles Angels,pass,,47,0.6846,0.8693,,59,47,91,67,4.5,0.2855,0.2907,0.2994,0.2759,12,TRUE
2026-09-04,824554,Minnesota Twins @ Chicago White Sox,Minnesota Twins,Chicago White Sox,pass,,46,0.5113,0.5226,0.5507,61,59,71,52,3.1,0.3308,0.3029,0.3285,0.3248,2,FALSE
2026-09-04,824146,Arizona Diamondbacks @ Houston Astros,Arizona Diamondbacks,Houston Astros,pass,,34,0.5063,0.5125,0.2504,50,49,77,68,3.3,0.2937,0.2995,0.3191,0.2878,1,FALSE
2026-09-05,824389,Detroit Tigers @ Cleveland Guardians,Cleveland Guardians,Detroit Tigers,official_pick,,94,0.726,0.952,,81,58,90,83,3,0.3238,0.2564,0.3156,0.2837,23,TRUE
2026-09-05,823823,Chicago Cubs @ Miami Marlins,Chicago Cubs,Miami Marlins,official_pick,,81,0.636,0.7719,0.3221,70,62,65,76,3.8,0.3892,0.3019,0.3582,0.3145,8,TRUE
2026-09-05,824795,Boston Red Sox @ Baltimore Orioles,Boston Red Sox,Baltimore Orioles,official_pick,,79,0.7263,0.9525,0.5927,75,48,89,62,3.3,0.3267,0.2965,0.3389,0.3127,27,TRUE
2026-09-05,823335,Los Angeles Angels @ Pittsburgh Pirates,Pittsburgh Pirates,Los Angeles Angels,value_watch,,75,0.7302,0.9605,,73,46,84,56,3.1,0.2838,0.2613,0.3015,0.2758,27,TRUE
2026-09-05,823904,Washington Nationals @ Los Angeles Dodgers,Los Angeles Dodgers,Washington Nationals,watchlist,,65,0.6124,0.7248,0.6253,79,74,69,75,3.3,0.3049,0.3117,0.3074,0.3094,5,TRUE
2026-09-05,822850,Tampa Bay Rays @ Texas Rangers,Tampa Bay Rays,Texas Rangers,pass,,64,0.6651,0.8301,0.3698,80,71,62,91,3.4,0.3016,0.3462,0.3204,0.3097,9,TRUE
2026-09-05,824145,Arizona Diamondbacks @ Houston Astros,Arizona Diamondbacks,Houston Astros,pass,,64,0.7255,0.951,,70,34,63,79,3,0.2913,0.3002,0.3119,0.2866,36,TRUE
2026-09-05,823419,Atlanta Braves @ Philadelphia Phillies,Philadelphia Phillies,Atlanta Braves,pass,,63,0.6051,0.7101,0.8165,75,70,46,52,3.3,0.3105,0.3252,0.3283,0.305,5,TRUE
2026-09-05,823577,San Francisco Giants @ New York Mets,New York Mets,San Francisco Giants,pass,,57,0.5863,0.6727,0.487,72,67,62,96,3.4,0.3149,0.3347,0.3284,0.3048,5,TRUE
2026-09-05,823257,New York Yankees @ San Diego Padres,New York Yankees,San Diego Padres,pass,,53,0.537,0.5741,0.6539,68,67,52,64,4.1,0.3255,0.2959,0.3121,0.3213,1,FALSE
2026-09-05,824553,Minnesota Twins @ Chicago White Sox,Minnesota Twins,Chicago White Sox,pass,,51,0.5749,0.6499,0.487,66,60,60,54,3.3,0.3279,0.3163,0.3332,0.3287,6,TRUE
2026-09-05,824468,Milwaukee Brewers @ Cincinnati Reds,Milwaukee Brewers,Cincinnati Reds,pass,,47,0.601,0.702,0.2253,59,55,77,71,4.1,0.3465,0.341,0.3358,0.3062,4,TRUE
2026-09-05,824310,St. Louis Cardinals @ Colorado Rockies,Colorado Rockies,St. Louis Cardinals,pass,,46,0.6248,0.7496,0.5643,61,52,67,100,4.5,0.3237,0.3115,0.3193,0.3209,9,TRUE
2026-09-05,824066,Toronto Blue Jays @ Kansas City Royals,Kansas City Royals,Toronto Blue Jays,pass,,40,0.6532,0.8064,0.6158,54,44,62,77,3.5,0.348,0.3317,0.3302,0.3251,10,TRUE
2026-09-05,823094,Athletics @ Seattle Mariners,Seattle Mariners,Athletics,pass,,35,0.714,0.928,0.2918,62,43,79,85,3.1,0.3148,0.3527,0.3067,0.3361,19,TRUE
2026-09-06,823822,Chicago Cubs @ Miami Marlins,Chicago Cubs,Miami Marlins,official_pick,,93,0.68,0.8601,0.2064,77,65,68,76,3.2,0.3905,0.3074,0.3671,0.3169,12,TRUE
2026-09-06,824385,Detroit Tigers @ Cleveland Guardians,Cleveland Guardians,Detroit Tigers,official_pick,,80,0.7244,0.9488,,73,50,73,82,3.2,0.3049,0.2631,0.3107,0.2799,23,TRUE
2026-09-06,824794,Boston Red Sox @ Baltimore Orioles,Boston Red Sox,Baltimore Orioles,official_pick,,76,0.7079,0.9158,0.6901,75,60,77,58,3.3,0.316,0.2899,0.3342,0.3112,15,TRUE
2026-09-06,823578,San Francisco Giants @ New York Mets,San Francisco Giants,New York Mets,watchlist,,74,0.6896,0.8792,0.5129,77,65,90,71,4.5,0.346,0.3122,0.3113,0.3152,12,TRUE
2026-09-06,823253,New York Yankees @ San Diego Padres,New York Yankees,San Diego Padres,watchlist,,68,0.5765,0.6531,0.3847,75,72,50,69,3.2,0.3308,0.2858,0.3129,0.3158,3,FALSE
2026-09-06,824469,Milwaukee Brewers @ Cincinnati Reds,Milwaukee Brewers,Cincinnati Reds,watchlist,,66,0.7187,0.9373,0.4868,72,55,81,79,4.1,0.3465,0.3581,0.3351,0.3057,17,TRUE
2026-09-06,824142,Arizona Diamondbacks @ Houston Astros,Arizona Diamondbacks,Houston Astros,pass,,61,0.6091,0.7183,,73,67,53,91,3,0.277,0.2926,0.3133,0.2856,6,TRUE
2026-09-06,824309,St. Louis Cardinals @ Colorado Rockies,St. Louis Cardinals,Colorado Rockies,pass,,58,0.7177,0.9354,0.3697,70,54,100,79,4,0.3172,0.33,0.324,0.3207,16,TRUE
2026-09-06,824552,Minnesota Twins @ Chicago White Sox,Chicago White Sox,Minnesota Twins,pass,,58,0.6954,0.8909,0.5541,75,62,58,57,7.9,0.3106,0.3392,0.3267,0.3324,13,TRUE
2026-09-06,823903,Washington Nationals @ Los Angeles Dodgers,Los Angeles Dodgers,Washington Nationals,pass,,55,0.6226,0.7452,0.4746,71,66,70,76,2.9,0.3069,0.3136,0.3073,0.3094,5,TRUE
2026-09-06,824065,Toronto Blue Jays @ Kansas City Royals,Kansas City Royals,Toronto Blue Jays,pass,,52,0.642,0.784,0.324,66,56,63,67,3.7,0.3351,0.3333,0.3319,0.3274,10,TRUE
2026-09-06,822848,Tampa Bay Rays @ Texas Rangers,Tampa Bay Rays,Texas Rangers,pass,,51,0.6269,0.7537,0.3889,69,63,79,99,4.2,0.3091,0.3409,0.3218,0.3065,6,TRUE
2026-09-06,823336,Los Angeles Angels @ Pittsburgh Pirates,Los Angeles Angels,Pittsburgh Pirates,pass,,45,0.5044,0.5088,,71,70,66,81,3.7,0.2762,0.2872,0.2764,0.3023,1,FALSE
2026-09-06,823417,Atlanta Braves @ Philadelphia Phillies,Atlanta Braves,Philadelphia Phillies,pass,,41,0.5766,0.6533,0.767,63,57,52,43,3.6,0.3237,0.3082,0.2946,0.3227,6,TRUE
2026-09-06,823091,Athletics @ Seattle Mariners,Seattle Mariners,Athletics,pass,,41,0.7053,0.9106,0.1887,69,51,69,85,3.3,0.3136,0.3627,0.3064,0.3373,18,TRUE
2026-09-07,823902,Cincinnati Reds @ Los Angeles Dodgers,Cincinnati Reds,Los Angeles Dodgers,official_pick,,77,0.714,0.9279,0.2022,77,57,86,75,3.4,0.3514,0.3119,0.3103,0.3101,20,TRUE
2026-09-07,823415,Atlanta Braves @ Philadelphia Phillies,Philadelphia Phillies,Atlanta Braves,watchlist,,71,0.6988,0.8976,,79,66,53,50,,0.2907,0.3193,0.3196,0.2924,13,TRUE
2026-09-07,824958,Toronto Blue Jays @ Athletics,Toronto Blue Jays,Athletics,watchlist,,67,0.7366,0.9732,0.5262,82,54,60,77,3,0.3237,0.3457,0.3249,0.3363,28,TRUE
2026-09-07,824715,Los Angeles Angels @ Boston Red Sox,Boston Red Sox,Los Angeles Angels,pass,,58,0.6958,0.8917,,53,40,64,46,,0.319,0.2701,0.33,0.274,13,TRUE
2026-09-07,823742,Chicago Cubs @ Milwaukee Brewers,Chicago Cubs,Milwaukee Brewers,pass,,58,0.5186,0.5372,,65,62,68,94,,0.3819,0.3468,0.3637,0.3346,3,FALSE
2026-09-07,823820,New York Mets @ Miami Marlins,Miami Marlins,New York Mets,pass,,57,0.7221,0.9443,,66,47,81,66,,0.3154,0.3055,0.3203,0.3192,19,TRUE
2026-09-07,824793,Cleveland Guardians @ Baltimore Orioles,Baltimore Orioles,Cleveland Guardians,pass,,45,0.5853,0.6707,,65,59,61,66,,0.2929,0.3048,0.313,0.3073,6,TRUE
2026-09-07,824229,Minnesota Twins @ Detroit Tigers,Detroit Tigers,Minnesota Twins,pass,,44,0.6114,0.7228,,79,72,80,73,,0.263,0.3253,0.2758,0.3235,7,TRUE
2026-09-07,824062,Arizona Diamondbacks @ Kansas City Royals,Arizona Diamondbacks,Kansas City Royals,pass,,43,0.6441,0.7883,,74,66,79,81,,0.2712,0.3388,0.3102,0.3338,8,TRUE
2026-09-07,823254,Washington Nationals @ San Diego Padres,San Diego Padres,Washington Nationals,pass,,43,0.6966,0.8931,0.71,64,50,60,75,5,0.2863,0.3277,0.3166,0.3114,14,TRUE
2026-09-07,823175,St. Louis Cardinals @ San Francisco Giants,San Francisco Giants,St. Louis Cardinals,pass,,43,0.5145,0.529,0.28,66,64,92,100,3,0.3352,0.3305,0.3066,0.3289,2,FALSE
2026-09-08,824063,Arizona Diamondbacks @ Kansas City Royals,Kansas City Royals,Arizona Diamondbacks,value_watch,,82,0.7221,0.9442,0.4321,73,50,77,92,2.7,0.33,0.2667,0.3301,0.3101,23,TRUE
2026-09-08,824551,Pittsburgh Pirates @ Chicago White Sox,Chicago White Sox,Pittsburgh Pirates,official_pick,,80,0.7141,0.9282,,74,58,68,64,3.6,0.3221,0.2952,0.3335,0.2885,16,TRUE
2026-09-08,823092,Texas Rangers @ Seattle Mariners,Texas Rangers,Seattle Mariners,official_pick,,76,0.6369,0.7739,0.5135,76,69,96,50,3.7,0.3585,0.3098,0.3159,0.3066,7,TRUE
2026-09-08,823500,Colorado Rockies @ New York Yankees,New York Yankees,Colorado Rockies,watchlist,,70,0.7345,0.9689,0.6922,84,43,37,80,3.1,0.3251,0.3382,0.3096,0.3185,41,TRUE
2026-09-08,823901,Cincinnati Reds @ Los Angeles Dodgers,Los Angeles Dodgers,Cincinnati Reds,watchlist,,66,0.7363,0.9727,0.7137,82,50,68,84,3,0.3111,0.3487,0.3104,0.3118,32,TRUE
2026-09-08,823738,Chicago Cubs @ Milwaukee Brewers,Milwaukee Brewers,Chicago Cubs,pass,,62,0.7319,0.9639,0.3697,85,48,86,54,3,0.3449,0.3691,0.3356,0.3672,37,TRUE
2026-09-08,823414,Houston Astros @ Philadelphia Phillies,Houston Astros,Philadelphia Phillies,pass,,55,0.7139,0.9278,0.7359,71,52,64,43,3.3,0.2951,0.2863,0.2808,0.3204,19,TRUE
2026-09-08,823821,New York Mets @ Miami Marlins,Miami Marlins,New York Mets,pass,,54,0.6636,0.8272,0.5547,69,58,91,61,2.5,0.3107,0.3103,0.3169,0.326,11,TRUE
2026-09-08,823250,Washington Nationals @ San Diego Padres,San Diego Padres,Washington Nationals,pass,,54,0.7247,0.9495,0.8241,71,31,83,67,3.8,0.2765,0.3256,0.3192,0.3051,40,TRUE
2026-09-08,824957,Toronto Blue Jays @ Athletics,Toronto Blue Jays,Athletics,pass,,54,0.7347,0.9695,0.6027,66,43,56,67,3.4,0.3355,0.3366,0.326,0.3327,23,TRUE
2026-09-08,824875,Tampa Bay Rays @ Atlanta Braves,Tampa Bay Rays,Atlanta Braves,pass,,47,0.7104,0.9209,0.2643,56,27,77,41,3.8,0.3118,0.3143,0.3221,0.2917,29,TRUE
2026-09-08,824714,Los Angeles Angels @ Boston Red Sox,Los Angeles Angels,Boston Red Sox,pass,,46,0.7217,0.9434,,75,48,49,60,3.2,0.2633,0.3119,0.2762,0.329,27,TRUE
2026-09-08,823174,St. Louis Cardinals @ San Francisco Giants,San Francisco Giants,St. Louis Cardinals,pass,,46,0.6743,0.8486,0.3406,62,50,92,100,3.6,0.3376,0.3284,0.3126,0.3255,12,TRUE
2026-09-08,824792,Cleveland Guardians @ Baltimore Orioles,Cleveland Guardians,Baltimore Orioles,pass,,44,0.5193,0.5385,0.6521,66,66,70,56,3.3,0.3029,0.304,0.306,0.3143,0,FALSE
2026-09-08,824228,Minnesota Twins @ Detroit Tigers,Detroit Tigers,Minnesota Twins,pass,,29,0.7012,0.9023,0.2856,66,51,91,71,4.6,0.2607,0.3342,0.274,0.3263,15,TRUE
2026-09-09,824713,Los Angeles Angels @ Boston Red Sox,Boston Red Sox,Los Angeles Angels,value_watch,,81,0.7298,0.9596,,75,50,56,44,3.1,0.3036,0.2828,0.328,0.2834,25,TRUE
2026-09-09,824064,Arizona Diamondbacks @ Kansas City Royals,Kansas City Royals,Arizona Diamondbacks,value_watch,,79,0.7178,0.9357,0.5413,74,41,88,89,6,0.326,0.2782,0.3298,0.3115,33,TRUE
2026-09-09,823416,Houston Astros @ Philadelphia Phillies,Philadelphia Phillies,Houston Astros,official_pick,,74,0.6782,0.8563,0.7909,78,67,50,53,2.7,0.2979,0.3038,0.3216,0.2916,11,TRUE
2026-09-09,823900,Cincinnati Reds @ Los Angeles Dodgers,Los Angeles Dodgers,Cincinnati Reds,watchlist,,67,0.7366,0.9731,0.6016,81,49,53,73,2.4,0.3153,0.3533,0.3153,0.3142,32,TRUE
2026-09-09,824791,Cleveland Guardians @ Baltimore Orioles,Cleveland Guardians,Baltimore Orioles,watchlist,,66,0.6774,0.8548,0.6111,73,63,72,60,3.3,0.3116,0.3026,0.3122,0.3045,10,TRUE
2026-09-09,823739,Chicago Cubs @ Milwaukee Brewers,Milwaukee Brewers,Chicago Cubs,watchlist,,66,0.729,0.958,0.4477,83,64,99,63,3.4,0.3464,0.3604,0.3359,0.3597,19,TRUE
2026-09-09,824956,Toronto Blue Jays @ Athletics,Toronto Blue Jays,Athletics,watchlist,,66,0.522,0.544,0.6725,85,87,42,58,7.9,0.337,0.33,0.3307,0.332,2,FALSE
2026-09-09,824549,Pittsburgh Pirates @ Chicago White Sox,Pittsburgh Pirates,Chicago White Sox,pass,,60,0.6917,0.8835,0.5149,76,63,49,92,6.7,0.3169,0.3232,0.301,0.3276,13,TRUE
2026-09-09,824871,Tampa Bay Rays @ Atlanta Braves,Tampa Bay Rays,Atlanta Braves,pass,,57,0.51,0.5199,0.2234,66,63,67,48,4.5,0.3192,0.3039,0.3256,0.2917,3,FALSE
2026-09-09,823172,St. Louis Cardinals @ San Francisco Giants,St. Louis Cardinals,San Francisco Giants,pass,,50,0.6449,0.7898,0.3133,67,58,87,81,3.4,0.3214,0.3333,0.3183,0.3165,9,TRUE
2026-09-09,823818,New York Mets @ Miami Marlins,Miami Marlins,New York Mets,pass,,47,0.7253,0.9506,0.5404,63,37,81,68,3.9,0.3082,0.316,0.3112,0.3209,26,TRUE
2026-09-09,823497,Colorado Rockies @ New York Yankees,New York Yankees,Colorado Rockies,pass,,44,0.6578,0.8155,0.7557,61,54,38,77,3.9,0.3267,0.3313,0.3149,0.3132,7,TRUE
2026-09-09,823090,Texas Rangers @ Seattle Mariners,Texas Rangers,Seattle Mariners,pass,,42,0.6176,0.7352,0.3464,49,44,80,60,3.9,0.3497,0.294,0.3197,0.3092,5,TRUE
2026-09-09,823251,Washington Nationals @ San Diego Padres,San Diego Padres,Washington Nationals,pass,,40,0.7289,0.9578,0.8162,59,36,73,84,4.1,0.278,0.3146,0.312,0.3034,23,TRUE
2026-09-09,824226,Minnesota Twins @ Detroit Tigers,Detroit Tigers,Minnesota Twins,pass,,37,0.6644,0.8289,,72,61,69,69,,0.262,0.3216,0.2751,0.3282,11,TRUE
2026-09-10,823413,Houston Astros @ Philadelphia Phillies,Philadelphia Phillies,Houston Astros,official_pick,,77,0.7301,0.9602,,76,46,47,63,,0.3095,0.2959,0.3221,0.295,30,TRUE
2026-09-10,824872,Tampa Bay Rays @ Atlanta Braves,Tampa Bay Rays,Atlanta Braves,value_watch,,76,0.5948,0.6897,,76,69,71,51,,0.3193,0.2903,0.3201,0.282,7,TRUE
2026-09-10,823499,Colorado Rockies @ New York Yankees,New York Yankees,Colorado Rockies,watchlist,,73,0.736,0.9719,0.8689,79,43,34,70,3.4,0.325,0.3291,0.3169,0.3139,36,TRUE
2026-09-10,824550,Pittsburgh Pirates @ Chicago White Sox,Chicago White Sox,Pittsburgh Pirates,watchlist,,71,0.6923,0.8845,0.4708,77,63,82,80,4.5,0.3127,0.3219,0.3277,0.3025,14,TRUE
2026-09-10,823088,Texas Rangers @ Seattle Mariners,Seattle Mariners,Texas Rangers,pass,,43,0.5144,0.5287,0.5309,73,71,57,70,3.1,0.2919,0.3391,0.3076,0.321,2,FALSE
2026-09-11,824631,Pittsburgh Pirates @ Chicago Cubs,Chicago Cubs,Pittsburgh Pirates,official_pick,,79,0.6965,0.893,,70,57,65,78,,0.3715,0.326,0.3549,0.3055,13,TRUE
2026-09-11,822930,Houston Astros @ Tampa Bay Rays,Tampa Bay Rays,Houston Astros,value_watch,,78,0.6321,0.7642,0.8791,80,73,68,57,3.3,0.3275,0.3025,0.3161,0.2991,7,TRUE
2026-09-11,822684,Los Angeles Angels @ Washington Nationals,Washington Nationals,Los Angeles Angels,watchlist,,70,0.7152,0.9303,0.3166,74,51,77,54,3.7,0.313,0.2912,0.2955,0.2942,23,TRUE
2026-09-11,823173,San Diego Padres @ San Francisco Giants,San Francisco Giants,San Diego Padres,watchlist,,70,0.671,0.842,0.6276,75,64,68,71,4,0.323,0.3046,0.3187,0.312,11,TRUE
2026-09-11,823659,Cleveland Guardians @ Minnesota Twins,Cleveland Guardians,Minnesota Twins,watchlist,,66,0.7059,0.9118,0.3715,81,66,60,66,3,0.3056,0.3279,0.3112,0.3232,15,TRUE
2026-09-11,824873,Philadelphia Phillies @ Atlanta Braves,Atlanta Braves,Philadelphia Phillies,pass,,63,0.7306,0.9613,0.2669,84,58,44,49,3,0.2832,0.2999,0.2856,0.3207,26,TRUE
2026-09-11,824711,Kansas City Royals @ Boston Red Sox,Boston Red Sox,Kansas City Royals,pass,,61,0.732,0.964,0.5774,76,53,45,77,3.2,0.308,0.3358,0.3283,0.3354,23,TRUE
2026-09-11,823498,New York Mets @ New York Yankees,New York Mets,New York Yankees,pass,,60,0.5093,0.5187,0.8115,74,70,86,62,3.2,0.3306,0.3222,0.3279,0.3208,4,TRUE
2026-09-11,825036,Texas Rangers @ Arizona Diamondbacks,Texas Rangers,Arizona Diamondbacks,pass,,56,0.6601,0.8202,0.408,60,50,70,80,3.7,0.3294,0.2825,0.3212,0.3085,10,TRUE
2026-09-11,823736,Cincinnati Reds @ Milwaukee Brewers,Milwaukee Brewers,Cincinnati Reds,pass,,46,0.6084,0.7168,0.7109,59,56,85,81,4.1,0.3491,0.346,0.3411,0.3153,3,FALSE
2026-09-11,824954,Seattle Mariners @ Athletics,Seattle Mariners,Athletics,pass,,41,0.7181,0.9363,0.6867,62,46,62,52,3.1,0.2986,0.3189,0.309,0.33,16,TRUE
2026-09-11,823817,Los Angeles Dodgers @ Miami Marlins,Miami Marlins,Los Angeles Dodgers,pass,,39,0.6111,0.7222,0.4605,58,50,87,43,4.8,0.3338,0.3302,0.3221,0.3231,8,TRUE
2026-09-11,823012,Chicago White Sox @ St. Louis Cardinals,Chicago White Sox,St. Louis Cardinals,pass,,34,0.6446,0.7892,0.5606,59,51,96,75,4,0.2828,0.3217,0.3227,0.3204,8,TRUE
2026-09-11,824227,Colorado Rockies @ Detroit Tigers,Detroit Tigers,Colorado Rockies,pass,,28,0.6138,0.7276,0.5963,60,54,55,69,3.4,0.2801,0.3093,0.2788,0.3148,6,TRUE
2026-09-11,822767,Baltimore Orioles @ Toronto Blue Jays,Baltimore Orioles,Toronto Blue Jays,pass,,10,0.575,0.65,0.3842,49,45,47,53,4,0.2821,0.336,0.3041,0.3284,4,TRUE
2026-09-12,822768,Baltimore Orioles @ Toronto Blue Jays,Toronto Blue Jays,Baltimore Orioles,value_watch,,89,0.7235,0.9469,0.6452,92,61,52,50,6.2,0.3386,0.2876,0.3283,0.3051,31,TRUE
2026-09-12,824630,Pittsburgh Pirates @ Chicago Cubs,Chicago Cubs,Pittsburgh Pirates,value_watch,,78,0.5699,0.6398,0.7611,73,71,58,99,3.3,0.3797,0.323,0.3548,0.3081,2,FALSE
2026-09-12,823819,Los Angeles Dodgers @ Miami Marlins,Los Angeles Dodgers,Miami Marlins,watchlist,,70,0.6919,0.8838,0.2404,77,65,41,75,3.2,0.3392,0.3314,0.3195,0.3175,12,TRUE
2026-09-12,824870,Philadelphia Phillies @ Atlanta Braves,Philadelphia Phillies,Atlanta Braves,watchlist,,70,0.6348,0.7695,0.2336,75,65,61,63,7.4,0.2952,0.295,0.3205,0.2827,10,TRUE
2026-09-12,823737,Cincinnati Reds @ Milwaukee Brewers,Milwaukee Brewers,Cincinnati Reds,watchlist,,67,0.7069,0.9137,0.7825,64,53,76,100,3.8,0.3654,0.3298,0.355,0.3144,11,TRUE
2026-09-12,823170,San Diego Padres @ San Francisco Giants,San Francisco Giants,San Diego Padres,pass,,63,0.5601,0.6203,0.6406,76,72,70,65,3,0.3216,0.3123,0.3216,0.3173,4,TRUE
2026-09-12,823496,New York Mets @ New York Yankees,New York Yankees,New York Mets,pass,,62,0.661,0.8219,0.7643,75,68,65,72,3.2,0.3365,0.3389,0.318,0.326,7,TRUE
2026-09-12,823009,Chicago White Sox @ St. Louis Cardinals,Chicago White Sox,St. Louis Cardinals,pass,,61,0.6602,0.8205,0.6666,78,68,88,71,6.9,0.2914,0.3257,0.3225,0.3233,10,TRUE
2026-09-12,823657,Cleveland Guardians @ Minnesota Twins,Cleveland Guardians,Minnesota Twins,pass,,59,0.7242,0.9485,0.3762,73,55,56,67,4.5,0.3071,0.322,0.3086,0.3176,18,TRUE
2026-09-12,822685,Los Angeles Angels @ Washington Nationals,Los Angeles Angels,Washington Nationals,pass,,57,0.6449,0.7898,,72,65,58,72,3.6,0.2886,0.2981,0.292,0.291,7,TRUE
2026-09-12,822927,Houston Astros @ Tampa Bay Rays,Tampa Bay Rays,Houston Astros,pass,,57,0.5612,0.6224,0.6978,68,67,55,83,4.3,0.3249,0.2977,0.3102,0.3018,1,FALSE
2026-09-12,825035,Texas Rangers @ Arizona Diamondbacks,Arizona Diamondbacks,Texas Rangers,pass,,50,0.695,0.89,0.7496,69,56,74,77,3,0.2979,0.3239,0.3089,0.3207,13,TRUE
2026-09-12,824955,Seattle Mariners @ Athletics,Seattle Mariners,Athletics,pass,,50,0.7272,0.9545,0.8281,71,52,61,56,3.2,0.3001,0.3258,0.3052,0.3342,19,TRUE
2026-09-12,824712,Kansas City Royals @ Boston Red Sox,Boston Red Sox,Kansas City Royals,pass,,46,0.5371,0.5742,0.5262,70,69,44,66,3.8,0.3063,0.3214,0.3274,0.3405,1,FALSE
2026-09-12,824224,Colorado Rockies @ Detroit Tigers,Detroit Tigers,Colorado Rockies,pass,,28,0.6126,0.7253,,58,53,46,69,,0.2865,0.309,0.2821,0.312,5,TRUE
2026-09-13,822764,Baltimore Orioles @ Toronto Blue Jays,Toronto Blue Jays,Baltimore Orioles,official_pick,,91,0.7052,0.9104,0.5,82,66,82,55,3,0.3411,0.2904,0.3395,0.3036,16,TRUE
2026-09-13,825033,Texas Rangers @ Arizona Diamondbacks,Texas Rangers,Arizona Diamondbacks,value_watch,,76,0.5191,0.5382,0.3715,76,74,72,62,3.7,0.3405,0.2837,0.3289,0.306,2,FALSE
2026-09-13,824628,Pittsburgh Pirates @ Chicago Cubs,Chicago Cubs,Pittsburgh Pirates,official_pick,,73,0.6236,0.7472,0.8399,65,60,52,78,3.2,0.3761,0.3249,0.3622,0.2969,5,TRUE
2026-09-13,823495,New York Mets @ New York Yankees,New York Yankees,New York Mets,watchlist,,65,0.728,0.956,0.7116,84,66,76,60,3,0.3374,0.3642,0.3202,0.3344,18,TRUE
2026-09-13,824708,Kansas City Royals @ Boston Red Sox,Boston Red Sox,Kansas City Royals,watchlist,,65,0.6768,0.8536,0.6578,77,67,37,60,3.3,0.3118,0.3123,0.3275,0.3361,10,TRUE
2026-09-13,823008,Chicago White Sox @ St. Louis Cardinals,St. Louis Cardinals,Chicago White Sox,pass,,62,0.7219,0.9438,0.7234,65,38,100,100,3.5,0.3285,0.2886,0.3233,0.3211,27,TRUE
2026-09-13,823658,Cleveland Guardians @ Minnesota Twins,Minnesota Twins,Cleveland Guardians,pass,,61,0.6121,0.7242,0.4321,72,64,91,71,3.6,0.3153,0.3082,0.3182,0.3103,8,TRUE
2026-09-13,823171,San Diego Padres @ San Francisco Giants,San Diego Padres,San Francisco Giants,pass,,59,0.6127,0.7254,0.6396,73,67,76,66,4.8,0.329,0.3256,0.3213,0.3226,6,TRUE
2026-09-13,824952,Seattle Mariners @ Athletics,Seattle Mariners,Athletics,pass,,57,0.7045,0.9091,0.5704,67,54,53,91,3.6,0.3332,0.3198,0.3228,0.329,13,TRUE
2026-09-13,822928,Houston Astros @ Tampa Bay Rays,Houston Astros,Tampa Bay Rays,pass,,53,0.6787,0.8575,0.7102,71,57,76,64,3.3,0.2991,0.3197,0.2993,0.3097,14,TRUE
2026-09-13,824869,Philadelphia Phillies @ Atlanta Braves,Atlanta Braves,Philadelphia Phillies,pass,,52,0.7248,0.9496,0.3081,66,50,53,90,4,0.2981,0.2891,0.2898,0.3143,16,TRUE
2026-09-13,823815,Los Angeles Dodgers @ Miami Marlins,Miami Marlins,Los Angeles Dodgers,pass,,49,0.58,0.66,0.3055,66,60,81,43,3.6,0.3355,0.333,0.3222,0.3211,6,TRUE
2026-09-13,823734,Cincinnati Reds @ Milwaukee Brewers,Cincinnati Reds,Milwaukee Brewers,pass,,49,0.6626,0.8252,0.6886,77,62,100,81,3.5,0.3295,0.3718,0.3164,0.3608,15,TRUE
2026-09-13,822682,Los Angeles Angels @ Washington Nationals,Los Angeles Angels,Washington Nationals,pass,,33,0.7317,0.9634,0.3488,41,20,61,76,4.2,0.294,0.2931,0.2867,0.2907,21,TRUE
2026-09-13,824225,Colorado Rockies @ Detroit Tigers,Detroit Tigers,Colorado Rockies,pass,,29,0.6477,0.7954,,54,47,60,75,,0.3124,0.317,0.2934,0.3168,7,TRUE
2026-09-14,824465,Los Angeles Dodgers @ Cincinnati Reds,Los Angeles Dodgers,Cincinnati Reds,value_watch,,79,0.7361,0.9722,0.1379,82,49,50,100,2.9,0.3437,0.3282,0.3228,0.3173,33,TRUE
2026-09-14,824308,San Diego Padres @ Colorado Rockies,San Diego Padres,Colorado Rockies,watchlist,,66,0.7332,0.9664,0.0726,71,53,73,100,3.8,0.3285,0.3138,0.316,0.3137,18,TRUE
2026-09-14,824386,Chicago White Sox @ Cleveland Guardians,Cleveland Guardians,Chicago White Sox,pass,,65,0.5309,0.5617,,73,72,58,87,3.2,0.3271,0.2892,0.3156,0.3108,1,FALSE
2026-09-14,825034,Miami Marlins @ Arizona Diamondbacks,Arizona Diamondbacks,Miami Marlins,pass,,61,0.7298,0.9597,0.5541,86,66,57,77,6,0.2974,0.3397,0.309,0.3278,20,TRUE
2026-09-14,823656,New York Yankees @ Minnesota Twins,New York Yankees,Minnesota Twins,pass,,56,0.6898,0.8796,0.3337,63,52,66,81,3.8,0.3465,0.3189,0.3223,0.3157,11,TRUE
2026-09-14,822765,Detroit Tigers @ Toronto Blue Jays,Detroit Tigers,Toronto Blue Jays,pass,,53,0.6845,0.8689,,79,67,51,88,3,0.3196,0.3539,0.2951,0.3442,12,TRUE
2026-09-14,823981,Seattle Mariners @ Los Angeles Angels,Los Angeles Angels,Seattle Mariners,pass,,51,0.7165,0.933,0.3938,76,54,60,60,3.2,0.3025,0.3454,0.2851,0.3253,22,TRUE
2026-09-14,823006,San Francisco Giants @ St. Louis Cardinals,San Francisco Giants,St. Louis Cardinals,pass,,49,0.6688,0.8376,0.3887,63,54,56,96,3.6,0.3328,0.329,0.3224,0.3244,9,TRUE
2026-09-14,823575,Baltimore Orioles @ New York Mets,Baltimore Orioles,New York Mets,pass,,32,0.6721,0.8442,0.4104,64,52,63,55,3.4,0.2909,0.3501,0.3003,0.3286,12,TRUE
2026-09-14,824629,Atlanta Braves @ Chicago Cubs,Atlanta Braves,Chicago Cubs,pass,,19,0.647,0.794,,59,48,65,47,4.5,0.3041,0.3485,0.2982,0.3617,11,TRUE
2026-09-15,823333,Milwaukee Brewers @ Pittsburgh Pirates,Milwaukee Brewers,Pittsburgh Pirates,official_pick,,97,0.6953,0.8905,,85,69,84,66,,0.3745,0.3182,0.3664,0.2983,16,TRUE
2026-09-15,824466,Los Angeles Dodgers @ Cincinnati Reds,Los Angeles Dodgers,Cincinnati Reds,value_watch,,87,0.7373,0.9746,,82,46,53,92,,0.3422,0.3011,0.3277,0.3096,36,TRUE
2026-09-15,823980,Seattle Mariners @ Los Angeles Angels,Seattle Mariners,Los Angeles Angels,official_pick,,83,0.7313,0.9627,0.1613,73,52,59,58,3.1,0.3577,0.3033,0.3226,0.2871,21,TRUE
2026-09-15,823654,New York Yankees @ Minnesota Twins,New York Yankees,Minnesota Twins,official_pick,,82,0.7311,0.9623,,80,61,61,88,,0.3281,0.3105,0.3306,0.3119,19,TRUE
2026-09-15,822849,Boston Red Sox @ Texas Rangers,Texas Rangers,Boston Red Sox,watchlist,,68,0.7231,0.9462,,73,44,78,51,,0.3352,0.3217,0.3306,0.3281,29,TRUE
2026-09-15,824143,Kansas City Royals @ Houston Astros,Kansas City Royals,Houston Astros,watchlist,,67,0.6224,0.7449,,73,68,51,74,,0.3011,0.304,0.3355,0.297,5,TRUE
2026-09-15,822683,Philadelphia Phillies @ Washington Nationals,Philadelphia Phillies,Washington Nationals,watchlist,,66,0.7295,0.959,,75,30,72,86,,0.2929,0.3133,0.3134,0.3001,45,TRUE
2026-09-15,824384,Chicago White Sox @ Cleveland Guardians,Cleveland Guardians,Chicago White Sox,pass,,61,0.7093,0.9187,,69,53,58,100,,0.3151,0.3045,0.3131,0.3131,16,TRUE
2026-09-15,822762,Detroit Tigers @ Toronto Blue Jays,Toronto Blue Jays,Detroit Tigers,pass,,61,0.5038,0.5076,,68,67,73,62,,0.3397,0.3284,0.3402,0.2962,1,FALSE
2026-09-15,822925,Athletics @ Tampa Bay Rays,Tampa Bay Rays,Athletics,pass,,60,0.7364,0.9729,,69,47,58,83,,0.3285,0.3165,0.3161,0.3247,22,TRUE
2026-09-15,823007,San Francisco Giants @ St. Louis Cardinals,St. Louis Cardinals,San Francisco Giants,pass,,49,0.6358,0.7717,,65,56,81,58,,0.3301,0.3309,0.3193,0.321,9,TRUE
2026-09-15,824307,San Diego Padres @ Colorado Rockies,San Diego Padres,Colorado Rockies,pass,,49,0.7181,0.9361,,58,45,80,94,,0.3535,0.3348,0.3294,0.3253,13,TRUE
2026-09-15,825030,Miami Marlins @ Arizona Diamondbacks,Arizona Diamondbacks,Miami Marlins,pass,,48,0.6892,0.8785,0.5925,71,59,59,80,3.7,0.3092,0.3496,0.3073,0.325,12,TRUE
2026-09-15,824627,Atlanta Braves @ Chicago Cubs,Atlanta Braves,Chicago Cubs,pass,,25,0.5523,0.6047,,68,63,68,45,,0.2993,0.3512,0.2998,0.3627,5,TRUE
2026-09-15,823574,Baltimore Orioles @ New York Mets,Baltimore Orioles,New York Mets,pass,,23,0.5583,0.6167,,62,59,56,58,,0.2867,0.3479,0.2995,0.3256,3,FALSE
2026-09-16,823332,Milwaukee Brewers @ Pittsburgh Pirates,Milwaukee Brewers,Pittsburgh Pirates,official_pick,,98,0.7043,0.9086,0.0562,83,67,77,88,3.5,0.3763,0.318,0.3677,0.2958,16,TRUE
2026-09-16,824467,Los Angeles Dodgers @ Cincinnati Reds,Los Angeles Dodgers,Cincinnati Reds,value_watch,,82,0.7374,0.9747,0.1372,77,53,48,88,3.6,0.3422,0.3056,0.3297,0.3115,24,TRUE
2026-09-16,824382,Chicago White Sox @ Cleveland Guardians,Cleveland Guardians,Chicago White Sox,official_pick,,76,0.7259,0.9517,,80,59,74,99,,0.313,0.3063,0.3166,0.3115,21,TRUE
2026-09-16,823655,New York Yankees @ Minnesota Twins,New York Yankees,Minnesota Twins,official_pick,,75,0.7084,0.9168,,72,59,50,92,,0.3356,0.2958,0.3324,0.31,13,TRUE
2026-09-16,824626,Atlanta Braves @ Chicago Cubs,Chicago Cubs,Atlanta Braves,official_pick,,73,0.7235,0.9469,0.9061,70,52,47,60,3.4,0.3125,0.3079,0.3612,0.3031,18,TRUE
2026-09-16,822680,Philadelphia Phillies @ Washington Nationals,Philadelphia Phillies,Washington Nationals,pass,,70,0.7293,0.9585,0.3219,77,44,64,74,3.3,0.2962,0.3065,0.3129,0.303,33,TRUE
2026-09-16,822926,Athletics @ Tampa Bay Rays,Tampa Bay Rays,Athletics,pass,,69,0.7282,0.9565,0.5479,76,59,59,71,3.1,0.3343,0.329,0.3171,0.3191,17,TRUE
2026-09-16,824140,Kansas City Royals @ Houston Astros,Kansas City Royals,Houston Astros,pass,,69,0.7325,0.9651,0.11,70,48,43,68,6,0.2995,0.3004,0.3354,0.2955,22,TRUE
2026-09-16,823576,Baltimore Orioles @ New York Mets,New York Mets,Baltimore Orioles,pass,,61,0.662,0.824,0.2652,60,49,84,91,4.5,0.3487,0.293,0.3224,0.2981,11,TRUE
2026-09-16,823979,Seattle Mariners @ Los Angeles Angels,Seattle Mariners,Los Angeles Angels,pass,,61,0.661,0.822,0.3357,61,52,47,59,3.1,0.3463,0.2943,0.3168,0.2942,9,TRUE
2026-09-16,822846,Boston Red Sox @ Texas Rangers,Boston Red Sox,Texas Rangers,pass,,57,0.6936,0.8871,0.4601,72,59,51,74,3.2,0.3077,0.3276,0.3283,0.3297,13,TRUE
2026-09-16,822763,Detroit Tigers @ Toronto Blue Jays,Detroit Tigers,Toronto Blue Jays,pass,,55,0.7323,0.9645,,72,43,68,99,,0.339,0.3371,0.2989,0.343,29,TRUE
2026-09-16,823004,San Francisco Giants @ St. Louis Cardinals,San Francisco Giants,St. Louis Cardinals,pass,,52,0.6861,0.8723,,62,51,48,78,,0.3273,0.3202,0.3207,0.3093,11,TRUE
2026-09-16,825031,Miami Marlins @ Arizona Diamondbacks,Miami Marlins,Arizona Diamondbacks,pass,,50,0.6212,0.7423,0.4872,59,51,100,88,4.7,0.3407,0.308,0.3195,0.3072,8,TRUE
2026-09-16,824306,San Diego Padres @ Colorado Rockies,San Diego Padres,Colorado Rockies,pass,,44,0.6061,0.7121,0.262,63,61,78,92,3.6,0.3484,0.3505,0.3233,0.3275,2,FALSE
2026-09-17,822924,Athletics @ Tampa Bay Rays,Tampa Bay Rays,Athletics,watchlist,,74,0.7359,0.9718,,81,44,74,84,,0.3229,0.3189,0.3112,0.3144,37,TRUE
2026-09-17,823573,Philadelphia Phillies @ New York Mets,New York Mets,Philadelphia Phillies,official_pick,,74,0.677,0.854,0.754,72,59,70,56,3.3,0.3479,0.2934,0.3215,0.3107,13,TRUE
2026-09-17,823334,Milwaukee Brewers @ Pittsburgh Pirates,Milwaukee Brewers,Pittsburgh Pirates,watchlist,,72,0.6707,0.8414,,64,53,76,92,,0.359,0.3108,0.3622,0.3031,11,TRUE
2026-09-17,824464,Los Angeles Dodgers @ Cincinnati Reds,Los Angeles Dodgers,Cincinnati Reds,watchlist,,71,0.7366,0.9733,,70,46,74,100,,0.3491,0.3147,0.3284,0.316,24,TRUE
2026-09-17,824305,San Diego Padres @ Colorado Rockies,San Diego Padres,Colorado Rockies,watchlist,,67,0.7382,0.9765,,72,51,76,89,,0.3528,0.3386,0.3286,0.3282,21,TRUE
2026-09-17,822845,Boston Red Sox @ Texas Rangers,Boston Red Sox,Texas Rangers,pass,,56,0.6949,0.8898,0.4609,75,61,54,74,3.2,0.296,0.328,0.3174,0.3324,14,TRUE
2026-09-17,823978,Minnesota Twins @ Los Angeles Angels,Los Angeles Angels,Minnesota Twins,pass,,55,0.5561,0.6122,0.5,71,67,62,100,3.6,0.2977,0.2776,0.2954,0.3078,4,TRUE
2026-09-17,824141,Kansas City Royals @ Houston Astros,Houston Astros,Kansas City Royals,pass,,46,0.6737,0.8475,0.2109,67,53,61,51,8,0.3049,0.3062,0.2953,0.332,14,TRUE
2026-09-17,824548,Detroit Tigers @ Chicago White Sox,Detroit Tigers,Chicago White Sox,pass,,44,0.5203,0.5407,,61,61,65,95,3.4,0.3384,0.3002,0.292,0.3101,0,FALSE
2026-09-18,822847,Toronto Blue Jays @ Texas Rangers,Toronto Blue Jays,Texas Rangers,official_pick,,79,0.726,0.952,0.232,81,57,77,94,3.1,0.3409,0.3237,0.3355,0.3278,24,TRUE
2026-09-18,824383,Athletics @ Cleveland Guardians,Cleveland Guardians,Athletics,pass,,79,0.7276,0.9552,0.7274,85,58,76,90,7,0.3183,0.2951,0.3153,0.3159,27,TRUE
2026-09-18,823252,Miami Marlins @ San Diego Padres,San Diego Padres,Miami Marlins,official_pick,,73,0.6848,0.8697,0.596,73,64,74,83,4.8,0.3674,0.3315,0.3326,0.3189,9,TRUE
2026-09-18,824463,Chicago Cubs @ Cincinnati Reds,Chicago Cubs,Cincinnati Reds,watchlist,,70,0.5233,0.5467,0.2077,73,77,51,100,3.3,0.3367,0.3087,0.3645,0.3222,4,FALSE
2026-09-18,823898,San Francisco Giants @ Los Angeles Dodgers,Los Angeles Dodgers,San Francisco Giants,watchlist,,70,0.7135,0.9269,0.513,74,60,94,53,3.4,0.3429,0.3229,0.3272,0.3245,14,TRUE
2026-09-18,823572,Philadelphia Phillies @ New York Mets,New York Mets,Philadelphia Phillies,pass,,66,0.7097,0.9195,0.606,69,51,61,57,3.4,0.3338,0.304,0.3188,0.3094,18,TRUE
2026-09-18,824790,Milwaukee Brewers @ Baltimore Orioles,Milwaukee Brewers,Baltimore Orioles,pass,,64,0.5972,0.6944,0.3393,61,55,98,71,4.1,0.3565,0.3065,0.354,0.2998,6,TRUE
2026-09-18,824303,Seattle Mariners @ Colorado Rockies,Seattle Mariners,Colorado Rockies,pass,,62,0.7393,0.9785,0.2443,72,42,49,88,3.2,0.3344,0.3377,0.3205,0.3267,30,TRUE
2026-09-18,822923,Boston Red Sox @ Tampa Bay Rays,Tampa Bay Rays,Boston Red Sox,pass,,59,0.5223,0.5446,0.4237,69,71,63,46,4.2,0.3289,0.287,0.3118,0.3098,2,FALSE
2026-09-18,823005,Washington Nationals @ St. Louis Cardinals,Washington Nationals,St. Louis Cardinals,pass,,59,0.617,0.734,0.5859,75,69,87,63,3.7,0.2994,0.3036,0.3015,0.3093,6,TRUE
2026-09-18,823331,Kansas City Royals @ Pittsburgh Pirates,Pittsburgh Pirates,Kansas City Royals,pass,,55,0.5359,0.5718,0.3861,71,69,100,50,3.6,0.3184,0.2887,0.3063,0.3258,2,FALSE
2026-09-18,825032,New York Yankees @ Arizona Diamondbacks,Arizona Diamondbacks,New York Yankees,pass,,53,0.5149,0.5299,0.3351,73,72,66,56,3.1,0.3296,0.3239,0.3153,0.332,1,FALSE
2026-09-18,824138,Atlanta Braves @ Houston Astros,Atlanta Braves,Houston Astros,pass,,40,0.5229,0.5457,0.3443,66,67,56,87,3.5,0.2963,0.3235,0.306,0.3072,1,FALSE
2026-09-18,823977,Minnesota Twins @ Los Angeles Angels,Minnesota Twins,Los Angeles Angels,pass,,37,0.6894,0.8789,0.3153,56,43,100,61,3.8,0.2774,0.3013,0.3052,0.294,13,TRUE
2026-09-18,824547,Detroit Tigers @ Chicago White Sox,Chicago White Sox,Detroit Tigers,pass,,24,0.5335,0.567,0.4066,52,49,95,57,3.6,0.3053,0.334,0.3077,0.2962,3,FALSE
2026-09-19,823899,San Francisco Giants @ Los Angeles Dodgers,Los Angeles Dodgers,San Francisco Giants,watchlist,,82,0.7052,0.9105,0.806,83,71,79,60,2.9,0.3579,0.3243,0.3342,0.3248,12,TRUE
2026-09-19,825029,New York Yankees @ Arizona Diamondbacks,New York Yankees,Arizona Diamondbacks,official_pick,,78,0.7141,0.9281,0.1106,84,68,49,62,3,0.3244,0.3236,0.3312,0.3093,16,TRUE
2026-09-19,824461,Chicago Cubs @ Cincinnati Reds,Chicago Cubs,Cincinnati Reds,watchlist,,69,0.7193,0.9385,0.2538,64,50,49,84,3.3,0.3436,0.3097,0.3692,0.324,14,TRUE
2026-09-19,823249,Miami Marlins @ San Diego Padres,San Diego Padres,Miami Marlins,watchlist,,68,0.6419,0.7837,0.71,70,65,82,82,3.8,0.3709,0.331,0.3381,0.3208,5,TRUE
2026-09-19,823571,Philadelphia Phillies @ New York Mets,New York Mets,Philadelphia Phillies,watchlist,,66,0.7089,0.9179,0.7891,67,50,53,88,4.2,0.3386,0.3026,0.3231,0.3078,17,TRUE
2026-09-19,824380,Athletics @ Cleveland Guardians,Cleveland Guardians,Athletics,pass,,64,0.6888,0.8776,0.7601,65,52,91,89,3.3,0.3274,0.2779,0.3229,0.3135,13,TRUE
2026-09-19,822843,Toronto Blue Jays @ Texas Rangers,Texas Rangers,Toronto Blue Jays,pass,,64,0.6516,0.8032,0.5375,76,67,87,79,3.6,0.3234,0.3307,0.335,0.3316,9,TRUE
2026-09-19,823976,Minnesota Twins @ Los Angeles Angels,Los Angeles Angels,Minnesota Twins,pass,,62,0.58,0.66,0.6073,76,71,60,84,3.2,0.2923,0.2773,0.2915,0.3036,5,TRUE
2026-09-19,824304,Seattle Mariners @ Colorado Rockies,Seattle Mariners,Colorado Rockies,pass,,55,0.7396,0.9793,0.2684,67,44,49,100,3.6,0.3371,0.3402,0.3216,0.329,23,TRUE
2026-09-19,823003,Washington Nationals @ St. Louis Cardinals,Washington Nationals,St. Louis Cardinals,pass,,51,0.5878,0.6756,0.5288,68,65,79,71,4,0.302,0.2966,0.3006,0.3046,3,FALSE
2026-09-19,822921,Boston Red Sox @ Tampa Bay Rays,Tampa Bay Rays,Boston Red Sox,pass,,50,0.6064,0.7128,0.4425,58,55,74,54,3.7,0.3372,0.2828,0.3102,0.3092,3,FALSE
2026-09-19,824545,Detroit Tigers @ Chicago White Sox,Chicago White Sox,Detroit Tigers,pass,,48,0.6204,0.7408,,70,62,100,76,3.8,0.3108,0.3465,0.3069,0.3056,8,TRUE
2026-09-19,824137,Atlanta Braves @ Houston Astros,Atlanta Braves,Houston Astros,pass,,45,0.522,0.5441,0.4152,65,66,56,81,4.1,0.3029,0.3111,0.3113,0.305,1,FALSE
2026-09-19,823330,Kansas City Royals @ Pittsburgh Pirates,Kansas City Royals,Pittsburgh Pirates,pass,,43,0.627,0.7541,0.4566,67,59,72,95,3.3,0.284,0.3345,0.3223,0.3103,8,TRUE
2026-09-19,824788,Milwaukee Brewers @ Baltimore Orioles,Baltimore Orioles,Milwaukee Brewers,pass,,22,0.5451,0.5903,0.488,65,63,76,100,3.4,0.3089,0.3641,0.3016,0.355,2,FALSE
2026-09-20,824789,Milwaukee Brewers @ Baltimore Orioles,Milwaukee Brewers,Baltimore Orioles,value_watch,,91,0.7264,0.9529,0.236,85,63,92,56,3.1,0.3486,0.3097,0.3475,0.3029,22,TRUE
2026-09-20,824381,Athletics @ Cleveland Guardians,Cleveland Guardians,Athletics,value_watch,,81,0.7288,0.9576,0.7261,73,47,80,72,3.2,0.3373,0.2716,0.3302,0.3156,26,TRUE
2026-09-20,823896,San Francisco Giants @ Los Angeles Dodgers,Los Angeles Dodgers,San Francisco Giants,pass,,81,0.6757,0.8513,0.6423,77,69,81,67,8,0.3717,0.3189,0.3394,0.3275,8,TRUE
2026-09-20,824546,Detroit Tigers @ Chicago White Sox,Detroit Tigers,Chicago White Sox,official_pick,,76,0.6904,0.8809,,77,64,58,84,3.2,0.3495,0.3055,0.3044,0.3109,13,TRUE
2026-09-20,822844,Toronto Blue Jays @ Texas Rangers,Toronto Blue Jays,Texas Rangers,pass,,70,0.7003,0.9006,0.8062,89,74,78,93,6.3,0.318,0.3203,0.3249,0.3338,15,TRUE
2026-09-20,825028,New York Yankees @ Arizona Diamondbacks,Arizona Diamondbacks,New York Yankees,watchlist,,69,0.7081,0.9162,0.1766,81,64,62,47,5.2,0.3266,0.3287,0.3091,0.3274,17,TRUE
2026-09-20,822922,Boston Red Sox @ Tampa Bay Rays,Tampa Bay Rays,Boston Red Sox,watchlist,,68,0.7346,0.9693,,69,44,65,42,,0.3254,0.2886,0.314,0.3095,25,TRUE
2026-09-20,823570,Philadelphia Phillies @ New York Mets,Philadelphia Phillies,New York Mets,pass,,53,0.6691,0.8383,,75,65,88,62,,0.3038,0.3379,0.307,0.3271,10,TRUE
2026-09-20,824139,Atlanta Braves @ Houston Astros,Atlanta Braves,Houston Astros,pass,,51,0.5745,0.6489,0.348,68,67,61,94,3.9,0.3103,0.3149,0.3175,0.3073,1,FALSE
2026-09-20,824462,Chicago Cubs @ Cincinnati Reds,Chicago Cubs,Cincinnati Reds,pass,,49,0.6316,0.7632,,50,46,52,65,,0.3436,0.2966,0.368,0.3189,4,TRUE
2026-09-20,823329,Kansas City Royals @ Pittsburgh Pirates,Kansas City Royals,Pittsburgh Pirates,pass,,45,0.5489,0.5979,,73,70,62,95,,0.2904,0.3452,0.3195,0.314,3,FALSE
2026-09-20,823001,Washington Nationals @ St. Louis Cardinals,St. Louis Cardinals,Washington Nationals,pass,,41,0.6197,0.7394,0.5541,60,51,76,80,3.7,0.2982,0.2994,0.3039,0.306,9,TRUE
2026-09-20,823247,Miami Marlins @ San Diego Padres,Miami Marlins,San Diego Padres,pass,,38,0.5839,0.6679,0.6259,66,58,87,100,2.6,0.3456,0.3789,0.3234,0.34,8,TRUE
2026-09-20,823975,Minnesota Twins @ Los Angeles Angels,Minnesota Twins,Los Angeles Angels,pass,,31,0.5297,0.5595,0.4269,56,55,88,67,3.8,0.2783,0.3074,0.3035,0.2856,1,FALSE
2026-09-20,824300,Seattle Mariners @ Colorado Rockies,Seattle Mariners,Colorado Rockies,pass,,25,0.5032,0.5063,0.3223,48,52,78,91,3.9,0.3337,0.3318,0.3239,0.3277,4,FALSE
2026-09-21,824787,Toronto Blue Jays @ Baltimore Orioles,Toronto Blue Jays,Baltimore Orioles,pass,,61,0.6029,0.7058,0.7261,68,62,97,47,3.8,0.321,0.3042,0.3272,0.2969,6,TRUE
2026-09-21,823169,Minnesota Twins @ San Francisco Giants,Minnesota Twins,San Francisco Giants,pass,,35,0.5557,0.6114,0.4875,60,59,72,68,3.3,0.2833,0.2922,0.3116,0.3214,1,FALSE
2026-09-21,824221,Washington Nationals @ Detroit Tigers,Detroit Tigers,Washington Nationals,pass,,34,0.5439,0.5879,,50,50,63,91,4.5,0.3426,0.2972,0.304,0.3051,0,FALSE
2026-09-22,824709,Cleveland Guardians @ Boston Red Sox,Cleveland Guardians,Boston Red Sox,value_watch,,82,0.549,0.5979,0.2068,81,78,55,34,3.1,0.3446,0.2889,0.3252,0.3017,3,FALSE
2026-09-22,824624,Miami Marlins @ Chicago Cubs,Chicago Cubs,Miami Marlins,official_pick,,75,0.7008,0.9016,0.7661,71,59,47,65,3.4,0.3473,0.3283,0.3692,0.3205,12,TRUE
2026-09-22,823494,Tampa Bay Rays @ New York Yankees,New York Yankees,Tampa Bay Rays,watchlist,,74,0.5266,0.5533,0.8441,80,81,56,60,3.4,0.3261,0.3042,0.3293,0.3079,1,FALSE
2026-09-22,824222,Washington Nationals @ Detroit Tigers,Detroit Tigers,Washington Nationals,pass,,73,0.704,0.9079,0.4723,67,54,68,85,4.4,0.3632,0.2844,0.3145,0.3072,13,TRUE
2026-09-22,823089,Houston Astros @ Seattle Mariners,Seattle Mariners,Houston Astros,watchlist,,71,0.7259,0.9518,0.7891,73,49,55,73,3.1,0.3402,0.3212,0.3221,0.3074,24,TRUE
2026-09-22,823328,St. Louis Cardinals @ Pittsburgh Pirates,Pittsburgh Pirates,St. Louis Cardinals,watchlist,,67,0.5446,0.5892,0.4729,67,65,99,67,4.2,0.3581,0.2801,0.3207,0.3055,2,FALSE
2026-09-22,824302,Arizona Diamondbacks @ Colorado Rockies,Arizona Diamondbacks,Colorado Rockies,pass,,63,0.7365,0.973,0.4145,73,45,67,64,3.7,0.3365,0.3229,0.3043,0.3283,28,TRUE
2026-09-22,823897,San Diego Padres @ Los Angeles Dodgers,Los Angeles Dodgers,San Diego Padres,pass,,61,0.6349,0.7697,0.5349,76,72,73,78,4.5,0.3758,0.3934,0.3438,0.342,4,TRUE
2026-09-22,823543,Tampa Bay Rays @ New York Yankees,Tampa Bay Rays,New York Yankees,pass,,53,0.5117,0.5233,,76,73,60,56,,0.3177,0.3329,0.3142,0.3325,3,FALSE
2026-09-22,823412,Milwaukee Brewers @ Philadelphia Phillies,Philadelphia Phillies,Milwaukee Brewers,pass,,50,0.7152,0.9305,,78,60,80,74,3.2,0.3034,0.3497,0.299,0.3494,18,TRUE
2026-09-22,824953,Los Angeles Angels @ Athletics,Athletics,Los Angeles Angels,pass,,47,0.6459,0.7918,,62,49,52,65,6.6,0.2751,0.2994,0.3145,0.2846,13,TRUE
2026-09-22,824867,Cincinnati Reds @ Atlanta Braves,Atlanta Braves,Cincinnati Reds,pass,,44,0.6752,0.8504,0.5808,49,41,53,65,4.1,0.3075,0.2584,0.3194,0.3087,8,TRUE
2026-09-22,823166,Minnesota Twins @ San Francisco Giants,Minnesota Twins,San Francisco Giants,pass,,43,0.6001,0.7002,0.5418,67,64,58,89,3.3,0.285,0.3056,0.3055,0.3216,3,FALSE
2026-09-22,824061,Chicago White Sox @ Kansas City Royals,Chicago White Sox,Kansas City Royals,pass,,41,0.5874,0.6748,0.5459,59,56,74,60,4.1,0.2998,0.2829,0.3097,0.3148,3,FALSE
2026-09-22,822840,New York Mets @ Texas Rangers,New York Mets,Texas Rangers,pass,,38,0.5173,0.5345,0.9036,59,58,62,83,3.4,0.3412,0.3157,0.3197,0.3404,1,FALSE
2026-09-22,824785,Toronto Blue Jays @ Baltimore Orioles,Baltimore Orioles,Toronto Blue Jays,pass,,26,0.6086,0.7173,,52,46,41,100,,0.3153,0.3161,0.2996,0.32,6,TRUE
2026-09-23,823410,Milwaukee Brewers @ Philadelphia Phillies,Milwaukee Brewers,Philadelphia Phillies,official_pick,,91,0.7248,0.9496,0.0458,83,60,87,73,3.5,0.3437,0.3091,0.3443,0.2979,23,TRUE
2026-09-23,824868,Cincinnati Reds @ Atlanta Braves,Atlanta Braves,Cincinnati Reds,value_watch,,84,0.7335,0.9671,0.4857,84,53,59,58,3,0.3148,0.2686,0.3146,0.3117,31,TRUE
2026-09-23,823894,San Diego Padres @ Los Angeles Dodgers,Los Angeles Dodgers,San Diego Padres,official_pick,,79,0.7338,0.9676,0.674,82,63,86,65,2.4,0.3866,0.3823,0.3489,0.3319,19,TRUE
2026-09-23,823327,St. Louis Cardinals @ Pittsburgh Pirates,Pittsburgh Pirates,St. Louis Cardinals,pass,,70,0.6762,0.8523,0.6238,62,51,76,55,6.9,0.3511,0.2674,0.3243,0.2992,11,TRUE
2026-09-23,823492,Tampa Bay Rays @ New York Yankees,New York Yankees,Tampa Bay Rays,watchlist,,69,0.7248,0.9495,0.6196,73,55,44,44,3.2,0.3159,0.3043,0.3204,0.3093,18,TRUE
2026-09-23,822841,New York Mets @ Texas Rangers,New York Mets,Texas Rangers,watchlist,,67,0.723,0.9459,0.7095,72,53,52,78,3.2,0.3336,0.3039,0.3224,0.3318,19,TRUE
2026-09-23,824223,Washington Nationals @ Detroit Tigers,Detroit Tigers,Washington Nationals,pass,,62,0.6999,0.8998,,61,48,67,89,,0.3572,0.2881,0.3116,0.3071,13,TRUE
2026-09-23,824951,Los Angeles Angels @ Athletics,Los Angeles Angels,Athletics,pass,,62,0.7375,0.9751,0.6072,73,44,69,79,3.5,0.3135,0.2987,0.2889,0.3197,29,TRUE
2026-09-23,824625,Miami Marlins @ Chicago Cubs,Chicago Cubs,Miami Marlins,pass,,54,0.6149,0.7298,0.7116,63,59,63,79,3.5,0.3345,0.3281,0.3532,0.3189,4,TRUE
2026-09-23,824710,Cleveland Guardians @ Boston Red Sox,Boston Red Sox,Cleveland Guardians,pass,,42,0.6067,0.7134,,75,69,42,51,3.2,0.2841,0.3495,0.3001,0.3249,6,TRUE
2026-09-23,823086,Houston Astros @ Seattle Mariners,Houston Astros,Seattle Mariners,pass,,41,0.5509,0.6018,0.7221,63,61,88,63,4.7,0.3304,0.3311,0.3126,0.3206,2,FALSE
2026-09-23,824784,Toronto Blue Jays @ Baltimore Orioles,Toronto Blue Jays,Baltimore Orioles,pass,,40,0.7253,0.9507,0.5818,50,26,92,41,4.5,0.3106,0.3025,0.3232,0.3033,24,TRUE
2026-09-23,824301,Arizona Diamondbacks @ Colorado Rockies,Arizona Diamondbacks,Colorado Rockies,pass,,35,0.6734,0.8467,0.5149,51,44,51,70,3.4,0.3481,0.3147,0.3062,0.3263,7,TRUE
2026-09-23,824060,Chicago White Sox @ Kansas City Royals,Chicago White Sox,Kansas City Royals,pass,,34,0.5502,0.6003,0.5946,53,53,79,71,7.8,0.3152,0.297,0.3185,0.3145,0,FALSE
2026-09-23,823168,Minnesota Twins @ San Francisco Giants,Minnesota Twins,San Francisco Giants,pass,,31,0.6137,0.7273,0.4566,59,55,53,77,3.7,0.2763,0.3035,0.306,0.3221,4,TRUE
2026-09-23,824785,Toronto Blue Jays @ Baltimore Orioles,Baltimore Orioles,Toronto Blue Jays,pass,,30,0.6371,0.7743,,54,46,41,92,,0.3063,0.3116,0.3051,0.324,8,TRUE
