date,game_pk,game,pick_team,direction_winner,direction_correct,submodel_strength_right,submodel_run_right,starter_favored_team,starter_gap,starter_held_up,starter_favored_era,starter_other_era,away_team,away_proj_runs,away_actual_runs,away_offense_diff,home_team,home_proj_runs,home_actual_runs,home_offense_diff,away_bullpen_flagged,away_bullpen_actual_er,away_bullpen_actual_era,home_bullpen_flagged,home_bullpen_actual_er,home_bullpen_actual_era,matchup_url
2026-08-03,823520,St. Louis Cardinals @ New York Yankees,New York Yankees,St. Louis Cardinals,0,0,,New York Yankees,18,0,12,4.15,St. Louis Cardinals,,,,New York Yankees,,,,1,5,9.64,0,9,13.5,/mlb/cardinals-vs-yankees-prediction-odds-2026-08-03/
2026-08-03,823757,Pittsburgh Pirates @ Milwaukee Brewers,Milwaukee Brewers,Pittsburgh Pirates,0,0,1,No clear pitching-plan edge,3,1,3.18,12,Pittsburgh Pirates,7.5,4,-3.5,Milwaukee Brewers,4,3,-1,1,0,0,0,0,0,/mlb/pirates-vs-brewers-prediction-odds-2026-08-03/
2026-08-03,824160,Toronto Blue Jays @ Houston Astros,Houston Astros,Toronto Blue Jays,0,0,,Houston Astros,27,0,4.5,1.59,Toronto Blue Jays,,,,Houston Astros,,,,0,0,0,1,0,0,/mlb/blue-jays-vs-astros-prediction-odds-2026-08-03/
2026-08-03,823431,Washington Nationals @ Philadelphia Phillies,Washington Nationals,Philadelphia Phillies,0,0,,,,,,,Washington Nationals,,,,Philadelphia Phillies,,,,0,4,21.6,0,3,3,/mlb/nationals-vs-phillies-prediction-odds-2026-08-03/
2026-08-03,824324,Tampa Bay Rays @ Colorado Rockies,Tampa Bay Rays,Tampa Bay Rays,1,1,1,Tampa Bay Rays,49,1,3,21,Tampa Bay Rays,3,13,10,Colorado Rockies,2.8,9,6.2,0,6,18,0,4,6,/mlb/rays-vs-rockies-prediction-odds-2026-08-03/
2026-08-03,824647,Los Angeles Dodgers @ Chicago Cubs,Chicago Cubs,Chicago Cubs,1,1,1,Los Angeles Dodgers,10,0,14.54,5.4,Los Angeles Dodgers,2.5,5,2.5,Chicago Cubs,4.6,10,5.4,1,3,7.36,0,0,0,/mlb/dodgers-vs-cubs-prediction-odds-2026-08-03/
2026-08-03,825095,San Diego Padres @ Arizona Diamondbacks,San Diego Padres,Arizona Diamondbacks,0,0,0,No clear pitching-plan edge,3,1,0,5.4,San Diego Padres,6.6,1,-5.6,Arizona Diamondbacks,3.6,5,1.4,1,2,6,1,0,0,/mlb/padres-vs-diamondbacks-prediction-odds-2026-08-03/
2026-08-03,822867,San Francisco Giants @ Texas Rangers,San Francisco Giants,San Francisco Giants,1,1,1,San Francisco Giants,18,1,0,1.5,San Francisco Giants,4.8,5,0.2,Texas Rangers,3.5,1,-2.5,0,1,3,1,2,6,/mlb/giants-vs-rangers-prediction-odds-2026-08-03/
2026-08-02,823919,Boston Red Sox @ Los Angeles Dodgers,Boston Red Sox,Boston Red Sox,1,1,1,Boston Red Sox,22,1,4.76,16.88,Boston Red Sox,6.3,8,1.7,Los Angeles Dodgers,2.3,4,1.7,0,1,2.7,1,2,2.84,/mlb/red-sox-vs-dodgers-prediction-odds-2026-08-02/
2026-08-04,823756,Pittsburgh Pirates @ Milwaukee Brewers,Milwaukee Brewers,Milwaukee Brewers,1,1,0,Milwaukee Brewers,12,1,3,6.75,Pittsburgh Pirates,5.4,2,-3.4,Milwaukee Brewers,3.2,4,0.8,1,1,2.25,1,0,0,/mlb/pirates-vs-brewers-prediction-odds-2026-08-04/
2026-08-04,824484,Athletics @ Cincinnati Reds,Cincinnati Reds,Cincinnati Reds,1,1,,Athletics,12,1,4.5,4.5,Athletics,,,,Cincinnati Reds,,,,1,2,9,1,0,0,/mlb/athletics-vs-reds-prediction-odds-2026-08-04/
2026-08-04,824161,Toronto Blue Jays @ Houston Astros,Houston Astros,Houston Astros,1,1,,Toronto Blue Jays,7,1,0,3,Toronto Blue Jays,,,,Houston Astros,,,,0,7,10.5,0,0,0,/mlb/blue-jays-vs-astros-prediction-odds-2026-08-04/
2026-08-04,823517,St. Louis Cardinals @ New York Yankees,New York Yankees,New York Yankees,1,1,,New York Yankees,7,1,0,2.84,St. Louis Cardinals,,,,New York Yankees,,,,1,0,0,1,0,0,/mlb/cardinals-vs-yankees-prediction-odds-2026-08-04/
2026-08-04,824731,Chicago White Sox @ Boston Red Sox,Boston Red Sox,Boston Red Sox,1,1,1,Chicago White Sox,8,0,16.2,3.6,Chicago White Sox,2.8,2,-0.8,Boston Red Sox,4.6,14,9.4,0,4,12,0,0,0,/mlb/white-sox-vs-red-sox-prediction-odds-2026-08-04/
2026-08-04,825054,San Diego Padres @ Arizona Diamondbacks,Arizona Diamondbacks,San Diego Padres,0,0,1,Arizona Diamondbacks,17,0,7.94,0,San Diego Padres,6.5,9,2.5,Arizona Diamondbacks,5.2,4,-1.2,1,4,12,0,2,5.4,/mlb/padres-vs-diamondbacks-prediction-odds-2026-08-04/
2026-08-04,823108,Detroit Tigers @ Seattle Mariners,Detroit Tigers,Detroit Tigers,1,1,1,Detroit Tigers,9,1,0,4.5,Detroit Tigers,6.5,8,1.5,Seattle Mariners,3.8,0,-3.8,0,0,0,0,4,12,/mlb/tigers-vs-mariners-prediction-odds-2026-08-04/
2026-08-04,824805,Los Angeles Angels @ Baltimore Orioles,Baltimore Orioles,Baltimore Orioles,1,1,0,Baltimore Orioles,21,1,0,2.57,Los Angeles Angels,5.1,1,-4.1,Baltimore Orioles,4.7,3,-1.7,0,1,9,0,1,3,/mlb/angels-vs-orioles-prediction-odds-2026-08-04/
2026-08-04,824645,Los Angeles Dodgers @ Chicago Cubs,Chicago Cubs,Chicago Cubs,1,1,1,Los Angeles Dodgers,18,0,3,1.59,Los Angeles Dodgers,3.3,1,-2.3,Chicago Cubs,4.7,5,0.3,1,3,13.5,0,0,0,/mlb/dodgers-vs-cubs-prediction-odds-2026-08-04/
2026-08-04,824321,Tampa Bay Rays @ Colorado Rockies,Tampa Bay Rays,Tampa Bay Rays,1,1,0,Colorado Rockies,12,1,8.44,17.18,Tampa Bay Rays,2.4,9,,Colorado Rockies,4.9,7,,0,0,0,0,3,4.76,/mlb/rays-vs-rockies-prediction-odds-2026-08-04/
2026-08-04,824084,Minnesota Twins @ Kansas City Royals,Minnesota Twins,Kansas City Royals,0,0,0,Minnesota Twins,5,0,6.75,1.8,Minnesota Twins,4.7,2,-2.7,Kansas City Royals,2.3,8,5.7,0,3,10.13,0,1,2.25,/mlb/twins-vs-royals-prediction-odds-2026-08-04/
2026-08-04,824888,Miami Marlins @ Atlanta Braves,Atlanta Braves,Atlanta Braves,1,1,1,No clear pitching-plan edge,0,0,1.5,0,Miami Marlins,2.1,2,-0.1,Atlanta Braves,3.1,4,0.9,0,2,9,0,2,6,/mlb/marlins-vs-braves-prediction-odds-2026-08-04/
2026-08-04,822865,San Francisco Giants @ Texas Rangers,San Francisco Giants,Texas Rangers,0,0,0,No clear pitching-plan edge,2,1,0,3.6,San Francisco Giants,4.3,4,-0.3,Texas Rangers,3.8,5,1.2,0,3,7.36,1,3,9,/mlb/giants-vs-rangers-prediction-odds-2026-08-04/
2026-08-04,823432,Washington Nationals @ Philadelphia Phillies,Philadelphia Phillies,Philadelphia Phillies,1,1,1,Philadelphia Phillies,10,1,0,27,Washington Nationals,2.3,0,-2.3,Philadelphia Phillies,4.7,5,0.3,0,4,4.7,0,0,0,/mlb/nationals-vs-phillies-prediction-odds-2026-08-04/
2026-08-04,824403,New York Mets @ Cleveland Guardians,New York Mets,New York Mets,1,1,0,No clear pitching-plan edge,0,0,3.6,3,New York Mets,3.6,6,2.4,Cleveland Guardians,4.6,2,-2.6,0,0,0,0,1,2.25,/mlb/mets-vs-guardians-prediction-odds-2026-08-04/
2026-08-05,824158,Toronto Blue Jays @ Houston Astros,Houston Astros,Toronto Blue Jays,0,0,,Houston Astros,17,1,4.5,6.75,Toronto Blue Jays,,,,Houston Astros,,,,1,0,0,0,1,2.25,/mlb/blue-jays-vs-astros-prediction-odds-2026-08-05/
2026-08-05,824482,Athletics @ Cincinnati Reds,Cincinnati Reds,Cincinnati Reds,1,1,,Cincinnati Reds,5,1,3,3.6,Athletics,,,,Cincinnati Reds,,,,1,1,3,0,0,0,/mlb/athletics-vs-reds-prediction-odds-2026-08-05/
2026-08-05,824646,Los Angeles Dodgers @ Chicago Cubs,Chicago Cubs,Chicago Cubs,1,1,1,Chicago Cubs,18,1,1.8,13.5,Los Angeles Dodgers,3,6,3,Chicago Cubs,7.3,7,-0.3,0,1,2.25,0,5,11.25,/mlb/dodgers-vs-cubs-prediction-odds-2026-08-05/
2026-08-05,823753,Pittsburgh Pirates @ Milwaukee Brewers,Milwaukee Brewers,Milwaukee Brewers,1,1,0,Milwaukee Brewers,6,1,0,5.4,Pittsburgh Pirates,3.9,2,-1.9,Milwaukee Brewers,3.1,4,0.9,1,1,3,0,2,4.5,/mlb/pirates-vs-brewers-prediction-odds-2026-08-05/
2026-08-05,824402,New York Mets @ Cleveland Guardians,New York Mets,New York Mets,1,1,1,No clear pitching-plan edge,2,1,4.76,5.4,New York Mets,3.9,6,,Cleveland Guardians,3.2,5,,0,0,0,1,0,0,/mlb/mets-vs-guardians-prediction-odds-2026-08-05/
2026-08-05,824728,Chicago White Sox @ Boston Red Sox,Boston Red Sox,Boston Red Sox,1,1,,No clear pitching-plan edge,1,0,4.15,0,Chicago White Sox,,,,Boston Red Sox,,,,0,1,2.45,0,0,0,/mlb/white-sox-vs-red-sox-prediction-odds-2026-08-05/
2026-08-05,824082,Minnesota Twins @ Kansas City Royals,Kansas City Royals,Kansas City Royals,1,1,0,Kansas City Royals,13,1,1.13,1.8,Minnesota Twins,4.1,1,-3.1,Kansas City Royals,3.9,2,-1.9,0,1,3,0,0,0,/mlb/twins-vs-royals-prediction-odds-2026-08-05/
2026-08-05,825052,San Diego Padres @ Arizona Diamondbacks,San Diego Padres,Arizona Diamondbacks,0,0,0,San Diego Padres,21,0,21.6,0,San Diego Padres,5.1,4,-1.1,Arizona Diamondbacks,3.8,10,6.2,1,2,3.86,0,4,18,/mlb/padres-vs-diamondbacks-prediction-odds-2026-08-05/
2026-08-05,823106,Detroit Tigers @ Seattle Mariners,Detroit Tigers,Seattle Mariners,0,0,0,Seattle Mariners,9,1,0,0,Detroit Tigers,5.6,2,-3.6,Seattle Mariners,2.9,4,1.1,0,4,8.31,0,2,9,/mlb/tigers-vs-mariners-prediction-odds-2026-08-05/
2026-08-05,824322,Tampa Bay Rays @ Colorado Rockies,Tampa Bay Rays,Tampa Bay Rays,1,1,1,Tampa Bay Rays,18,1,0,5.4,Tampa Bay Rays,3.9,4,0.1,Colorado Rockies,3.9,0,-3.9,1,0,0,0,1,2.25,/mlb/rays-vs-rockies-prediction-odds-2026-08-05/
2026-08-05,822866,San Francisco Giants @ Texas Rangers,Texas Rangers,Texas Rangers,1,1,0,Texas Rangers,20,1,0,10.8,San Francisco Giants,5.1,0,-5.1,Texas Rangers,3.5,6,2.5,0,2,3.86,1,0,0,/mlb/giants-vs-rangers-prediction-odds-2026-08-05/
2026-08-05,824889,Miami Marlins @ Atlanta Braves,Atlanta Braves,Atlanta Braves,1,1,,No clear pitching-plan edge,3,0,7.2,1.29,Miami Marlins,,,,Atlanta Braves,,,,0,0,0,0,0,0,/mlb/marlins-vs-braves-prediction-odds-2026-08-05/
2026-08-05,823429,Washington Nationals @ Philadelphia Phillies,Philadelphia Phillies,Washington Nationals,0,0,0,Washington Nationals,11,0,3.38,2.25,Washington Nationals,3.2,10,,Philadelphia Phillies,5.1,4,,0,1,1.59,0,7,9,/mlb/nationals-vs-phillies-prediction-odds-2026-08-05/
2026-08-05,824806,Los Angeles Angels @ Baltimore Orioles,Baltimore Orioles,Baltimore Orioles,1,1,1,Los Angeles Angels,6,0,6.75,3,Los Angeles Angels,3.3,2,-1.3,Baltimore Orioles,4.6,5,0.4,0,2,4.5,0,0,0,/mlb/angels-vs-orioles-prediction-odds-2026-08-05/
2026-08-05,823516,St. Louis Cardinals @ New York Yankees,New York Yankees,St. Louis Cardinals,0,0,0,St. Louis Cardinals,6,1,1.69,5.06,St. Louis Cardinals,2.1,3,0.9,New York Yankees,3,1,-2,1,0,0,1,0,0,/mlb/cardinals-vs-yankees-prediction-odds-2026-08-05/
2026-08-06,824729,Chicago White Sox @ Boston Red Sox,Boston Red Sox,Boston Red Sox,1,1,,Boston Red Sox,19,1,9,11.25,Chicago White Sox,,,,Boston Red Sox,,,,0,3,3.24,0,3,2.7,/mlb/white-sox-vs-red-sox-prediction-odds-2026-08-06/
2026-08-06,823754,Pittsburgh Pirates @ Milwaukee Brewers,Milwaukee Brewers,Milwaukee Brewers,1,1,1,Pittsburgh Pirates,8,0,7.2,3,Pittsburgh Pirates,3.3,2,-1.3,Milwaukee Brewers,3.5,5,1.5,1,1,3,0,0,0,/mlb/pirates-vs-brewers-prediction-odds-2026-08-06/
2026-08-06,824885,Miami Marlins @ Atlanta Braves,Atlanta Braves,Atlanta Braves,1,1,,Atlanta Braves,13,1,0,6,Miami Marlins,,,,Atlanta Braves,,,,0,6,10.8,0,3,4.5,/mlb/marlins-vs-braves-prediction-odds-2026-08-06/
2026-08-06,824664,Toronto Blue Jays @ Chicago Cubs,Chicago Cubs,Chicago Cubs,1,1,1,Toronto Blue Jays,36,1,0,1.8,Toronto Blue Jays,3.4,2,,Chicago Cubs,4,3,,1,2,5.4,0,1,1.5,/mlb/blue-jays-vs-cubs-prediction-odds-2026-08-06/
2026-08-06,823430,Washington Nationals @ Philadelphia Phillies,Philadelphia Phillies,Philadelphia Phillies,1,1,1,Philadelphia Phillies,33,1,3.6,10.8,Washington Nationals,3.2,3,-0.2,Philadelphia Phillies,5.2,7,1.8,0,1,3,1,1,2.25,/mlb/nationals-vs-phillies-prediction-odds-2026-08-06/
2026-08-06,824080,Minnesota Twins @ Kansas City Royals,Kansas City Royals,Minnesota Twins,0,0,0,Kansas City Royals,11,1,1.59,4.5,Minnesota Twins,2.9,4,1.1,Kansas City Royals,3.3,3,-0.3,0,0,0,0,3,8.1,/mlb/twins-vs-royals-prediction-odds-2026-08-06/
2026-08-06,824401,New York Mets @ Cleveland Guardians,New York Mets,New York Mets,1,1,0,No clear pitching-plan edge,2,0,11.25,9,New York Mets,2.8,13,10.2,Cleveland Guardians,3.9,6,2.1,0,1,2.25,1,8,14.4,/mlb/mets-vs-guardians-prediction-odds-2026-08-06/
2026-08-06,825053,San Diego Padres @ Arizona Diamondbacks,Arizona Diamondbacks,San Diego Padres,0,0,1,No clear pitching-plan edge,2,1,2.25,7.36,San Diego Padres,5.5,5,-0.5,Arizona Diamondbacks,5,1,-4,1,0,0,0,2,3.38,/mlb/padres-vs-diamondbacks-prediction-odds-2026-08-06/
2026-08-06,823105,Detroit Tigers @ Seattle Mariners,Seattle Mariners,Detroit Tigers,0,0,1,Seattle Mariners,19,0,7.2,0,Detroit Tigers,4.8,11,6.2,Seattle Mariners,3.3,0,-3.3,0,0,0,0,6,13.5,/mlb/tigers-vs-mariners-prediction-odds-2026-08-06/
2026-08-07,824727,Athletics @ Boston Red Sox,Boston Red Sox,Boston Red Sox,1,1,,Boston Red Sox,28,1,1.5,15,Athletics,,,,Boston Red Sox,,,,0,6,10.8,1,0,0,/mlb/athletics-vs-red-sox-prediction-odds-2026-08-07/
2026-08-07,823750,Minnesota Twins @ Milwaukee Brewers,Milwaukee Brewers,Minnesota Twins,0,0,,Milwaukee Brewers,15,0,10.8,5.4,Minnesota Twins,,,,Milwaukee Brewers,,,,0,0,0,1,2,4.5,/mlb/twins-vs-brewers-prediction-odds-2026-08-07/
2026-08-07,823191,Detroit Tigers @ San Francisco Giants,Detroit Tigers,San Francisco Giants,0,0,0,Detroit Tigers,13,1,7.5,9,Detroit Tigers,4.6,2,-2.6,San Francisco Giants,3,5,2,0,0,0,0,1,1.13,/mlb/tigers-vs-giants-prediction-odds-2026-08-07/
2026-08-07,824081,Chicago Cubs @ Kansas City Royals,Chicago Cubs,Chicago Cubs,1,1,,Kansas City Royals,9,0,21.6,2.57,Chicago Cubs,,,,Kansas City Royals,,,,1,2,9,0,2,2.45,/mlb/cubs-vs-royals-prediction-odds-2026-08-07/
2026-08-07,823428,Toronto Blue Jays @ Philadelphia Phillies,Philadelphia Phillies,Toronto Blue Jays,0,0,,Philadelphia Phillies,17,0,6.75,1.93,Toronto Blue Jays,,,,Philadelphia Phillies,,,,1,1,2.08,1,1,2.45,/mlb/blue-jays-vs-phillies-prediction-odds-2026-08-07/
2026-08-07,823349,New York Mets @ Pittsburgh Pirates,New York Mets,New York Mets,1,1,1,New York Mets,7,1,0,15,New York Mets,2.6,6,3.4,Pittsburgh Pirates,2.4,4,1.6,0,4,9,0,1,1.5,/mlb/mets-vs-pirates-prediction-odds-2026-08-07/
2026-08-07,824566,Cleveland Guardians @ Chicago White Sox,Chicago White Sox,Cleveland Guardians,0,0,1,Cleveland Guardians,34,1,2.57,54,Cleveland Guardians,4.9,8,3.1,Chicago White Sox,3.5,2,-1.5,1,0,0,1,6,6.23,/mlb/guardians-vs-white-sox-prediction-odds-2026-08-07/
2026-08-07,823024,Colorado Rockies @ St. Louis Cardinals,St. Louis Cardinals,St. Louis Cardinals,1,1,0,St. Louis Cardinals,18,1,3.6,5.06,Colorado Rockies,3.5,2,-1.5,St. Louis Cardinals,3,3,0,0,0,0,0,0,0,/mlb/rockies-vs-cardinals-prediction-odds-2026-08-07/
2026-08-07,823836,Los Angeles Angels @ Miami Marlins,Miami Marlins,Los Angeles Angels,0,0,,Los Angeles Angels,18,1,2.25,2.25,Los Angeles Angels,,,,Miami Marlins,,,,0,2,3.6,0,0,0,/mlb/angels-vs-marlins-prediction-odds-2026-08-07/
2026-08-07,822699,Cincinnati Reds @ Washington Nationals,Cincinnati Reds,Washington Nationals,0,0,0,Washington Nationals,12,1,4.5,10.8,Cincinnati Reds,4.2,3,-1.2,Washington Nationals,3.7,5,1.3,0,2,2.84,0,0,0,/mlb/reds-vs-nationals-prediction-odds-2026-08-07/
2026-08-07,825051,Los Angeles Dodgers @ Arizona Diamondbacks,Arizona Diamondbacks,Arizona Diamondbacks,1,1,1,Los Angeles Dodgers,9,0,3,1.59,Los Angeles Dodgers,5.1,3,-2.1,Arizona Diamondbacks,6.1,4,-2.1,1,2,7.71,0,2,5.4,/mlb/dodgers-vs-diamondbacks-prediction-odds-2026-08-07/
2026-08-07,823515,Atlanta Braves @ New York Yankees,New York Yankees,New York Yankees,1,1,0,New York Yankees,22,1,0,0,Atlanta Braves,4,2,,New York Yankees,2.2,3,,0,2,4.91,0,2,4.91,/mlb/braves-vs-yankees-prediction-odds-2026-08-07/
2026-08-07,823266,Houston Astros @ San Diego Padres,San Diego Padres,Houston Astros,0,0,1,San Diego Padres,28,0,7.2,5.79,Houston Astros,4.9,6,1.1,San Diego Padres,4.5,3,-1.5,0,0,0,1,2,4.5,/mlb/astros-vs-padres-prediction-odds-2026-08-07/
2026-08-07,823103,Tampa Bay Rays @ Seattle Mariners,Tampa Bay Rays,Tampa Bay Rays,1,1,1,No clear pitching-plan edge,1,0,2.7,0,Tampa Bay Rays,3.6,2,-1.6,Seattle Mariners,2.3,1,-1.3,1,1,4.5,0,0,0,/mlb/rays-vs-mariners-prediction-odds-2026-08-07/
2026-08-07,822863,Baltimore Orioles @ Texas Rangers,Baltimore Orioles,Texas Rangers,0,0,0,Texas Rangers,4,1,1.69,2.25,Baltimore Orioles,5.8,1,-4.8,Texas Rangers,4.4,2,-2.4,,,,1,0,0,/mlb/orioles-vs-rangers-prediction-odds-2026-08-07/
